agent_id,reputation_share,optimization_weight,contribution_share,surplus_share,bid,payment,seed,dimension,poison_ratio,target,initialization,initialization_replicate,evaluator,update_rate,update_policy,coalition_mode,controlled_coalition_size,controlled_poison_count,payment_contribution_source,payment_fallback_reason
15,1.0,0.5259635003751094,1.0,1.0,1.06,10.0,0,2,0.3,0.0,uniform,0,trimmed,0.5,fixed,controlled,5,1,eval,
15,3.697449648706734e-05,0.21885662006761547,0.5155070712033829,0.30931903252062454,1.06,2.2663442268304355,0,2,0.3,0.0,uniform,0,trimmed,0.5,guarded,controlled,5,1,eval,
1,0.14984511474643689,0.19461181823453363,0.097005829314918,0.11814154348752556,1.22,1.6807520196013497,0,2,0.3,0.0,uniform,0,trimmed,0.5,guarded,controlled,5,1,eval,
2,0.4737265966771876,0.1938259590803027,0.09144830104840139,0.24435961929991587,1.3800000000000001,2.333002515269672,0,2,0.3,0.0,uniform,0,trimmed,0.5,guarded,controlled,5,1,eval,
3,0.231964695539853,0.1928854951663302,0.06174338080895698,0.1298319067013154,1.1400000000000001,1.64634443613513,0,2,0.3,0.0,uniform,0,trimmed,0.5,guarded,controlled,5,1,eval,
4,0.14442661854003544,0.199820107451218,0.2342954176243407,0.19834789799061858,1.3,2.0735568021634125,0,2,0.3,0.0,uniform,0,trimmed,0.5,guarded,controlled,5,1,eval,
4,1.0,0.30829611775598154,1.0,1.0,1.3,10.0,1,2,0.3,0.0,uniform,0,trimmed,0.5,fixed,controlled,5,1,opt_fallback,no_positive_eval_contribution
15,1.8712935268155107e-05,0.18167813411465344,0.40121533546312105,0.24073668645197988,1.06,1.9988730771627214,1,2,0.3,0.0,uniform,0,trimmed,0.5,guarded,controlled,5,1,eval,
1,0.03626475100456905,0.1359503016969348,0.026388068275600276,0.030338741367187786,1.22,1.3383210913320323,1,2,0.3,0.0,uniform,0,trimmed,0.5,guarded,controlled,5,1,eval,
2,0.18851922852153685,0.14330316615341054,0.01844365177151198,0.08647388247152193,1.3800000000000001,1.7172481416389356,1,2,0.3,0.0,uniform,0,trimmed,0.5,guarded,controlled,5,1,eval,
3,0.5790433706179482,0.16351966314369473,0.11015424369478104,0.2977098944640479,1.1400000000000001,2.3010685884097866,1,2,0.3,0.0,uniform,0,trimmed,0.5,guarded,controlled,5,1,eval,
4,0.19615393692067778,0.3755487348913065,0.44379870079498573,0.3447407952452626,1.3,2.644489101456524,1,2,0.3,0.0,uniform,0,trimmed,0.5,guarded,controlled,5,1,eval,
3,0.15871898957559782,0.009763809933835719,0.5039907067115915,0.36588201985719404,1.1400000000000001,3.906068070120387,3,2,0.3,0.0,uniform,0,trimmed,0.5,fixed,controlled,5,1,opt_fallback,no_positive_eval_contribution
4,0.8412810104244021,0.04411899258797472,0.4960092932884084,0.6341179801428058,1.3,6.093931929879612,3,2,0.3,0.0,uniform,0,trimmed,0.5,fixed,controlled,5,1,opt_fallback,no_positive_eval_contribution
15,2.4604830072181726e-05,0.1444769480617607,0.03350655748022547,0.020113776420164157,1.06,1.1629825352712406,3,2,0.3,0.0,uniform,0,trimmed,0.5,guarded,controlled,5,1,eval,
2,0.13400945344836024,0.4003276908626697,0.6144192046380175,0.4222553041621546,1.3800000000000001,3.541947157310231,3,2,0.3,0.0,uniform,0,trimmed,0.5,guarded,controlled,5,1,eval,
3,0.13744523927692825,0.17157036107556944,0.07856586991488233,0.1021176176597007,1.1400000000000001,1.6628422024176677,3,2,0.3,0.0,uniform,0,trimmed,0.5,guarded,controlled,5,1,eval,
4,0.7285207024446393,0.1418125,0.2735083679668747,0.45551330175798055,1.3,3.63222810500086,3,2,0.3,0.0,uniform,0,trimmed,0.5,guarded,controlled,5,1,eval,
15,6.573631677989246e-05,0.3428104139416283,0.3459693755714984,0.20760791986961102,1.06,2.139561183321977,4,2,0.3,0.0,uniform,0,trimmed,0.5,fixed,controlled,5,1,eval,
1,0.3138909172641188,0.30731231045926727,0.309593959373771,0.3113127425299101,1.22,2.838826261155532,4,2,0.3,0.0,uniform,0,trimmed,0.5,fixed,controlled,5,1,eval,
2,0.4642946244190987,0.33364975809523195,0.3359595856435786,0.38729360115378664,1.3800000000000001,3.39392672599969,4,2,0.3,0.0,uniform,0,trimmed,0.5,fixed,controlled,5,1,eval,
3,0.2217487220000026,0.012227503605778683,0.00847707941115198,0.09378573644669223,1.1400000000000001,1.6276858295227996,4,2,0.3,0.0,uniform,0,trimmed,0.5,fixed,controlled,5,1,eval,
15,4.3845710194547666e-05,0.2,0.35997867699035774,0.21600474447829246,1.06,1.9024185034653405,4,2,0.3,0.0,uniform,0,trimmed,0.5,guarded,controlled,5,1,eval,
1,0.20936326927390417,0.2,0.4014123826086507,0.3245927372747521,1.22,2.4859116753715327,4,2,0.3,0.0,uniform,0,trimmed,0.5,guarded,controlled,5,1,eval,
2,0.30968159678506796,0.2,0.10455621688288257,0.18660636884375673,1.3800000000000001,2.107764838490651,4,2,0.3,0.0,uniform,0,trimmed,0.5,guarded,controlled,5,1,eval,
3,0.14790500406918805,0.2,0.06710377650743717,0.09942426753213751,1.1400000000000001,1.5277546433753364,4,2,0.3,0.0,uniform,0,trimmed,0.5,guarded,controlled,5,1,eval,
4,0.3330062841616452,0.2,0.06694894701067183,0.17337188187106117,1.3,1.9761503392971385,4,2,0.3,0.0,uniform,0,trimmed,0.5,guarded,controlled,5,1,eval,
2,1.0,0.10200000000000001,1.0,1.0,1.3800000000000001,10.0,5,2,0.3,0.0,uniform,0,trimmed,0.5,fixed,controlled,5,1,opt_fallback,no_positive_eval_contribution
3,1.0,0.2,1.0,1.0,1.1400000000000001,10.0,5,2,0.3,0.0,uniform,0,trimmed,0.5,guarded,controlled,5,1,eval,
3,1.0,0.3974725085818963,1.0,1.0,1.1400000000000001,10.0,6,2,0.3,0.0,uniform,0,trimmed,0.5,fixed,controlled,5,1,opt_fallback,no_positive_eval_contribution
15,1.7531970869868338e-05,0.15100000000000002,0.005015607817037556,0.0030163774785704808,1.06,1.0717638721664249,6,2,0.3,0.0,uniform,0,trimmed,0.5,guarded,controlled,5,1,eval,
1,0.06596544496746644,0.15100000000000002,0.06266882737311263,0.06398747441085416,1.22,1.469551150202331,6,2,0.3,0.0,uniform,0,trimmed,0.5,guarded,controlled,5,1,eval,
2,0.2104490459798888,0.15100000000000002,0.029986886534327493,0.10217175031255203,1.3800000000000001,1.778469826218953,6,2,0.3,0.0,uniform,0,trimmed,0.5,guarded,controlled,5,1,eval,
3,0.4360783805935065,0.396,0.6505499735576641,0.5647613363720011,1.1400000000000001,3.342569211850804,6,2,0.3,0.0,uniform,0,trimmed,0.5,guarded,controlled,5,1,eval,
4,0.2874895964882684,0.15100000000000002,0.25177870471785824,0.2660630614260223,1.3,2.337645939561487,6,2,0.3,0.0,uniform,0,trimmed,0.5,guarded,controlled,5,1,eval,
15,0.0002705713193371057,0.15581671160149987,0.17941532909199182,0.10775742598292994,1.06,1.8918873285882192,7,2,0.3,0.0,uniform,0,trimmed,0.5,fixed,controlled,5,1,opt_fallback,no_positive_eval_contribution
1,0.999729428680663,0.09209290697709742,0.8205846709080082,0.8922425740170701,1.22,8.108112671411781,7,2,0.3,0.0,uniform,0,trimmed,0.5,fixed,controlled,5,1,opt_fallback,no_positive_eval_contribution
15,5.1997864188056995e-05,0.20380061119968904,0.276804550895467,0.16610352968295541,1.06,1.707803765763526,7,2,0.3,0.0,uniform,0,trimmed,0.5,guarded,controlled,5,1,eval,
1,0.1921260360658335,0.20252639588712446,0.25518257043261733,0.2299599566859038,1.22,2.1168438310750246,7,2,0.3,0.0,uniform,0,trimmed,0.5,guarded,controlled,5,1,eval,
2,0.177482230602197,0.198302688780124,0.16586689339338273,0.17051302827690845,1.3800000000000001,2.045000810279943,7,2,0.3,0.0,uniform,0,trimmed,0.5,guarded,controlled,5,1,eval,
3,0.34317242462192676,0.19766546887176664,0.15012129876980793,0.22734174911065547,1.1400000000000001,2.0266328215315563,7,2,0.3,0.0,uniform,0,trimmed,0.5,guarded,controlled,5,1,eval,
4,0.2871673108458547,0.19770483526129587,0.15202468650872503,0.2060817362435769,1.3,2.10371877134995,7,2,0.3,0.0,uniform,0,trimmed,0.5,guarded,controlled,5,1,eval,
15,1.1650676905008064e-05,0.19751428545746516,0.16737726647731496,0.10043102015715097,1.06,1.4516809786128888,8,2,0.3,0.0,uniform,0,trimmed,0.5,guarded,controlled,5,1,eval,
1,0.5648165438065023,0.19129632333607477,0.03799220592448591,0.24872194107729245,1.22,2.1900155702014406,8,2,0.3,0.0,uniform,0,trimmed,0.5,guarded,controlled,5,1,eval,
2,0.1102554407322739,0.20399905029064258,0.00609429833792663,0.04775875529566554,1.3800000000000001,1.5662591456530957,8,2,0.3,0.0,uniform,0,trimmed,0.5,guarded,controlled,5,1,eval,
3,0.2866941924525916,0.20589549708275864,0.47882413808354235,0.401972159831162,1.1400000000000001,2.707691423341532,8,2,0.3,0.0,uniform,0,trimmed,0.5,guarded,controlled,5,1,eval,
4,0.03822217233172724,0.20129484383305887,0.3097120911767302,0.20111612363872902,1.3,2.084352882191043,8,2,0.3,0.0,uniform,0,trimmed,0.5,guarded,controlled,5,1,eval,
15,4.8509696297837137e-05,0.011412636078994252,0.18052327252915518,0.10833336739601224,1.06,1.6320001798509445,10,2,0.3,0.0,uniform,0,trimmed,0.5,fixed,controlled,5,1,opt_fallback,no_positive_eval_contribution
1,0.26577505210603297,0.015385784665352358,0.0512200794565341,0.13704206851633366,1.22,1.9435821217662417,10,2,0.3,0.0,uniform,0,trimmed,0.5,fixed,controlled,5,1,opt_fallback,no_positive_eval_contribution
3,0.14026729079346908,0.5258271614114712,0.6590706396797831,0.45154930012525746,1.1400000000000001,3.524180304661359,10,2,0.3,0.0,uniform,0,trimmed,0.5,fixed,controlled,5,1,opt_fallback,no_positive_eval_contribution
4,0.5939091474042,0.10625182161482949,0.10918600833452766,0.3030752639623966,1.3,2.900237393721454,10,2,0.3,0.0,uniform,0,trimmed,0.5,fixed,controlled,5,1,opt_fallback,no_positive_eval_contribution
2,1.0,0.10761934943617703,1.0,1.0,1.3800000000000001,10.0,10,2,0.3,0.0,uniform,0,trimmed,0.5,guarded,controlled,5,1,eval,
2,0.4312293385411525,0.2652966693202064,0.26138747177810356,0.32932421848332316,1.3800000000000001,3.415223670226937,11,2,0.3,0.0,uniform,0,trimmed,0.5,fixed,controlled,5,1,opt_fallback,no_positive_eval_contribution
3,0.43442969334477916,0.05036233800748039,0.3681625016309734,0.39466937831649573,1.1400000000000001,3.579056757995944,11,2,0.3,0.0,uniform,0,trimmed,0.5,fixed,controlled,5,1,opt_fallback,no_positive_eval_contribution
4,0.13434096811406845,0.34388998508132596,0.37045002659092313,0.27600640320018127,1.3,3.00571957177712,11,2,0.3,0.0,uniform,0,trimmed,0.5,fixed,controlled,5,1,opt_fallback,no_positive_eval_contribution
15,2.0915473112553886e-05,0.17568374602558567,0.12265862042565458,0.07360353844463777,1.06,1.3470537999340872,11,2,0.3,0.0,uniform,0,trimmed,0.5,guarded,controlled,5,1,eval,
1,0.2783186153922114,0.21226088509944005,0.30643944297020254,0.2951911119390061,1.22,2.3712453365621236,11,2,0.3,0.0,uniform,0,trimmed,0.5,guarded,controlled,5,1,eval,
2,0.3112011667562441,0.20720734839797594,0.05511321768771476,0.1575483973151265,1.3800000000000001,1.9944387495289932,11,2,0.3,0.0,uniform,0,trimmed,0.5,guarded,controlled,5,1,eval,
3,0.31351073630522674,0.199793855111205,0.24232538135788995,0.27079952333682467,1.1400000000000001,2.196118141013616,11,2,0.3,0.0,uniform,0,trimmed,0.5,guarded,controlled,5,1,eval,
4,0.09694856607320518,0.20505416536579346,0.27346333755853824,0.202857428964405,1.3,2.0911439729611794,11,2,0.3,0.0,uniform,0,trimmed,0.5,guarded,controlled,5,1,eval,
15,3.383930563783968e-05,0.00782282457773533,0.19645033763078706,0.11788373830072738,1.06,1.8073829008266116,12,2,0.3,0.0,uniform,0,trimmed,0.5,fixed,controlled,5,1,opt_fallback,no_positive_eval_contribution
1,0.9303303080739512,0.005693052751554145,0.14695894340293694,0.4603074892713427,1.22,4.138349481980312,12,2,0.3,0.0,uniform,0,trimmed,0.5,fixed,controlled,5,1,opt_fallback,no_positive_eval_contribution
2,0.06963585262041094,0.07348047784705375,0.656590718966276,0.4218087724279299,1.3800000000000001,4.054267617193076,12,2,0.3,0.0,uniform,0,trimmed,0.5,fixed,controlled,5,1,opt_fallback,no_positive_eval_contribution
15,2.3715650421973248e-05,0.13419789072560576,0.012605230886884772,0.007572624792299653,1.06,1.0895332366899686,12,2,0.3,0.0,uniform,0,trimmed,0.5,guarded,controlled,5,1,eval,
1,0.6520047603629564,0.13355276718078113,0.015689634444044278,0.2702156848116091,1.22,2.2738411707652757,12,2,0.3,0.0,uniform,0,trimmed,0.5,guarded,controlled,5,1,eval,
2,0.048802997178967696,0.13413271685540715,0.007901744537896363,0.024262245594324897,1.3800000000000001,1.4746227578178672,12,2,0.3,0.0,uniform,0,trimmed,0.5,guarded,controlled,5,1,eval,
3,0.16071962719525115,0.2235944031641247,0.6607476491660952,0.4607364403777576,1.1400000000000001,2.9368721174732544,12,2,0.3,0.0,uniform,0,trimmed,0.5,guarded,controlled,5,1,eval,
4,0.1384488996124028,0.37452222207408126,0.30305574096507937,0.23721300442400875,1.3,2.2251307172536343,12,2,0.3,0.0,uniform,0,trimmed,0.5,guarded,controlled,5,1,eval,
15,2.291332380835261e-05,0.9000649136642785,0.9142662544763104,0.5485689180153095,1.06,3.1994187802597067,13,2,0.3,0.0,uniform,0,trimmed,0.5,fixed,controlled,5,1,eval,
1,0.18405664842243658,0.004251081104270357,0.0002919116171436881,0.07379780633926085,1.22,1.5078114447231172,13,2,0.3,0.0,uniform,0,trimmed,0.5,fixed,controlled,5,1,eval,
2,0.3710090607811708,0.0044283682778604545,0.00046789872689855937,0.14868436354860745,1.3800000000000001,1.9598690178395692,13,2,0.3,0.0,uniform,0,trimmed,0.5,fixed,controlled,5,1,eval,
3,0.19717801832772477,0.053101073236470314,0.05015948601520146,0.10896689894021079,1.1400000000000001,1.5649709058668222,13,2,0.3,0.0,uniform,0,trimmed,0.5,fixed,controlled,5,1,eval,
4,0.2477333591448595,0.03815456371712049,0.034814449164445836,0.1199820131566113,1.3,1.7679298513107842,13,2,0.3,0.0,uniform,0,trimmed,0.5,fixed,controlled,5,1,eval,
15,3.0459045455353234e-05,0.2,0.30488443123471787,0.18294284235901287,1.06,2.011302780266867,13,2,0.3,0.0,uniform,0,trimmed,0.5,guarded,controlled,5,1,eval,
1,0.24466942760243873,0.2,0.3264132272773187,0.29371570740736674,1.22,2.7473216785183068,13,2,0.3,0.0,uniform,0,trimmed,0.5,guarded,controlled,5,1,eval,
2,0.4931882402221446,0.2,0.36123984826006994,0.4140192050448998,1.3800000000000001,3.532899866233479,13,2,0.3,0.0,uniform,0,trimmed,0.5,guarded,controlled,5,1,eval,
3,0.2621118731299613,0.2,0.0074624932278936065,0.10932224518872069,1.1400000000000001,1.7084756749813477,13,2,0.3,0.0,uniform,0,trimmed,0.5,guarded,controlled,5,1,eval,
2,0.32305188657389217,0.09213748059091052,0.02501840946364694,0.14423180030774505,1.3800000000000001,2.435776778252694,14,2,0.3,0.0,uniform,0,trimmed,0.5,fixed,controlled,5,1,opt_fallback,no_positive_eval_contribution
4,0.6769481134261078,0.6301553193477865,0.974981590536353,0.8557681996922548,1.3,7.564223221747305,14,2,0.3,0.0,uniform,0,trimmed,0.5,fixed,controlled,5,1,opt_fallback,no_positive_eval_contribution
15,4.7605674425288e-05,0.15100000000000002,0.3628546679422374,0.21773184303511256,1.06,2.174787036339776,14,2,0.3,0.0,uniform,0,trimmed,0.5,guarded,controlled,5,1,eval,
2,0.11845078024728416,0.15100000000000002,0.45068584832043157,0.31779182109117254,1.3800000000000001,3.0070941239868034,14,2,0.3,0.0,uniform,0,trimmed,0.5,guarded,controlled,5,1,eval,
3,0.6332906128281596,0.15100000000000002,0.13743502632725485,0.3357772609276167,1.1400000000000001,2.8591795759493976,14,2,0.3,0.0,uniform,0,trimmed,0.5,guarded,controlled,5,1,eval,
4,0.24821100125013087,0.396,0.049024457410076,0.12869907494609795,1.3,1.9589392637240213,14,2,0.3,0.0,uniform,0,trimmed,0.5,guarded,controlled,5,1,eval,
1,1.0,0.9835016168481157,1.0,1.0,1.22,10.0,15,2,0.3,0.0,uniform,0,trimmed,0.5,fixed,controlled,5,1,eval,
15,1.6393653359256187e-05,0.04152976913118831,0.032245192723922275,0.019353673095697067,1.06,1.1354793250732187,15,2,0.3,0.0,uniform,0,trimmed,0.5,guarded,controlled,5,1,eval,
1,0.37029495637411625,0.4589087532178092,0.3949951596794084,0.38511507835729153,1.22,2.7219488055934367,15,2,0.3,0.0,uniform,0,trimmed,0.5,guarded,controlled,5,1,eval,
2,0.09661245520439424,0.049892080689424446,0.04467365484708089,0.06544917499000623,1.3800000000000001,1.6352517824610244,15,2,0.3,0.0,uniform,0,trimmed,0.5,guarded,controlled,5,1,eval,
3,0.43423056371511676,0.4014868255042573,0.33060262238673704,0.37205379891808893,1.1400000000000001,2.591009815780547,15,2,0.3,0.0,uniform,0,trimmed,0.5,guarded,controlled,5,1,eval,
4,0.09884563105301342,0.04818257145732075,0.1974833703628514,0.15802827463891622,1.3,1.9163102710917732,15,2,0.3,0.0,uniform,0,trimmed,0.5,guarded,controlled,5,1,eval,
1,0.4270899577710043,0.004043427691535923,0.8571143007012345,0.6851045635291424,1.22,6.289773770115653,16,2,0.3,0.0,uniform,0,trimmed,0.5,fixed,controlled,5,1,opt_fallback,no_positive_eval_contribution
2,0.5729100422289957,0.23112686677293814,0.1428856992987655,0.31489543647085755,1.3800000000000001,3.710226229884346,16,2,0.3,0.0,uniform,0,trimmed,0.5,fixed,controlled,5,1,opt_fallback,no_positive_eval_contribution
15,9.44830123365321e-06,0.28978116737367215,0.22349655636406202,0.13410171313893068,1.06,1.5829966812418297,16,2,0.3,0.0,uniform,0,trimmed,0.5,guarded,controlled,5,1,eval,
1,0.33433986372828944,0.25594752957163,0.22830753838682033,0.270720468523408,1.22,2.275809827241291,16,2,0.3,0.0,uniform,0,trimmed,0.5,guarded,controlled,5,1,eval,
2,0.4484925528268071,0.22265166159791083,0.22310238005573196,0.313258449164162,1.3800000000000001,2.6017079517402317,16,2,0.3,0.0,uniform,0,trimmed,0.5,guarded,controlled,5,1,eval,
3,0.16361062039438065,0.14187095717094111,0.1841534918031168,0.17593634323962234,1.1400000000000001,1.8261517386345272,16,2,0.3,0.0,uniform,0,trimmed,0.5,guarded,controlled,5,1,eval,
4,0.05354751474928907,0.089748684285846,0.14094003339026892,0.10598302593387697,1.3,1.7133338011421202,16,2,0.3,0.0,uniform,0,trimmed,0.5,guarded,controlled,5,1,eval,
15,7.854429622496535e-05,0.016250000000000004,0.49812028179087553,0.29890358679301526,1.06,3.391447976985519,17,2,0.3,0.0,uniform,0,trimmed,0.5,fixed,controlled,5,1,opt_fallback,no_positive_eval_contribution
3,0.999921455703775,0.21185446304103278,0.5018797182091245,0.7010964132069847,1.1400000000000001,6.6085520230144805,17,2,0.3,0.0,uniform,0,trimmed,0.5,fixed,controlled,5,1,opt_fallback,no_positive_eval_contribution
2,0.4251382485317983,0.15100000000000002,0.4952877350673106,0.46722794045310573,1.3800000000000001,4.874864994589231,17,2,0.3,0.0,uniform,0,trimmed,0.5,guarded,controlled,5,1,opt_fallback,no_positive_eval_contribution
3,0.5748617514682016,0.33545557017274175,0.5047122649326894,0.5327720595468943,1.1400000000000001,5.125135005410769,17,2,0.3,0.0,uniform,0,trimmed,0.5,guarded,controlled,5,1,opt_fallback,no_positive_eval_contribution
15,5.888061518003546e-05,0.2,0.011369986812269786,0.006845544333433886,1.06,1.0866976229003922,18,2,0.3,0.0,uniform,0,trimmed,0.5,guarded,controlled,5,1,eval,
1,0.12593646768647127,0.2,0.29980878005445644,0.23025985510726235,1.22,2.118013434918323,18,2,0.3,0.0,uniform,0,trimmed,0.5,guarded,controlled,5,1,eval,
2,0.24757861753918503,0.2,0.5415635103101875,0.4239695532017865,1.3800000000000001,3.033481257486967,18,2,0.3,0.0,uniform,0,trimmed,0.5,guarded,controlled,5,1,eval,
3,0.46339271449052866,0.2,0.11142845406904504,0.2522141582376385,1.1400000000000001,2.12363521712679,18,2,0.3,0.0,uniform,0,trimmed,0.5,guarded,controlled,5,1,eval,
4,0.16303331966863496,0.2,0.035829268754041396,0.08671088911987881,1.3,1.6381724675675273,18,2,0.3,0.0,uniform,0,trimmed,0.5,guarded,controlled,5,1,eval,
15,0.0004697801056339575,0.10200000000000001,0.2341130734993511,0.14065575614186424,1.06,2.1458624374151922,19,2,0.3,0.0,uniform,0,trimmed,0.5,fixed,controlled,5,1,opt_fallback,no_positive_eval_contribution
1,0.999530219894366,0.14255036561204487,0.7658869265006489,0.8593442438581358,1.22,7.854137562584808,19,2,0.3,0.0,uniform,0,trimmed,0.5,fixed,controlled,5,1,opt_fallback,no_positive_eval_contribution
1,0.10487823017277922,0.2,0.08275584818784666,0.0916048009818197,1.22,1.6743598128698256,19,2,0.3,0.0,uniform,0,trimmed,0.5,guarded,controlled,5,1,eval,
2,0.09261501846837543,0.2,0.4625999010952356,0.3146059480444915,1.3800000000000001,2.940445502300678,19,2,0.3,0.0,uniform,0,trimmed,0.5,guarded,controlled,5,1,eval,
3,0.3529499508794667,0.2,0.15807080795670742,0.2360224651258111,1.1400000000000001,2.3106714270240234,19,2,0.3,0.0,uniform,0,trimmed,0.5,guarded,controlled,5,1,eval,
4,0.4495568004793787,0.2,0.29657344276021036,0.3577667858478777,1.3,3.074523257805473,19,2,0.3,0.0,uniform,0,trimmed,0.5,guarded,controlled,5,1,eval,
