seed,dimension,poison_ratio,target,initialization,initialization_replicate,evaluator,update_rate,update_policy,coalition_mode,controlled_coalition_size,controlled_poison_count,coalition_round,selected_agent_ids,reputation_weights,final_optimization_weights,final_contribution_weights,final_raw_contribution_weights,rounds_executed,final_accepted_round,converged,stop_reason,final_eta_used,updates_accepted,gate_triggers,final_target_error,final_evaluation_loss,final_delivered_solution_evaluation_loss,final_full_solution_source,final_loo_search_objective,final_consistency_l1,final_raw_consistency_l1,final_solver_audit_status,solver_recovery_attempts,solver_recovery_successes,selected_poison_weight,stage3_requests,contribution_requests,payment_status,payment_contribution_source,payment_fallback_reason,payment_contribution_weights,payment_requests,paid_total,initial_coalition_ids,final_coalition_ids,coalition_rounds_executed,pruning_log
0,2,0.0,0.0,uniform,0,uniform,0.5,guarded,stage1,,,0,"[9, 19, 16]","[0.37783050244682936, 0.3661713185043505, 0.25599817904882005]","[0.3434672953765706, 0.3067509531919865, 0.3497817514314429]","[0.41670328808483553, 0.11560216614561065, 0.46769454576955377]","[0.4184047157328254, 0.11115867293769795, 0.4704366113294767]",20,5,False,max_rounds,0.05,2,17,0.025226067150815094,0.0018774229877938826,0.0018774229877938826,stage3_l_opt,l_opt_current_alpha,0.3822975740927516,0.3911845605085771,not_needed,0,0,0.0,15189,32754,ok,eval,,"[0.4184047157328254, 0.11115867293769795, 0.4704366113294767]",0,10.0,"[9, 19, 16]","[9, 19, 16]",1,"[{""coalition_ids"": [9, 19, 16], ""coalition_round"": 0, ""pruning_candidate_agent_id"": null, ""pruning_candidate_contribution"": null, ""removed_agent_id"": null, ""solver_audit_status"": ""not_needed"", ""stage3a_stop_reason"": ""max_rounds"", ""status"": ""stable""}]"
1,2,0.0,0.0,uniform,0,uniform,0.5,guarded,stage1,,,0,"[12, 3, 16]","[0.47914489677342104, 0.32489874050365897, 0.19595636272291997]","[0.40741466747019306, 0.29890097394945797, 0.293684358580349]","[0.4077384868887406, 0.29875056536180167, 0.2935109477494577]","[0.4092569594102795, 0.29804479458687244, 0.292698246002848]",6,5,True,fixed_point_tolerance,0.5,5,0,0.014579331208975737,0.0018643053869406383,0.0018643053869406383,stage3_l_opt,l_opt_current_alpha,0.0006476388370951769,0.003684583880173009,not_needed,0,0,0.0,1338,6705,ok,eval,,"[0.4092569594102795, 0.29804479458687244, 0.292698246002848]",0,10.0,"[12, 3, 16]","[12, 3, 16]",1,"[{""coalition_ids"": [12, 3, 16], ""coalition_round"": 0, ""pruning_candidate_agent_id"": null, ""pruning_candidate_contribution"": null, ""removed_agent_id"": null, ""solver_audit_status"": ""not_needed"", ""stage3a_stop_reason"": ""fixed_point_tolerance"", ""status"": ""stable""}]"
2,2,0.0,0.0,uniform,0,uniform,0.5,guarded,stage1,,,0,"[8, 10, 20]","[0.37078571947339173, 0.3098345361847824, 0.319379744341826]","[0.5533854706917235, 0.0182508134681591, 0.42836371584011745]","[0.5023951830990946, 0.014344811105022143, 0.48326000579588335]","[0.5058454249310489, 0.007834841263628036, 0.4863197338053232]",20,17,False,max_rounds,0.05,13,6,0.00018353695198486397,0.008319164936741194,0.008319164936741194,stage3_l_opt,l_opt_current_alpha,0.10979257991153177,0.11591203593041138,not_needed,0,0,0.0,14538,29982,ok,eval,,"[0.5058454249310488, 0.007834841263628035, 0.4863197338053231]",0,10.000000000000002,"[8, 10, 20]","[8, 10, 20]",1,"[{""coalition_ids"": [8, 10, 20], ""coalition_round"": 0, ""pruning_candidate_agent_id"": null, ""pruning_candidate_contribution"": null, ""removed_agent_id"": null, ""solver_audit_status"": ""not_needed"", ""stage3a_stop_reason"": ""max_rounds"", ""status"": ""stable""}]"
3,2,0.0,0.0,uniform,0,uniform,0.5,guarded,stage1,,,0,"[4, 1, 16]","[0.4115740775572319, 0.32587384365854005, 0.262552078784228]","[0.389098570351441, 0.19422262924690434, 0.41667880040165467]","[0.3909468391398575, 0.02739979217452298, 0.5816533686856195]","[0.3921226249726437, 0.021156250518220725, 0.5867211245091355]",20,8,False,max_rounds,0.05,4,15,0.003794371765468456,0.014777936041355133,0.014777936041355133,stage3_l_opt,l_opt_current_alpha,0.33364567414476265,0.34613275745736716,not_needed,5,5,0.0,6312,31794,ok,eval,,"[0.3921226249726437, 0.021156250518220725, 0.5867211245091355]",0,10.0,"[4, 1, 16]","[4, 1, 16]",1,"[{""coalition_ids"": [4, 1, 16], ""coalition_round"": 0, ""pruning_candidate_agent_id"": null, ""pruning_candidate_contribution"": null, ""removed_agent_id"": null, ""solver_audit_status"": ""not_needed"", ""stage3a_stop_reason"": ""max_rounds"", ""status"": ""stable""}]"
4,2,0.0,0.0,uniform,0,uniform,0.5,guarded,stage1,,,0,"[10, 8, 20]","[0.4262723871098569, 0.33062692807109606, 0.2431006848190471]","[0.04750065975383924, 0.9049989234472952, 0.047500416798865616]","[0.006702088116322292, 0.9593412484967749, 0.033956663386902786]","[3.614433638329061e-05, 0.9721169202348042, 0.02784693542881236]",20,3,False,max_rounds,0.05,3,16,0.002104821619511502,0.007445134222507477,0.007445134222507477,stage3_l_opt,l_opt_current_alpha,0.10868465009895956,0.13423599357501828,recovered_informative,20,20,0.0,21021,38820,ok,eval,,"[3.614433638329062e-05, 0.9721169202348044, 0.027846935428812367]",0,10.0,"[10, 8, 20]","[10, 8, 20]",1,"[{""coalition_ids"": [10, 8, 20], ""coalition_round"": 0, ""pruning_candidate_agent_id"": null, ""pruning_candidate_contribution"": null, ""removed_agent_id"": null, ""solver_audit_status"": ""recovered_informative"", ""stage3a_stop_reason"": ""max_rounds"", ""status"": ""stable""}]"
5,2,0.0,0.0,uniform,0,uniform,0.5,guarded,stage1,,,1,"[20, 18]","[0.5139200467255628, 0.48607995327443726]","[0.5, 0.5]","[0.0734250197367915, 0.9265749802632085]","[0.06471940789468521, 0.9352805921053148]",20,0,False,max_rounds,0.05,0,19,0.016154373146065215,0.011828691698610783,0.011828691698610783,stage3_l_opt,l_opt_current_alpha,0.853149960526417,0.8705611842106296,not_needed,0,0,0.0,19386,75592,ok,eval,,"[0.06471940789468521, 0.9352805921053148]",0,10.0,"[20, 18, 3]","[20, 18]",2,"[{""coalition_ids"": [20, 18, 3], ""coalition_round"": 0, ""pruning_candidate_agent_id"": 3, ""pruning_candidate_contribution"": -8.11840097109471e-05, ""removed_agent_id"": 3, ""solver_audit_status"": ""recovered_informative"", ""stage3a_stop_reason"": ""max_rounds"", ""status"": ""removed_negative_contributor""}, {""coalition_ids"": [20, 18], ""coalition_round"": 1, ""pruning_candidate_agent_id"": null, ""pruning_candidate_contribution"": null, ""removed_agent_id"": null, ""solver_audit_status"": ""not_needed"", ""stage3a_stop_reason"": ""max_rounds"", ""status"": ""stable""}]"
6,2,0.0,0.0,uniform,0,uniform,0.5,guarded,stage1,,,0,"[18, 19, 3]","[0.3493537306424939, 0.37236512971503266, 0.2782811396424733]","[0.5471498507218026, 0.2268469431417004, 0.22600320613649708]","[0.27644667325092537, 0.361410756850656, 0.3621425698984186]","[0.2752857210043456, 0.3619837654938667, 0.3627305135017877]",20,1,False,max_rounds,0.05,1,18,0.0021054256683335736,0.007810634250442187,0.007810634250442187,stage3_l_opt,l_opt_current_alpha,0.5414063549417543,0.5437282594349139,not_needed,3,3,0.0,13956,34932,ok,eval,,"[0.2752857210043456, 0.3619837654938667, 0.3627305135017877]",0,10.0,"[18, 19, 3]","[18, 19, 3]",1,"[{""coalition_ids"": [18, 19, 3], ""coalition_round"": 0, ""pruning_candidate_agent_id"": null, ""pruning_candidate_contribution"": null, ""removed_agent_id"": null, ""solver_audit_status"": ""not_needed"", ""stage3a_stop_reason"": ""max_rounds"", ""status"": ""stable""}]"
7,2,0.0,0.0,uniform,0,uniform,0.5,guarded,stage1,,,1,"[13, 9]","[0.4787701414821533, 0.5212298585178468]","[0.6793107991772811, 0.3206892008227189]","[0.6796609942198122, 0.3203390057801878]","[0.6833275451222574, 0.31667245487774265]",10,9,True,fixed_point_tolerance,0.5,9,0,0.0026833700345559874,0.0016044341027736664,0.0016044341027736664,stage3_l_opt,l_opt_current_alpha,0.0007003900850621747,0.008033491889952504,recovered_informative,9,9,0.0,8547,20693,ok,eval,,"[0.6833275451222574, 0.31667245487774265]",0,10.0,"[15, 13, 9]","[13, 9]",2,"[{""coalition_ids"": [15, 13, 9], ""coalition_round"": 0, ""pruning_candidate_agent_id"": 15, ""pruning_candidate_contribution"": -0.0011423975229263306, ""removed_agent_id"": 15, ""solver_audit_status"": ""not_needed"", ""stage3a_stop_reason"": ""max_rounds"", ""status"": ""removed_negative_contributor""}, {""coalition_ids"": [13, 9], ""coalition_round"": 1, ""pruning_candidate_agent_id"": null, ""pruning_candidate_contribution"": null, ""removed_agent_id"": null, ""solver_audit_status"": ""recovered_informative"", ""stage3a_stop_reason"": ""fixed_point_tolerance"", ""status"": ""stable""}]"
8,2,0.0,0.0,uniform,0,uniform,0.5,guarded,stage1,,,0,"[1, 18, 9]","[0.4665876591765998, 0.2816303085285814, 0.2517820322948189]","[0.3333333333333333, 0.3333333333333333, 0.3333333333333333]","[0.008441337829030173, 0.09928869455435638, 0.8922699676166135]","[0.0018108889411872508, 0.09451227335478542, 0.9036768377040273]",2,0,False,audited_uninformative,0.5,0,1,0.0017346442926347233,0.0012262606372435887,0.0012262606372435887,stage3_l_opt,l_opt_current_alpha,1.1178732685665604,1.1406870087413878,audited_uninformative,2,1,0.0,2079,4764,ok,eval,,"[0.0018108889411872508, 0.09451227335478542, 0.9036768377040273]",0,10.0,"[1, 18, 9]","[1, 18, 9]",1,"[{""coalition_ids"": [1, 18, 9], ""coalition_round"": 0, ""pruning_candidate_agent_id"": null, ""pruning_candidate_contribution"": null, ""removed_agent_id"": null, ""solver_audit_status"": ""audited_uninformative"", ""stage3a_stop_reason"": ""audited_uninformative"", ""status"": ""stable""}]"
9,2,0.0,0.0,uniform,0,uniform,0.5,guarded,stage1,,,1,"[16, 1]","[0.5309814878496641, 0.4690185121503359]","[0.37997888851605915, 0.6200211114839409]","[0.02091006221925882, 0.9790899377807412]","[0.011132716550264099, 0.9888672834497358]",20,2,False,max_rounds,0.05,1,18,0.014832505813466346,0.0001611802726984024,0.0001611802726984024,stage3_l_opt,l_opt_current_alpha,0.7181376525936005,0.73769234393159,not_needed,0,0,0.0,8235,6646,ok,eval,,"[0.011132716550264099, 0.9888672834497358]",0,10.0,"[16, 8, 1]","[16, 1]",2,"[{""coalition_ids"": [16, 8, 1], ""coalition_round"": 0, ""pruning_candidate_agent_id"": 8, ""pruning_candidate_contribution"": -0.0006760284304618835, ""removed_agent_id"": 8, ""solver_audit_status"": ""audited_uninformative"", ""stage3a_stop_reason"": ""audited_uninformative"", ""status"": ""removed_negative_contributor""}, {""coalition_ids"": [16, 1], ""coalition_round"": 1, ""pruning_candidate_agent_id"": null, ""pruning_candidate_contribution"": null, ""removed_agent_id"": null, ""solver_audit_status"": ""not_needed"", ""stage3a_stop_reason"": ""max_rounds"", ""status"": ""stable""}]"
10,2,0.0,0.0,uniform,0,uniform,0.5,guarded,stage1,,,0,"[18, 8, 14]","[0.3341963286946278, 0.32396449828209883, 0.3418391730232733]","[0.10750719249787041, 0.7653729273448937, 0.1271198801572359]","[0.006666666666666665, 0.9353744170307716, 0.05795891630256157]","[0.0, 0.9476609697592908, 0.05233903024070909]",20,7,False,max_rounds,0.05,4,15,0.007240925381789661,0.00520948941508929,0.00520948941508929,stage3_l_opt,l_opt_current_alpha,0.340002979371756,0.36457608482879433,recovered_informative,19,19,0.0,25182,31824,ok,eval,,"[0.0, 0.947660969759291, 0.05233903024070911]",0,10.0,"[18, 8, 14]","[18, 8, 14]",1,"[{""coalition_ids"": [18, 8, 14], ""coalition_round"": 0, ""pruning_candidate_agent_id"": null, ""pruning_candidate_contribution"": null, ""removed_agent_id"": null, ""solver_audit_status"": ""recovered_informative"", ""stage3a_stop_reason"": ""max_rounds"", ""status"": ""stable""}]"
11,2,0.0,0.0,uniform,0,uniform,0.5,guarded,stage1,,,0,"[20, 8, 17]","[0.48645784400931996, 0.277733020137071, 0.23580913585360905]","[0.9863475754695024, 0.006826171875, 0.00682625265549771]","[0.9866666666666667, 0.006666666666666667, 0.006666666666666667]","[1.0, 0.0, 0.0]",12,11,True,fixed_point_tolerance,0.5,11,0,0.00916302876149079,0.0036158631555736065,0.0036158631555736065,stage3_l_opt,l_opt_current_alpha,0.0006381823943287096,0.027304849060995354,not_needed,0,0,0.0,9786,17541,ok,eval,,"[1.0, 0.0, 0.0]",0,10.0,"[20, 8, 17]","[20, 8, 17]",1,"[{""coalition_ids"": [20, 8, 17], ""coalition_round"": 0, ""pruning_candidate_agent_id"": null, ""pruning_candidate_contribution"": null, ""removed_agent_id"": null, ""solver_audit_status"": ""not_needed"", ""stage3a_stop_reason"": ""fixed_point_tolerance"", ""status"": ""stable""}]"
12,2,0.0,0.0,uniform,0,uniform,0.5,guarded,stage1,,,0,"[18, 15, 17]","[0.37706601689927144, 0.2557519912584921, 0.3671819918422366]","[0.4445629359617211, 0.2752028742970554, 0.2802341897412234]","[0.7391934370396017, 0.20826347468994705, 0.05254308827045126]","[0.7474762962989133, 0.2057110285951841, 0.046812675105902646]",20,5,False,max_rounds,0.05,2,17,0.0083560729556214,0.006088757266600926,0.006088757266600926,stage3_l_opt,l_opt_current_alpha,0.5892610021557612,0.6058267206743844,not_needed,0,0,0.0,21579,31527,ok,eval,,"[0.7474762962989132, 0.20571102859518403, 0.04681267510590264]",0,10.000000000000002,"[18, 15, 17]","[18, 15, 17]",1,"[{""coalition_ids"": [18, 15, 17], ""coalition_round"": 0, ""pruning_candidate_agent_id"": null, ""pruning_candidate_contribution"": null, ""removed_agent_id"": null, ""solver_audit_status"": ""not_needed"", ""stage3a_stop_reason"": ""max_rounds"", ""status"": ""stable""}]"
13,2,0.0,0.0,uniform,0,uniform,0.5,guarded,stage1,,,0,"[17, 6, 9]","[0.392236850850792, 0.34176404642194835, 0.26599910272725963]","[0.0070244658780254906, 0.9862689619713839, 0.0067065721505906025]","[0.006688762795242454, 0.986644570538091, 0.006666666666666667]","[2.2547069975293158e-05, 0.9999774529300247, 0.0]",14,13,True,fixed_point_tolerance,0.5,13,0,0.022243534072541704,0.012428857075671354,0.012428857075671354,stage3_l_opt,l_opt_current_alpha,0.0007512171334140135,0.027416981917281598,not_needed,0,0,0.0,3168,19938,ok,eval,,"[2.2547069975293158e-05, 0.9999774529300247, 0.0]",0,10.0,"[17, 6, 9]","[17, 6, 9]",1,"[{""coalition_ids"": [17, 6, 9], ""coalition_round"": 0, ""pruning_candidate_agent_id"": null, ""pruning_candidate_contribution"": null, ""removed_agent_id"": null, ""solver_audit_status"": ""not_needed"", ""stage3a_stop_reason"": ""fixed_point_tolerance"", ""status"": ""stable""}]"
14,2,0.0,0.0,uniform,0,uniform,0.5,guarded,stage1,,,0,"[15, 5, 6]","[0.4114648729408524, 0.33719269563671106, 0.2513424314224367]","[0.9863279506833472, 0.006834333474625916, 0.006837715842026894]","[0.9866666666666667, 0.006666666666666667, 0.006666666666666667]","[1.0, 0.0, 0.0]",12,11,True,fixed_point_tolerance,0.5,11,0,0.001376671898484099,0.008076914896567663,0.008076914896567663,stage3_l_opt,l_opt_current_alpha,0.0006774319666389469,0.02734409863330559,not_needed,0,0,0.0,2640,23151,ok,eval,,"[1.0, 0.0, 0.0]",0,10.0,"[15, 5, 6]","[15, 5, 6]",1,"[{""coalition_ids"": [15, 5, 6], ""coalition_round"": 0, ""pruning_candidate_agent_id"": null, ""pruning_candidate_contribution"": null, ""removed_agent_id"": null, ""solver_audit_status"": ""not_needed"", ""stage3a_stop_reason"": ""fixed_point_tolerance"", ""status"": ""stable""}]"
15,2,0.0,0.0,uniform,0,uniform,0.5,guarded,stage1,,,1,"[16, 3]","[0.5369141968243755, 0.46308580317562453]","[0.010481411677751979, 0.989518588322248]","[0.010002897081579991, 0.98999710291842]","[2.956205693867163e-06, 0.9999970437943061]",11,10,True,fixed_point_tolerance,0.5,10,0,0.016231408239997677,0.001535077579319477,0.001535077579319477,stage3_l_opt,l_opt_current_alpha,0.000957029192343974,0.02095691094411617,not_needed,0,0,0.0,16180,27772,ok,eval,,"[2.956205693867163e-06, 0.9999970437943061]",0,10.0,"[12, 16, 3]","[16, 3]",2,"[{""coalition_ids"": [12, 16, 3], ""coalition_round"": 0, ""pruning_candidate_agent_id"": 12, ""pruning_candidate_contribution"": -0.00025718651401499936, ""removed_agent_id"": 12, ""solver_audit_status"": ""not_needed"", ""stage3a_stop_reason"": ""max_rounds"", ""status"": ""removed_negative_contributor""}, {""coalition_ids"": [16, 3], ""coalition_round"": 1, ""pruning_candidate_agent_id"": null, ""pruning_candidate_contribution"": null, ""removed_agent_id"": null, ""solver_audit_status"": ""not_needed"", ""stage3a_stop_reason"": ""fixed_point_tolerance"", ""status"": ""stable""}]"
16,2,0.0,0.0,uniform,0,uniform,0.5,guarded,stage1,,,0,"[8, 10, 2]","[0.36554068381743127, 0.30588194063743335, 0.32857737554513533]","[0.46188961818461244, 0.3064759237810961, 0.2316344580342915]","[0.4984057535475183, 0.28983551797000584, 0.21175872848247582]","[0.5017745784498486, 0.2889478074523869, 0.20927761409776446]",20,6,False,max_rounds,0.05,5,14,0.016688264481620113,0.010746020823717117,0.010746020823717117,stage3_l_opt,l_opt_current_alpha,0.07303227072581184,0.07976992053047244,not_needed,0,0,0.0,5346,20082,ok,eval,,"[0.5017745784498486, 0.2889478074523869, 0.20927761409776446]",0,10.0,"[8, 10, 2]","[8, 10, 2]",1,"[{""coalition_ids"": [8, 10, 2], ""coalition_round"": 0, ""pruning_candidate_agent_id"": null, ""pruning_candidate_contribution"": null, ""removed_agent_id"": null, ""solver_audit_status"": ""not_needed"", ""stage3a_stop_reason"": ""max_rounds"", ""status"": ""stable""}]"
17,2,0.0,0.0,uniform,0,uniform,0.5,guarded,stage1,,,0,"[19, 14, 15]","[0.43312189581145044, 0.31999163326538566, 0.24688647092316396]","[0.2613968169202345, 0.21083348871959184, 0.5277696943601737]","[0.20863588325039661, 0.7846974500829367, 0.006666666666666667]","[0.2060910373303367, 0.7939089626696633, 0.0]",20,4,False,max_rounds,0.05,2,17,0.007295076548421209,0.01230244276424249,0.01230244276424249,stage3_l_opt,l_opt_current_alpha,1.1477279227266899,1.1661509479001428,not_needed,2,2,0.0,19413,17538,ok,eval,,"[0.2060910373303367, 0.7939089626696633, 0.0]",0,10.0,"[19, 14, 15]","[19, 14, 15]",1,"[{""coalition_ids"": [19, 14, 15], ""coalition_round"": 0, ""pruning_candidate_agent_id"": null, ""pruning_candidate_contribution"": null, ""removed_agent_id"": null, ""solver_audit_status"": ""not_needed"", ""stage3a_stop_reason"": ""max_rounds"", ""status"": ""stable""}]"
18,2,0.0,0.0,uniform,0,uniform,0.5,guarded,stage1,,,0,"[8, 10, 6]","[0.45959297867582394, 0.28565078512786485, 0.2547562361963112]","[0.29182682263788606, 0.25166666666666665, 0.45650651069544734]","[0.1635449764762495, 0.006666666666666667, 0.8297883568570839]","[0.16007990796896207, 0.0, 0.8399200920310379]",6,2,False,audited_uninformative,0.0625,1,4,0.012021430458405287,0.0020551085472106934,0.0020551085472106934,stage3_l_opt,l_opt_current_alpha,0.746563692323273,0.7668271626711812,audited_uninformative,3,2,0.0,999,5553,ok,eval,,"[0.16007990796896207, 0.0, 0.8399200920310379]",0,10.0,"[8, 10, 6]","[8, 10, 6]",1,"[{""coalition_ids"": [8, 10, 6], ""coalition_round"": 0, ""pruning_candidate_agent_id"": null, ""pruning_candidate_contribution"": null, ""removed_agent_id"": null, ""solver_audit_status"": ""audited_uninformative"", ""stage3a_stop_reason"": ""audited_uninformative"", ""status"": ""stable""}]"
19,2,0.0,0.0,uniform,0,uniform,0.5,guarded,stage1,,,0,"[10, 8, 18]","[0.3984081239269777, 0.3523335035096514, 0.2492583725633708]","[0.36820560055223406, 0.27506247668526596, 0.3567319227625]","[0.4183551811328227, 0.1912635368965641, 0.39038128197061334]","[0.42009032088383264, 0.18836415329581369, 0.3915455258203537]",20,4,False,max_rounds,0.05,2,17,0.020626603976590052,0.01096365600824356,0.01096365600824356,stage3_l_opt,l_opt_current_alpha,0.16759787957740385,0.17339664677890454,not_needed,0,0,0.0,5523,12210,ok,eval,,"[0.42009032088383264, 0.18836415329581369, 0.3915455258203537]",0,10.0,"[10, 8, 18]","[10, 8, 18]",1,"[{""coalition_ids"": [10, 8, 18], ""coalition_round"": 0, ""pruning_candidate_agent_id"": null, ""pruning_candidate_contribution"": null, ""removed_agent_id"": null, ""solver_audit_status"": ""not_needed"", ""stage3a_stop_reason"": ""max_rounds"", ""status"": ""stable""}]"
20,2,0.0,0.0,uniform,0,uniform,0.5,guarded,stage1,,,0,"[17, 11, 10]","[0.4483165027008619, 0.28458531095705364, 0.2670981863420845]","[0.98634488509354, 0.006826173353216328, 0.0068289415532436625]","[0.9866638915683089, 0.006666666666666665, 0.006669441765024308]","[0.999997168266982, 0.0, 2.8317330180027643e-06]",12,11,True,fixed_point_tolerance,0.5,11,0,0.012060738056514808,0.0057740795115629835,0.0057740795115629835,stage3_l_opt,l_opt_current_alpha,0.0006380129495379191,0.027304566346884013,recovered_informative,12,12,0.0,7821,37986,ok,eval,,"[0.999997168266982, 0.0, 2.8317330180027643e-06]",0,10.0,"[17, 11, 10]","[17, 11, 10]",1,"[{""coalition_ids"": [17, 11, 10], ""coalition_round"": 0, ""pruning_candidate_agent_id"": null, ""pruning_candidate_contribution"": null, ""removed_agent_id"": null, ""solver_audit_status"": ""recovered_informative"", ""stage3a_stop_reason"": ""fixed_point_tolerance"", ""status"": ""stable""}]"
21,2,0.0,0.0,uniform,0,uniform,0.5,guarded,stage1,,,1,"[2, 10]","[0.6366802990508637, 0.3633197009491363]","[0.9895214803035818, 0.010478519696418193]","[0.99, 0.01]","[1.0, 0.0]",11,10,True,fixed_point_tolerance,0.5,10,0,0.009730165856386863,0.0011624889448285103,0.0011624889448285103,stage3_l_opt,l_opt_current_alpha,0.0009570393928364038,0.020957039392836413,not_needed,0,0,0.0,6260,24034,ok,eval,,"[1.0, 0.0]",0,10.0,"[2, 9, 10]","[2, 10]",2,"[{""coalition_ids"": [2, 9, 10], ""coalition_round"": 0, ""pruning_candidate_agent_id"": 9, ""pruning_candidate_contribution"": -0.011602265139420826, ""removed_agent_id"": 9, ""solver_audit_status"": ""not_needed"", ""stage3a_stop_reason"": ""max_rounds"", ""status"": ""removed_negative_contributor""}, {""coalition_ids"": [2, 10], ""coalition_round"": 1, ""pruning_candidate_agent_id"": null, ""pruning_candidate_contribution"": null, ""removed_agent_id"": null, ""solver_audit_status"": ""not_needed"", ""stage3a_stop_reason"": ""fixed_point_tolerance"", ""status"": ""stable""}]"
22,2,0.0,0.0,uniform,0,uniform,0.5,guarded,stage1,,,1,"[1, 6]","[0.5747282549259761, 0.4252717450740238]","[0.5236846349012231, 0.47631536509877687]","[0.9736926980244621, 0.026307301975537843]","[0.9833598959433287, 0.016640104056671268]",20,5,False,max_rounds,0.05,1,18,0.007521047436884809,0.0028046444058418274,0.0028046444058418274,stage3_l_opt,l_opt_current_alpha,0.9000161262464781,0.9193505220842113,not_needed,0,0,0.0,7399,26215,ok,eval,,"[0.9833598959433287, 0.016640104056671268]",0,10.0,"[1, 19, 6]","[1, 6]",2,"[{""coalition_ids"": [1, 19, 6], ""coalition_round"": 0, ""pruning_candidate_agent_id"": 19, ""pruning_candidate_contribution"": -2.259512742360404e-05, ""removed_agent_id"": 19, ""solver_audit_status"": ""not_needed"", ""stage3a_stop_reason"": ""max_rounds"", ""status"": ""removed_negative_contributor""}, {""coalition_ids"": [1, 6], ""coalition_round"": 1, ""pruning_candidate_agent_id"": null, ""pruning_candidate_contribution"": null, ""removed_agent_id"": null, ""solver_audit_status"": ""not_needed"", ""stage3a_stop_reason"": ""max_rounds"", ""status"": ""stable""}]"
23,2,0.0,0.0,uniform,0,uniform,0.5,guarded,stage1,,,0,"[3, 18, 5]","[0.36609480630527397, 0.3196368032667526, 0.31426839042797344]","[0.6604196019815307, 0.17367898841628024, 0.16590140960218908]","[0.6621862073574302, 0.16891424470077387, 0.1688995479417959]","[0.6688974905007792, 0.1655587530960278, 0.16554375640319313]",20,4,False,max_rounds,0.05,3,16,0.007804054623689165,0.0025250365336736045,0.0025250365336736045,stage3_l_opt,l_opt_current_alpha,0.009529487431012645,0.01695577703849685,not_needed,0,0,0.0,3003,21897,ok,eval,,"[0.6688974905007791, 0.16555875309602777, 0.1655437564031931]",0,10.0,"[3, 18, 5]","[3, 18, 5]",1,"[{""coalition_ids"": [3, 18, 5], ""coalition_round"": 0, ""pruning_candidate_agent_id"": null, ""pruning_candidate_contribution"": null, ""removed_agent_id"": null, ""solver_audit_status"": ""not_needed"", ""stage3a_stop_reason"": ""max_rounds"", ""status"": ""stable""}]"
24,2,0.0,0.0,uniform,0,uniform,0.5,guarded,stage1,,,0,"[13, 20, 7]","[0.4572396236279282, 0.2299679008300801, 0.3127924755419918]","[0.3333333333333333, 0.3333333333333333, 0.3333333333333333]","[0.09440774627799073, 0.7855279390515507, 0.12006431467045862]","[0.08953171388910619, 0.7947564003927388, 0.11571188571815506]",20,0,False,max_rounds,0.05,0,19,0.024665167353697344,0.0026645331333080926,0.0026645331333080926,stage3_l_opt,l_opt_current_alpha,0.9043892114364347,0.9228461341188108,not_needed,0,0,0.0,5862,25242,ok,eval,,"[0.08953171388910619, 0.7947564003927388, 0.11571188571815506]",0,10.0,"[13, 20, 7]","[13, 20, 7]",1,"[{""coalition_ids"": [13, 20, 7], ""coalition_round"": 0, ""pruning_candidate_agent_id"": null, ""pruning_candidate_contribution"": null, ""removed_agent_id"": null, ""solver_audit_status"": ""not_needed"", ""stage3a_stop_reason"": ""max_rounds"", ""status"": ""stable""}]"
25,2,0.0,0.0,uniform,0,uniform,0.5,guarded,stage1,,,0,"[9, 19, 20]","[0.3675861669249263, 0.3532777682294573, 0.2791360648456166]","[0.39350456110328497, 0.5181621055633816, 0.08833333333333332]","[0.5566275214451235, 0.3513903186320297, 0.09198215992284685]","[0.5611845456923029, 0.35175882853608476, 0.08705662577161243]",20,2,False,max_rounds,0.05,2,17,0.002764055459538191,0.0041942090416948,0.0041942090416948,stage3_l_opt,l_opt_current_alpha,0.333543573862704,0.3353599691780357,not_needed,0,0,0.0,15588,26403,ok,eval,,"[0.5611845456923028, 0.3517588285360847, 0.08705662577161241]",0,10.0,"[9, 19, 20]","[9, 19, 20]",1,"[{""coalition_ids"": [9, 19, 20], ""coalition_round"": 0, ""pruning_candidate_agent_id"": null, ""pruning_candidate_contribution"": null, ""removed_agent_id"": null, ""solver_audit_status"": ""not_needed"", ""stage3a_stop_reason"": ""max_rounds"", ""status"": ""stable""}]"
26,2,0.0,0.0,uniform,0,uniform,0.5,guarded,stage1,,,0,"[10, 14, 16]","[0.35936896272190333, 0.36784069323264207, 0.2727903440454546]","[0.297437242248858, 0.3512372064783492, 0.35132555127279286]","[0.20345207688499115, 0.39817488513645194, 0.3983730379785569]","[0.2008014389982903, 0.3994981821120258, 0.3997003788896839]",20,19,False,max_rounds,0.125,17,2,0.034658360333260696,0.006251410852807264,0.006251410852807264,stage3_l_opt,l_opt_current_alpha,0.1879703307277336,0.1932716065011353,not_needed,0,0,0.0,5652,24510,ok,eval,,"[0.2008014389982903, 0.3994981821120258, 0.3997003788896839]",0,10.0,"[10, 14, 16]","[10, 14, 16]",1,"[{""coalition_ids"": [10, 14, 16], ""coalition_round"": 0, ""pruning_candidate_agent_id"": null, ""pruning_candidate_contribution"": null, ""removed_agent_id"": null, ""solver_audit_status"": ""not_needed"", ""stage3a_stop_reason"": ""max_rounds"", ""status"": ""stable""}]"
27,2,0.0,0.0,uniform,0,uniform,0.5,guarded,stage1,,,0,"[5, 13, 14]","[0.3674759152413462, 0.2800519508443133, 0.35247213391434046]","[0.39354655020849755, 0.21069633798355764, 0.3957571118079448]","[0.3694903414740247, 0.2582062901072024, 0.37230336841877293]","[0.3702282395993449, 0.2566730851434038, 0.37309867525725127]",20,8,False,max_rounds,0.05,4,15,0.003412541932174662,0.003622325137257576,0.003622325137257576,stage3_l_opt,l_opt_current_alpha,0.09501990424728951,0.09195349431969235,recovered_informative,20,20,0.0,10875,27084,ok,eval,,"[0.3702282395993449, 0.2566730851434038, 0.37309867525725127]",0,10.0,"[5, 13, 14]","[5, 13, 14]",1,"[{""coalition_ids"": [5, 13, 14], ""coalition_round"": 0, ""pruning_candidate_agent_id"": null, ""pruning_candidate_contribution"": null, ""removed_agent_id"": null, ""solver_audit_status"": ""recovered_informative"", ""stage3a_stop_reason"": ""max_rounds"", ""status"": ""stable""}]"
28,2,0.0,0.0,uniform,0,uniform,0.5,guarded,stage1,,,1,"[20, 8]","[0.632564588624948, 0.3674354113750519]","[0.010479181532949135, 0.9895208184670508]","[0.010000683256252422, 0.9899993167437476]","[6.972002575736632e-07, 0.9999993027997425]",11,10,True,fixed_point_tolerance,0.5,10,0,0.01426026365591393,0.0007581613026559353,0.0007581613026559353,stage3_l_opt,l_opt_current_alpha,0.0009569965533935947,0.02095696866538328,not_needed,0,0,0.0,21963,23392,ok,eval,,"[6.972002575736632e-07, 0.9999993027997425]",0,10.0,"[20, 13, 8]","[20, 8]",2,"[{""coalition_ids"": [20, 13, 8], ""coalition_round"": 0, ""pruning_candidate_agent_id"": 13, ""pruning_candidate_contribution"": -1.2657294670741052e-05, ""removed_agent_id"": 13, ""solver_audit_status"": ""not_needed"", ""stage3a_stop_reason"": ""max_rounds"", ""status"": ""removed_negative_contributor""}, {""coalition_ids"": [20, 8], ""coalition_round"": 1, ""pruning_candidate_agent_id"": null, ""pruning_candidate_contribution"": null, ""removed_agent_id"": null, ""solver_audit_status"": ""not_needed"", ""stage3a_stop_reason"": ""fixed_point_tolerance"", ""status"": ""stable""}]"
29,2,0.0,0.0,uniform,0,uniform,0.5,guarded,stage1,,,0,"[8, 16, 15]","[0.41202678844060914, 0.34370584556674505, 0.24426736599264584]","[0.37372970442501846, 0.4594444578398649, 0.16682583773511667]","[0.1250856205312486, 0.7838030398558274, 0.09111133961292397]","[0.12083566720875709, 0.792996299172613, 0.0861680336186299]",20,4,False,max_rounds,0.05,2,17,0.00215699369606015,0.006401838734745979,0.006401838734745979,stage3_l_opt,l_opt_current_alpha,0.6487171640319251,0.6671036826654964,not_needed,0,0,0.0,14829,25884,ok,eval,,"[0.12083566720875709, 0.792996299172613, 0.0861680336186299]",0,10.0,"[8, 16, 15]","[8, 16, 15]",1,"[{""coalition_ids"": [8, 16, 15], ""coalition_round"": 0, ""pruning_candidate_agent_id"": null, ""pruning_candidate_contribution"": null, ""removed_agent_id"": null, ""solver_audit_status"": ""not_needed"", ""stage3a_stop_reason"": ""max_rounds"", ""status"": ""stable""}]"
