seed,dimension,poison_ratio,target,initialization,initialization_replicate,evaluator,update_rate,update_policy,coalition_mode,controlled_coalition_size,controlled_poison_count,round,target_error,stage3_engine,stage3_engine_losses,evaluation_loss,delivered_solution_evaluation_loss,full_solution_source,loo_search_objective,consistency_l1,update_l1,eta_used,update_accepted,gate_triggered,eval_loss_delta,informative,stage3_requests_cumulative,contribution_requests_cumulative
0,2,0.3,0.0,uniform,0,trimmed,0.0,fixed,controlled,5,1,0,0.002007465785028464,bfgs,"{""bfgs"": 0.015895250439643863, ""custom"": 0.01957568377256394}",0.015531321366628012,0.015531321366628012,stage3_l_opt,l_opt_current_alpha,0.7542648027046188,0.0,0.0,False,False,,True,3405,2710
0,2,0.3,0.0,uniform,0,trimmed,0.5,fixed,controlled,5,1,0,0.002007465785028464,bfgs,"{""bfgs"": 0.015895250439643863, ""custom"": 0.01957568377256394}",0.015531321366628012,0.015531321366628012,stage3_l_opt,l_opt_current_alpha,0.7542648027046188,0.37713240135230947,0.5,True,False,,True,3405,2710
0,2,0.3,0.0,uniform,0,trimmed,0.5,fixed,controlled,5,1,1,0.014915579672612256,custom,"{""bfgs"": 0.05796510456668716, ""custom"": 0.01358341569125827}",0.017007085184256237,0.017007085184256237,stage3_l_opt,l_opt_current_alpha,0.9223484170416363,0.46117420852081825,0.5,True,False,0.0014757638176282253,True,5230,5890
0,2,0.3,0.0,uniform,0,trimmed,0.5,fixed,controlled,5,1,2,0.01640767092138938,custom,"{""bfgs"": 0.0453139303544829, ""custom"": 0.008615170313420054}",0.015764070053895313,0.015764070053895313,stage3_l_opt,l_opt_current_alpha,0.782806513451106,0.39140325672555304,0.5,True,False,-0.0012430151303609235,True,5525,8490
0,2,0.3,0.0,uniform,0,trimmed,0.5,fixed,controlled,5,1,3,0.014921661271508888,custom,"{""bfgs"": 0.06293644476002234, ""custom"": 0.007233346176621095}",0.01700118804971377,0.01700118804971377,stage3_l_opt,l_opt_current_alpha,0.7139373982767996,0.35696869913839974,0.5,True,False,0.0012371179958184583,True,6545,11150
0,2,0.3,0.0,uniform,0,trimmed,0.5,fixed,controlled,5,1,4,0.014911159907213964,custom,"{""bfgs"": 0.06219325387531893, ""custom"": 0.00464419524616757}",0.017011409004529316,0.017011409004529316,stage3_l_opt,l_opt_current_alpha,0.9205570728603713,0.4602785364301856,0.5,True,False,1.0220954815544359e-05,True,7255,14255
0,2,0.3,0.0,uniform,0,trimmed,0.5,fixed,controlled,5,1,5,0.014782769961830963,custom,"{""bfgs"": 0.06512450365464224, ""custom"": 0.004937295804089992}",0.01713729401429494,0.01713729401429494,stage3_l_opt,l_opt_current_alpha,0.6955737608835915,0.34778688044179573,0.5,True,False,0.000125885009765625,True,9015,16405
0,2,0.3,0.0,uniform,0,trimmed,0.5,fixed,controlled,5,1,6,0.012752403242587404,custom,"{""bfgs"": 0.0643086835116008, ""custom"": 0.005654294347005871}",0.020511674384276073,0.020511674384276073,stage3_l_opt,l_opt_current_alpha,0.7324560261473266,0.36622801307366326,0.5,True,False,0.0033743803699811323,True,10565,19355
0,2,0.3,0.0,uniform,0,trimmed,0.5,fixed,controlled,5,1,7,0.014773900395073272,custom,"{""bfgs"": 0.06512362595928001, ""custom"": 0.0018207200490685362}",0.017135632534821827,0.017135632534821827,stage3_l_opt,l_opt_current_alpha,0.9118198806445849,0.45590994032229243,0.5,True,False,-0.0033760418494542463,True,12375,21495
0,2,0.3,0.0,uniform,0,trimmed,0.5,fixed,controlled,5,1,8,0.011974456512034728,custom,"{""bfgs"": 0.051729661186299916, ""custom"": 0.0038131104109772485}",0.021590086321036022,0.021590086321036022,stage3_l_opt,l_opt_current_alpha,0.9795823984129495,0.4897911992064748,0.5,True,False,0.004454453786214195,True,12830,24290
0,2,0.3,0.0,uniform,0,trimmed,0.5,fixed,controlled,5,1,9,0.014754107921077245,custom,"{""bfgs"": 0.06552785264953936, ""custom"": 0.004413574577601656}",0.01779748499393463,0.01779748499393463,stage3_l_opt,l_opt_current_alpha,0.9410159782796395,0.4705079891398197,0.5,True,False,-0.0037926013271013907,True,14230,26295
0,2,0.3,0.0,uniform,0,trimmed,0.5,fixed,controlled,5,1,10,0.012221860872733512,custom,"{""bfgs"": 0.05270667868847161, ""custom"": 0.003904776438583471}",0.02124769613146782,0.02124769613146782,stage3_l_opt,l_opt_current_alpha,0.9141738124291675,0.4570869062145837,0.5,True,False,0.003450211137533188,True,14530,28915
0,2,0.3,0.0,uniform,0,trimmed,0.5,fixed,controlled,5,1,11,0.014922082994957203,custom,"{""bfgs"": 0.0655580337460388, ""custom"": 0.0023560410667894105}",0.017000829180081684,0.017000829180081684,stage3_l_opt,l_opt_current_alpha,0.9236278388337373,0.46181391941686867,0.5,True,False,-0.004246866951386135,True,16005,31210
0,2,0.3,0.0,uniform,0,trimmed,0.5,fixed,controlled,5,1,12,0.012087380066784933,custom,"{""bfgs"": 0.050008356776914724, ""custom"": 0.004089971098321421}",0.021422158926725388,0.021422158926725388,stage3_l_opt,l_opt_current_alpha,0.9237225075752751,0.46186125378763754,0.5,True,False,0.004421329746643703,True,16385,33910
0,2,0.3,0.0,uniform,0,trimmed,0.5,fixed,controlled,5,1,13,0.014921977390393151,custom,"{""bfgs"": 0.06557612087336447, ""custom"": 0.002363474139509687}",0.01700093348821004,0.01700093348821004,stage3_l_opt,l_opt_current_alpha,0.9235629644593697,0.46178148222968485,0.5,True,False,-0.004421225438515346,True,17400,36200
0,2,0.3,0.0,uniform,0,trimmed,0.5,fixed,controlled,5,1,14,0.01210762839440735,custom,"{""bfgs"": 0.052972629869627995, ""custom"": 0.004062304560874161}",0.021403342485427856,0.021403342485427856,stage3_l_opt,l_opt_current_alpha,0.9202056223519922,0.46010281117599616,0.5,True,False,0.004402408997217815,True,17660,38945
0,2,0.3,0.0,uniform,0,trimmed,0.5,fixed,controlled,5,1,15,0.014921972874508749,custom,"{""bfgs"": 0.006191802615148806, ""custom"": 0.002359940494414252}",0.017000913619995117,0.017000913619995117,stage3_l_opt,l_opt_current_alpha,0.9218562412193969,0.46092812060969846,0.5,True,False,-0.004402428865432739,True,20850,41585
0,2,0.3,0.0,uniform,0,trimmed,0.5,fixed,controlled,5,1,16,0.012064982888977532,custom,"{""bfgs"": 0.035525374375839594, ""custom"": 0.004138161133980648}",0.021442877749602,0.021442877749602,stage3_l_opt,l_opt_current_alpha,0.9226163175552574,0.46130815877762865,0.5,True,False,0.004441964129606884,True,21230,44385
0,2,0.3,0.0,uniform,0,trimmed,0.5,fixed,controlled,5,1,17,0.014771920996533502,custom,"{""bfgs"": 0.0655764295379618, ""custom"": 0.0022794884337940797}",0.01714325820406278,0.01714325820406278,stage3_l_opt,l_opt_current_alpha,0.9304293865354976,0.4652146932677488,0.5,True,False,-0.0042996195455392225,True,23180,46770
0,2,0.3,0.0,uniform,0,trimmed,0.5,fixed,controlled,5,1,18,0.012140638146689281,custom,"{""bfgs"": 0.05213998860757472, ""custom"": 0.0038845748247780774}",0.021372701972723007,0.021372701972723007,stage3_l_opt,l_opt_current_alpha,0.9119548341262187,0.45597741706310935,0.5,True,False,0.004229443768660229,True,23440,49230
0,2,0.3,0.0,uniform,0,trimmed,0.5,fixed,controlled,5,1,19,0.014768675431267628,custom,"{""bfgs"": 0.006915087183629997, ""custom"": 0.002280743557046473}",0.01714421312014262,0.01714421312014262,stage3_l_opt,l_opt_current_alpha,0.9191403270205301,0.45957016351026503,0.5,True,False,-0.004228488852580387,True,26610,51475
1,2,0.3,0.0,uniform,0,trimmed,0.0,fixed,controlled,5,1,0,0.0024432934588861643,custom,"{""bfgs"": 0.13691198080778122, ""custom"": 0.02472555749118328}",0.017546817660331726,0.017546817660331726,stage3_l_opt,l_opt_current_alpha,1.4943549590345144,0.0,0.0,False,False,,True,1095,3095
1,2,0.3,0.0,uniform,0,trimmed,0.5,fixed,controlled,5,1,0,0.0024432934588861643,custom,"{""bfgs"": 0.13691198080778122, ""custom"": 0.02472555749118328}",0.017546817660331726,0.017546817660331726,stage3_l_opt,l_opt_current_alpha,1.4943549590345144,0.7471774795172572,0.5,True,False,,True,1095,3095
1,2,0.3,0.0,uniform,0,trimmed,0.5,fixed,controlled,5,1,1,0.036523882001878755,custom,"{""bfgs"": 0.12958586228292315, ""custom"": 0.02003597248463373}",0.034598611295223236,0.034598611295223236,stage3_l_opt,l_opt_current_alpha,1.5679999999999998,0.7839999999999999,0.5,True,False,0.01705179363489151,True,1630,6670
1,2,0.3,0.0,uniform,0,trimmed,0.5,fixed,controlled,5,1,2,0.03325116748194484,custom,"{""bfgs"": 0.12810488021461006, ""custom"": 0.027136077823340658}",0.03228220591942469,0.03228220591942469,stage3_l_opt,l_opt_current_alpha,1.0438642655147177,0.5219321327573588,0.5,True,False,-0.0023164053757985456,True,2300,9815
1,2,0.3,0.0,uniform,0,trimmed,0.5,fixed,controlled,5,1,3,0.06392996981691604,custom,"{""bfgs"": 0.14015012944045274, ""custom"": 0.028521861909933565}",0.05295676738023758,0.05295676738023758,stage3_l_opt,l_opt_current_alpha,1.2632799664350163,0.6316399832175081,0.5,True,False,0.02067456146081289,True,2650,12185
1,2,0.3,0.0,uniform,0,trimmed,0.5,fixed,controlled,5,1,4,0.03698250705334796,custom,"{""bfgs"": 0.12209804541474084, ""custom"": 0.028487929734821033}",0.03603204836448034,0.03603204836448034,stage3_l_opt,l_opt_current_alpha,,0.0,0.5,False,False,-0.01692471901575724,False,3175,15165
2,2,0.3,0.0,uniform,0,trimmed,0.0,fixed,controlled,5,1,0,0.010939778881647204,custom,"{""bfgs"": 0.027008724212646485, ""custom"": 0.013520945608615876}",0.009688896437486013,0.009688896437486013,stage3_l_opt,l_opt_current_alpha,,0.0,0.0,False,False,,False,2315,8640
2,2,0.3,0.0,uniform,0,trimmed,0.5,fixed,controlled,5,1,0,0.010939778881647204,custom,"{""bfgs"": 0.027008724212646485, ""custom"": 0.013520945608615876}",0.009688896437486013,0.009688896437486013,stage3_l_opt,l_opt_current_alpha,,0.0,0.5,False,False,,False,2315,8640
3,2,0.3,0.0,uniform,0,trimmed,0.0,fixed,controlled,5,1,0,0.014163818486100578,custom,"{""bfgs"": 0.03010227605700493, ""custom"": 0.010383714735507966}",0.011099280168612799,0.011099280168612799,stage3_l_opt,l_opt_current_alpha,1.3834984239377695,0.0,0.0,False,False,,True,1785,7140
3,2,0.3,0.0,uniform,0,trimmed,0.5,fixed,controlled,5,1,0,0.014163818486100578,custom,"{""bfgs"": 0.03010227605700493, ""custom"": 0.010383714735507966}",0.011099280168612799,0.011099280168612799,stage3_l_opt,l_opt_current_alpha,1.3834984239377695,0.6917492119688847,0.5,True,False,,True,1785,7140
3,2,0.3,0.0,uniform,0,trimmed,0.5,fixed,controlled,5,1,1,0.017812179569378007,bfgs,"{""bfgs"": 0.00995199971668434, ""custom"": 0.010071937821494218}",0.012394610792398453,0.012394610792398453,stage3_l_opt,l_opt_current_alpha,0.6802507880311153,0.3401253940155577,0.5,True,False,0.0012953306237856541,True,4425,14800
3,2,0.3,0.0,uniform,0,trimmed,0.5,fixed,controlled,5,1,2,0.01357726500303566,custom,"{""bfgs"": 0.07612957716066057, ""custom"": 0.007783754729252832}",0.010792755832274755,0.010792755832274755,stage3_l_opt,l_opt_current_alpha,0.8540734042367064,0.4270367021183532,0.5,True,False,-0.0016018549601236973,True,6210,23650
3,2,0.3,0.0,uniform,0,trimmed,0.5,fixed,controlled,5,1,3,0.023095614468003036,bfgs,"{""bfgs"": 0.0066290364510843336, ""custom"": 0.006772944508942113}",0.0229895847539107,0.0229895847539107,stage3_l_opt,l_opt_current_alpha,0.39927345005429216,0.19963672502714608,0.5,True,False,0.012196828921635946,True,7965,29870
3,2,0.3,0.0,uniform,0,trimmed,0.5,fixed,controlled,5,1,4,0.023030048292219378,custom,"{""bfgs"": 0.06710537658347474, ""custom"": 0.006604495302756402}",0.022895218183596928,0.022895218183596928,stage3_l_opt,l_opt_current_alpha,0.3560842031667396,0.1780421015833698,0.5,True,False,-9.436657031377388e-05,True,9750,36835
3,2,0.3,0.0,uniform,0,trimmed,0.5,fixed,controlled,5,1,5,0.02303002916665129,custom,"{""bfgs"": 0.0054163590177637565, ""custom"": 0.004088315527513404}",0.022895203282435734,0.022895203282435734,stage3_l_opt,l_opt_current_alpha,0.2567496142433441,0.1283748071216721,0.5,True,False,-1.4901161193847656e-08,True,11745,43365
3,2,0.3,0.0,uniform,0,trimmed,0.5,fixed,controlled,5,1,6,0.02303004200828424,custom,"{""bfgs"": 0.021089643182797366, ""custom"": 0.0022827406771151852}",0.022895218183596928,0.022895218183596928,stage3_l_opt,l_opt_current_alpha,,0.0,0.5,False,False,1.4901161193847656e-08,False,13230,51050
4,2,0.3,0.0,uniform,0,trimmed,0.0,fixed,controlled,5,1,0,0.018710285831912477,custom,"{""bfgs"": 0.03455375656485558, ""custom"": 0.014789278991520405}",0.011898176123698553,0.011898176123698553,stage3_l_opt,l_opt_current_alpha,0.7083264768140565,0.0,0.0,False,False,,True,3755,9795
4,2,0.3,0.0,uniform,0,trimmed,0.5,fixed,controlled,5,1,0,0.018710285831912477,custom,"{""bfgs"": 0.03455375656485558, ""custom"": 0.014789278991520405}",0.011898176123698553,0.011898176123698553,stage3_l_opt,l_opt_current_alpha,0.7083264768140565,0.35416323840702824,0.5,True,False,,True,3755,9795
4,2,0.3,0.0,uniform,0,trimmed,0.5,fixed,controlled,5,1,1,0.010130094911306023,custom,"{""bfgs"": 0.033938250315010944, ""custom"": 0.012507690044225573}",0.015515134980281195,0.015515134980281195,stage3_l_opt,l_opt_current_alpha,0.5233716690477468,0.2616858345238735,0.5,True,False,0.0036169588565826416,True,6755,17075
4,2,0.3,0.0,uniform,0,trimmed,0.5,fixed,controlled,5,1,2,0.017551851973443458,custom,"{""bfgs"": 0.03405203539386503, ""custom"": 0.006661938784725367}",0.012295388927062353,0.012295388927062353,stage3_l_opt,l_opt_current_alpha,0.6315221709520805,0.3157610854760403,0.5,True,False,-0.0032197460532188416,True,8530,25240
4,2,0.3,0.0,uniform,0,trimmed,0.5,fixed,controlled,5,1,3,0.008262052927765606,custom,"{""bfgs"": 0.028743244577955816, ""custom"": 0.009655677386554741}",0.016587785134712856,0.016587785134712856,stage3_l_opt,l_opt_current_alpha,0.821767924056621,0.41088396202831057,0.5,True,False,0.004292396207650503,True,11045,32980
4,2,0.3,0.0,uniform,0,trimmed,0.5,fixed,controlled,5,1,4,0.021603521775659232,custom,"{""bfgs"": 0.04170748896555698, ""custom"": 0.005601841816551288}",0.010874446481466293,0.010874446481466293,stage3_l_opt,l_opt_current_alpha,0.3584670580627392,0.1792335290313696,0.5,True,False,-0.005713338653246563,True,12990,42710
4,2,0.3,0.0,uniform,0,trimmed,0.5,fixed,controlled,5,1,5,0.01828455132447089,custom,"{""bfgs"": 0.11155322916986946, ""custom"": 0.005006606557455268}",0.012053880840539932,0.012053880840539932,stage3_l_opt,l_opt_current_alpha,0.13876612916285186,0.06938306458142583,0.5,True,False,0.001179434359073639,True,14615,50950
4,2,0.3,0.0,uniform,0,trimmed,0.5,fixed,controlled,5,1,6,0.010026564194339976,custom,"{""bfgs"": 0.0541465976363607, ""custom"": 0.007540697275903265}",0.0155731700360775,0.0155731700360775,stage3_l_opt,l_opt_current_alpha,0.06965899491244887,0.034829497456224434,0.5,True,False,0.003519289195537567,True,16725,60560
4,2,0.3,0.0,uniform,0,trimmed,0.5,fixed,controlled,5,1,7,0.009306198124570453,custom,"{""bfgs"": 0.059756944866416306, ""custom"": 0.0075264057114456575}",0.015980664640665054,0.015980664640665054,stage3_l_opt,l_opt_current_alpha,0.12291827660310894,0.06145913830155463,0.5,True,False,0.00040749460458755493,True,18560,69070
4,2,0.3,0.0,uniform,0,trimmed,0.5,fixed,controlled,5,1,8,0.00919214563792145,custom,"{""bfgs"": 0.0626729972574817, ""custom"": 0.008459130019021864}",0.016043684134880703,0.016043684134880703,stage3_l_opt,l_opt_current_alpha,0.08089025019462893,0.040445125097314655,0.5,True,False,6.301949421564854e-05,True,22135,79305
4,2,0.3,0.0,uniform,0,trimmed,0.5,fixed,controlled,5,1,9,0.009113810038533413,custom,"{""bfgs"": 0.039890207483765594, ""custom"": 0.007832188422017142}",0.016090980420509975,0.016090980420509975,stage3_l_opt,l_opt_current_alpha,0.045347545201809766,0.02267377260090483,0.5,True,False,4.729628562927246e-05,True,24775,86185
4,2,0.3,0.0,uniform,0,trimmed,0.5,fixed,controlled,5,1,10,0.009191145248236249,custom,"{""bfgs"": 0.0901279899694087, ""custom"": 0.007425266102879271}",0.01604341094692548,0.01604341094692548,stage3_l_opt,l_opt_current_alpha,0.044341945368650625,0.022170972684325337,0.5,True,False,-4.7569473584495314e-05,True,26510,95015
4,2,0.3,0.0,uniform,0,trimmed,0.5,fixed,controlled,5,1,11,0.009137712940167436,custom,"{""bfgs"": 0.028693313446129822, ""custom"": 0.00747045844131307}",0.016077224165201187,0.016077224165201187,stage3_l_opt,l_opt_current_alpha,0.20520755092302323,0.10260377546151159,0.5,True,False,3.381321827570713e-05,True,28410,103735
4,2,0.3,0.0,uniform,0,trimmed,0.5,fixed,controlled,5,1,12,0.00837116838228201,custom,"{""bfgs"": 0.03549249350073183, ""custom"": 0.007391456119186561}",0.016520680238803227,0.016520680238803227,stage3_l_opt,l_opt_current_alpha,0.06200294427477779,0.031001472137388922,0.5,True,False,0.00044345607360203945,True,30190,112260
4,2,0.3,0.0,uniform,0,trimmed,0.5,fixed,controlled,5,1,13,0.008636756983517901,custom,"{""bfgs"": 0.13080023235894023, ""custom"": 0.00722743993042937}",0.01636825129389763,0.01636825129389763,stage3_l_opt,l_opt_current_alpha,0.20924881051930416,0.10462440525965208,0.5,True,False,-0.0001524289449055978,True,32190,120615
4,2,0.3,0.0,uniform,0,trimmed,0.5,fixed,controlled,5,1,14,0.00934010210591682,custom,"{""bfgs"": 0.03641591968522412, ""custom"": 0.007316759640046295}",0.015961454560359318,0.015961454560359318,stage3_l_opt,l_opt_current_alpha,0.20097440311180512,0.10048720155590264,0.5,True,False,-0.0004067967335383109,True,34575,130260
4,2,0.3,0.0,uniform,0,trimmed,0.5,fixed,controlled,5,1,15,0.00845344382124337,custom,"{""bfgs"": 0.05578602521663065, ""custom"": 0.007344027286056656}",0.016475606709718704,0.016475606709718704,stage3_l_opt,l_opt_current_alpha,0.082132861580849,0.041066430790424525,0.5,True,False,0.0005141521493593863,True,36570,138920
4,2,0.3,0.0,uniform,0,trimmed,0.5,fixed,controlled,5,1,16,0.008604081480155082,custom,"{""bfgs"": 0.13087944130811086, ""custom"": 0.007260281266786226}",0.016387391835451126,0.016387391835451126,stage3_l_opt,l_opt_current_alpha,0.1569939433468251,0.07849697167341249,0.5,True,False,-8.821487426757812e-05,True,38535,146805
4,2,0.3,0.0,uniform,0,trimmed,0.5,fixed,controlled,5,1,17,0.015759684816880795,custom,"{""bfgs"": 0.03791410825975024, ""custom"": 0.0030088623729475146}",0.012899206330378851,0.012899206330378851,stage3_l_opt,l_opt_current_alpha,0.2524471731818888,0.12622358659094438,0.5,True,False,-0.0034881855050722752,True,40450,154570
4,2,0.3,0.0,uniform,0,trimmed,0.5,fixed,controlled,5,1,18,0.00879934681792148,custom,"{""bfgs"": 0.0937936483013138, ""custom"": 0.008821860204173446}",0.016270752996206284,0.016270752996206284,stage3_l_opt,l_opt_current_alpha,0.12485234200762667,0.062426171003813334,0.5,True,False,0.0033715466658274327,True,42230,161080
4,2,0.3,0.0,uniform,0,trimmed,0.5,fixed,controlled,5,1,19,0.008901979406948077,custom,"{""bfgs"": 0.03567674210352887, ""custom"": 0.00796626391493995}",0.016211232791344326,0.016211232791344326,stage3_l_opt,l_opt_current_alpha,0.5922236554654962,0.2961118277327481,0.5,True,False,-5.9520204861957665e-05,True,43930,168170
5,2,0.3,0.0,uniform,0,trimmed,0.0,fixed,controlled,5,1,0,0.00600328062272551,custom,"{""bfgs"": 0.08161506727337837, ""custom"": 0.024087393656373027}",0.023959896837671597,0.023959896837671597,stage3_l_opt,l_opt_current_alpha,1.568,0.0,0.0,False,False,,True,2255,7455
5,2,0.3,0.0,uniform,0,trimmed,0.5,fixed,controlled,5,1,0,0.00600328062272551,custom,"{""bfgs"": 0.08161506727337837, ""custom"": 0.024087393656373027}",0.023959896837671597,0.023959896837671597,stage3_l_opt,l_opt_current_alpha,1.568,0.7839999999999999,0.5,True,False,,True,2255,7455
5,2,0.3,0.0,uniform,0,trimmed,0.5,fixed,controlled,5,1,1,0.03715761159787906,custom,"{""bfgs"": 0.02022836585715413, ""custom"": 0.020036893621087078}",0.0397790198524793,0.0397790198524793,stage3_l_opt,l_opt_current_alpha,,0.0,0.5,False,False,0.015819123014807705,False,4090,14330
6,2,0.3,0.0,uniform,0,trimmed,0.0,fixed,controlled,5,1,0,0.009358439770657312,custom,"{""bfgs"": 0.10662810206413269, ""custom"": 0.028813404589891435}",0.014234452197949091,0.014234452197949091,stage3_l_opt,l_opt_current_alpha,1.568,0.0,0.0,False,False,,True,2035,8945
6,2,0.3,0.0,uniform,0,trimmed,0.5,fixed,controlled,5,1,0,0.009358439770657312,custom,"{""bfgs"": 0.10662810206413269, ""custom"": 0.028813404589891435}",0.014234452197949091,0.014234452197949091,stage3_l_opt,l_opt_current_alpha,1.568,0.7839999999999999,0.5,True,False,,True,2035,8945
6,2,0.3,0.0,uniform,0,trimmed,0.5,fixed,controlled,5,1,1,0.006990146064280722,custom,"{""bfgs"": 0.0426669830866158, ""custom"": 0.01303714329004288}",0.015116646885871887,0.015116646885871887,stage3_l_opt,l_opt_current_alpha,1.5489652636299944,0.7744826318149973,0.5,True,False,0.0008821946879227962,True,3355,17215
6,2,0.3,0.0,uniform,0,trimmed,0.5,fixed,controlled,5,1,2,0.01774891489352229,custom,"{""bfgs"": 0.58462608803307, ""custom"": 0.013430616879703696}",0.02462576950589816,0.02462576950589816,stage3_l_opt,l_opt_current_alpha,1.0684826318149971,0.5342413159074986,0.5,True,False,0.009509122620026272,True,5305,24160
6,2,0.3,0.0,uniform,0,trimmed,0.5,fixed,controlled,5,1,3,0.008949296931163003,custom,"{""bfgs"": 0.021500273469457414, ""custom"": 0.006731263343110429}",0.00382553165157636,0.00382553165157636,stage3_l_opt,l_opt_current_alpha,1.1795234310571998,0.5897617155286,0.5,True,False,-0.0208002378543218,True,7505,32965
6,2,0.3,0.0,uniform,0,trimmed,0.5,fixed,controlled,5,1,4,0.00610784451985269,custom,"{""bfgs"": 0.015503952390559144, ""custom"": 0.010546471837446662}",0.013710846503575643,0.013710846503575643,stage3_l_opt,l_opt_current_alpha,0.12946857839427367,0.06473428919713678,0.5,True,False,0.009885314851999283,True,9930,39870
6,2,0.3,0.0,uniform,0,trimmed,0.5,fixed,controlled,5,1,5,0.006991096996098234,custom,"{""bfgs"": 0.0340201481424544, ""custom"": 0.011113218574496537}",0.015102267265319824,0.015102267265319824,stage3_l_opt,l_opt_current_alpha,0.398005209478571,0.19900260473928544,0.5,True,False,0.0013914207617441807,True,10495,46610
6,2,0.3,0.0,uniform,0,trimmed,0.5,fixed,controlled,5,1,6,0.006990914305928714,custom,"{""bfgs"": 0.04018957723706331, ""custom"": 0.007103370034814623}",0.015102334320545197,0.015102334320545197,stage3_l_opt,l_opt_current_alpha,1.1116163948755053,0.5558081974377527,0.5,True,False,6.705522537231445e-08,True,11190,51805
6,2,0.3,0.0,uniform,0,trimmed,0.5,fixed,controlled,5,1,7,0.006990884573779083,custom,"{""bfgs"": 0.014939134201622458, ""custom"": 0.011411324520491635}",0.01510234052936236,0.01510234052936236,stage3_l_opt,l_opt_current_alpha,0.8406275051498154,0.4203137525749077,0.5,True,False,6.208817163524949e-09,True,12980,59030
6,2,0.3,0.0,uniform,0,trimmed,0.5,fixed,controlled,5,1,8,0.006991063921465618,custom,"{""bfgs"": 0.013778148662198585, ""custom"": 0.006745239030531421}",0.01510226602355639,0.01510226602355639,stage3_l_opt,l_opt_current_alpha,1.604008433835729,0.8020042169178645,0.5,True,False,-7.450580596923828e-08,True,14900,64715
6,2,0.3,0.0,uniform,0,trimmed,0.5,fixed,controlled,5,1,9,0.006564891311972021,custom,"{""bfgs"": 0.07245904831301836, ""custom"": 0.0019302967369373434}",0.0025905494888623557,0.0025905494888623557,stage3_l_opt,l_opt_current_alpha,1.2017946180278152,0.6008973090139076,0.5,True,False,-0.012511716534694035,True,16650,72400
6,2,0.3,0.0,uniform,0,trimmed,0.5,fixed,controlled,5,1,10,0.004125386151091481,custom,"{""bfgs"": 0.037552751476094694, ""custom"": 0.0011330162178785253}",0.0021087204416592917,0.0021087204416592917,stage3_l_opt,l_opt_current_alpha,0.6989570433062674,0.34947852165313376,0.5,True,False,-0.00048182904720306396,True,19315,76785
6,2,0.3,0.0,uniform,0,trimmed,0.5,fixed,controlled,5,1,11,0.006697203177979283,custom,"{""bfgs"": 0.1320620376556777, ""custom"": 0.015840655727579735}",0.015186989059050878,0.015186989059050878,stage3_l_opt,l_opt_current_alpha,0.7485096459938562,0.3742548229969281,0.5,True,False,0.013078268617391586,True,21010,84850
6,2,0.3,0.0,uniform,0,trimmed,0.5,fixed,controlled,5,1,12,0.00014128053185141765,bfgs,"{""bfgs"": 0.008489104265831176, ""custom"": 0.00879764787191958}",0.013133959223826727,0.013133959223826727,stage3_l_opt,l_opt_current_alpha,0.15646986554365638,0.07823493277182818,0.5,True,False,-0.0020530298352241516,True,22740,90105
6,2,0.3,0.0,uniform,0,trimmed,0.5,fixed,controlled,5,1,13,0.0069909073800718535,custom,"{""bfgs"": 0.03330776916781808, ""custom"": 0.010303182921305911}",0.015102334320545197,0.015102334320545197,stage3_l_opt,l_opt_current_alpha,0.5003870387208756,0.2501935193604379,0.5,True,False,0.0019683750967184697,True,24660,98665
6,2,0.3,0.0,uniform,0,trimmed,0.5,fixed,controlled,5,1,14,0.0069911023297145325,custom,"{""bfgs"": 0.3287654139590743, ""custom"": 0.007865362575674424}",0.015102263540029526,0.015102263540029526,stage3_l_opt,l_opt_current_alpha,0.21725427441694725,0.10862713720847358,0.5,True,False,-7.078051567077637e-08,True,25980,104300
6,2,0.3,0.0,uniform,0,trimmed,0.5,fixed,controlled,5,1,15,0.006990349317779004,custom,"{""bfgs"": 0.047050935846799195, ""custom"": 0.009278523048359143}",0.015103684117396673,0.015103684117396673,stage3_l_opt,l_opt_current_alpha,0.19658769209719132,0.09829384604859565,0.5,True,False,1.4205773671473881e-06,True,27745,110740
6,2,0.3,0.0,uniform,0,trimmed,0.5,fixed,controlled,5,1,16,0.006990917675970237,custom,"{""bfgs"": 0.061683898247682015, ""custom"": 0.00694237830257087}",0.015102344254652659,0.015102344254652659,stage3_l_opt,l_opt_current_alpha,0.4881989925511919,0.2440994962755959,0.5,True,False,-1.339862744014625e-06,True,28465,118130
6,2,0.3,0.0,uniform,0,trimmed,0.5,fixed,controlled,5,1,17,0.006991056895255976,custom,"{""bfgs"": 0.04584282287997665, ""custom"": 0.008698191803746001}",0.015102270990610123,0.015102270990610123,stage3_l_opt,l_opt_current_alpha,0.2756503131671366,0.13782515658356828,0.5,True,False,-7.32640425358394e-08,True,29205,125900
6,2,0.3,0.0,uniform,0,trimmed,0.5,fixed,controlled,5,1,18,0.004110062802159947,custom,"{""bfgs"": 0.13791306776065515, ""custom"": 0.0005364790260406325}",0.002062575270732244,0.002062575270732244,stage3_l_opt,l_opt_current_alpha,0.734478165340876,0.367239082670438,0.5,True,False,-0.013039695719877878,True,30315,133810
6,2,0.3,0.0,uniform,0,trimmed,0.5,fixed,controlled,5,1,19,0.004030546510453981,custom,"{""bfgs"": 0.029393196237712235, ""custom"": 0.0034621360027737988}",0.002240267892678579,0.002240267892678579,stage3_l_opt,l_opt_current_alpha,0.40461010190628643,0.2023050509531432,0.5,True,False,0.00017769262194633484,True,32700,140320
7,2,0.3,0.0,uniform,0,trimmed,0.0,fixed,controlled,5,1,0,0.010876649985578052,custom,"{""bfgs"": 0.040799422562122344, ""custom"": 0.016862786188721657}",0.009150140608350435,0.009150140608350435,stage3_l_opt,l_opt_current_alpha,0.2530802834725391,0.0,0.0,False,False,,True,845,8490
7,2,0.3,0.0,uniform,0,trimmed,0.5,fixed,controlled,5,1,0,0.010876649985578052,custom,"{""bfgs"": 0.040799422562122344, ""custom"": 0.016862786188721657}",0.009150140608350435,0.009150140608350435,stage3_l_opt,l_opt_current_alpha,0.2530802834725391,0.12654014173626954,0.5,True,False,,True,845,8490
7,2,0.3,0.0,uniform,0,trimmed,0.5,fixed,controlled,5,1,1,0.01907228174206707,custom,"{""bfgs"": 0.0742128873144063, ""custom"": 0.016947943641571355}",0.015005360667904219,0.015005360667904219,stage3_l_opt,l_opt_current_alpha,0.4773953685883714,0.2386976842941857,0.5,True,False,0.005855220059553783,True,1425,16550
7,2,0.3,0.0,uniform,0,trimmed,0.5,fixed,controlled,5,1,2,0.011305884175003604,custom,"{""bfgs"": 0.04101446456502577, ""custom"": 0.01574031966504173}",0.008939952279130617,0.008939952279130617,stage3_l_opt,l_opt_current_alpha,0.8071223425652518,0.40356117128262603,0.5,True,False,-0.006065408388773601,True,3255,24050
7,2,0.3,0.0,uniform,0,trimmed,0.5,fixed,controlled,5,1,3,0.011749240683300015,custom,"{""bfgs"": 0.0445304587968392, ""custom"": 0.021682154317853253}",0.008689871057868004,0.008689871057868004,stage3_l_opt,l_opt_current_alpha,0.6254961194917523,0.3127480597458763,0.5,True,False,-0.00025008122126261335,True,5365,30935
7,2,0.3,0.0,uniform,0,trimmed,0.5,fixed,controlled,5,1,4,0.009753575098460712,custom,"{""bfgs"": 0.09563232315189579, ""custom"": 0.018947469860273035}",0.010731916253765425,0.010731916253765425,stage3_l_opt,l_opt_current_alpha,0.5546106867791073,0.27730534338955365,0.5,True,False,0.002042045195897421,True,7250,37705
7,2,0.3,0.0,uniform,0,trimmed,0.5,fixed,controlled,5,1,5,0.010794128290722543,custom,"{""bfgs"": 0.09980287499895753, ""custom"": 0.015688710443200766}",0.011588849748174349,0.011588849748174349,stage3_l_opt,l_opt_current_alpha,0.7675867771321493,0.3837933885660746,0.5,True,False,0.0008569334944089242,True,7815,43395
7,2,0.3,0.0,uniform,0,trimmed,0.5,fixed,controlled,5,1,6,0.02325459560030463,custom,"{""bfgs"": 0.14491062707612784, ""custom"": 0.032779018698825525}",0.036138735711574554,0.036138735711574554,stage3_l_opt,l_opt_current_alpha,,0.0,0.5,False,False,0.024549885963400207,False,8365,50090
8,2,0.3,0.0,uniform,0,trimmed,0.0,fixed,controlled,5,1,0,0.01763973496862485,custom,"{""bfgs"": 0.20353426635265354, ""custom"": 0.027023361623287202}",0.003177450348933538,0.003177450348933538,stage3_l_opt,l_opt_current_alpha,0.44757564825840285,0.0,0.0,False,False,,True,2010,9515
8,2,0.3,0.0,uniform,0,trimmed,0.5,fixed,controlled,5,1,0,0.01763973496862485,custom,"{""bfgs"": 0.20353426635265354, ""custom"": 0.027023361623287202}",0.003177450348933538,0.003177450348933538,stage3_l_opt,l_opt_current_alpha,0.44757564825840285,0.22378782412920145,0.5,True,False,,True,2010,9515
8,2,0.3,0.0,uniform,0,trimmed,0.5,fixed,controlled,5,1,1,0.014139700986703488,custom,"{""bfgs"": 0.19261203393240262, ""custom"": 0.024931038397247855}",0.005457092076539993,0.005457092076539993,stage3_l_opt,l_opt_current_alpha,0.40794349169051514,0.20397174584525757,0.5,True,False,0.0022796417276064553,True,3420,16640
8,2,0.3,0.0,uniform,0,trimmed,0.5,fixed,controlled,5,1,2,0.015651865233124465,custom,"{""bfgs"": 0.19760714477163882, ""custom"": 0.02653961241772219}",0.004634875804185867,0.004634875804185867,stage3_l_opt,l_opt_current_alpha,0.212761648590467,0.10638082429523349,0.5,True,False,-0.000822216272354126,True,5060,23470
8,2,0.3,0.0,uniform,0,trimmed,0.5,fixed,controlled,5,1,3,0.01670078666494204,custom,"{""bfgs"": 0.20562585282200582, ""custom"": 0.029568108292100836}",0.003828143080075582,0.003828143080075582,stage3_l_opt,l_opt_current_alpha,0.07968985536584183,0.03984492768292097,0.5,True,False,-0.0008067327241102853,True,6595,31750
8,2,0.3,0.0,uniform,0,trimmed,0.5,fixed,controlled,5,1,4,0.016437339057364733,custom,"{""bfgs"": 0.20339027582617156, ""custom"": 0.02889306586442257}",0.004004259904225667,0.004004259904225667,stage3_l_opt,l_opt_current_alpha,0.026432708725439027,0.013216354362719542,0.5,True,False,0.00017611682415008502,True,8390,40330
8,2,0.3,0.0,uniform,0,trimmed,0.5,fixed,controlled,5,1,5,0.017628116611837427,custom,"{""bfgs"": 0.20433034909752468, ""custom"": 0.02910967393748118}",0.0031846724450588226,0.0031846724450588226,stage3_l_opt,l_opt_current_alpha,0.03131543427210705,0.01565771713605351,0.5,True,False,-0.0008195874591668444,True,10070,47520
8,2,0.3,0.0,uniform,0,trimmed,0.5,fixed,controlled,5,1,6,0.016493525852166915,custom,"{""bfgs"": 0.20228293737880543, ""custom"": 0.02859264568457948}",0.003966532647609711,0.003966532647609711,stage3_l_opt,l_opt_current_alpha,0.0903267597775298,0.045163379888764885,0.5,True,False,0.0007818602025508881,True,11945,54755
8,2,0.3,0.0,uniform,0,trimmed,0.5,fixed,controlled,5,1,7,0.01688306329168697,custom,"{""bfgs"": 0.2030053745677941, ""custom"": 0.0287116773946625}",0.003702782094478607,0.003702782094478607,stage3_l_opt,l_opt_current_alpha,0.0526583448879097,0.02632917244395489,0.5,True,False,-0.0002637505531311035,True,13870,64060
8,2,0.3,0.0,uniform,0,trimmed,0.5,fixed,controlled,5,1,8,0.016201852310456927,custom,"{""bfgs"": 0.2030931105267883, ""custom"": 0.028997289264031906}",0.004158404966195424,0.004158404966195424,stage3_l_opt,l_opt_current_alpha,0.0656614624604546,0.03283073123022735,0.5,True,False,0.00045562287171681693,True,15540,72850
8,2,0.3,0.0,uniform,0,trimmed,0.5,fixed,controlled,5,1,9,0.017511392112311883,custom,"{""bfgs"": 0.20386927213553038, ""custom"": 0.029048939149319754}",0.003268759697675705,0.003268759697675705,stage3_l_opt,l_opt_current_alpha,0.2379540402456676,0.11897702012283376,0.5,True,False,-0.0008896452685197192,True,17500,81800
8,2,0.3,0.0,uniform,0,trimmed,0.5,fixed,controlled,5,1,10,0.01611362070037632,custom,"{""bfgs"": 0.19755262871261936, ""custom"": 0.027732443489238142}",0.004234512646993001,0.004234512646993001,stage3_l_opt,l_opt_current_alpha,0.3664863036822632,0.18324315184113166,0.5,True,False,0.0009657529493172961,True,18990,89075
8,2,0.3,0.0,uniform,0,trimmed,0.5,fixed,controlled,5,1,11,0.016087177999440247,custom,"{""bfgs"": 0.2000177385451093, ""custom"": 0.026865698008161906}",0.004238373289505641,0.004238373289505641,stage3_l_opt,l_opt_current_alpha,0.24833070182684086,0.12416535091342044,0.5,True,False,3.860642512639942e-06,True,20810,95425
8,2,0.3,0.0,uniform,0,trimmed,0.5,fixed,controlled,5,1,12,0.016276481861304953,custom,"{""bfgs"": 0.2045649299599633, ""custom"": 0.028811730559205835}",0.0041167934735616045,0.0041167934735616045,stage3_l_opt,l_opt_current_alpha,0.092717726622767,0.04635886331138346,0.5,True,False,-0.00012157981594403643,True,22770,105500
8,2,0.3,0.0,uniform,0,trimmed,0.5,fixed,controlled,5,1,13,0.016407682387499595,custom,"{""bfgs"": 0.2047356667078052, ""custom"": 0.029205026429990323}",0.0040315960844357806,0.0040315960844357806,stage3_l_opt,l_opt_current_alpha,0.2674709414251498,0.1337354707125749,0.5,True,False,-8.519738912582397e-05,True,24535,112795
8,2,0.3,0.0,uniform,0,trimmed,0.5,fixed,controlled,5,1,14,0.016526912842834238,custom,"{""bfgs"": 0.196055107773563, ""custom"": 0.026950373989915646}",0.003945746769507726,0.003945746769507726,stage3_l_opt,l_opt_current_alpha,0.47680273030713094,0.23840136515356547,0.5,True,False,-8.584931492805481e-05,True,26110,121365
8,2,0.3,0.0,uniform,0,trimmed,0.5,fixed,controlled,5,1,15,0.0160480327047835,custom,"{""bfgs"": 0.1958959244806998, ""custom"": 0.025444300386793944}",0.004265180478493373,0.004265180478493373,stage3_l_opt,l_opt_current_alpha,0.2996491758285412,0.14982458791427064,0.5,True,False,0.00031943370898564714,True,27995,128910
8,2,0.3,0.0,uniform,0,trimmed,0.5,fixed,controlled,5,1,16,0.015944956380381778,custom,"{""bfgs"": 0.18593846719557733, ""custom"": 0.02196771781535557}",0.0044168345630168915,0.0044168345630168915,stage3_l_opt,l_opt_current_alpha,0.4500663107337714,0.22503315536688573,0.5,True,False,0.0001516540845235186,True,29560,136575
8,2,0.3,0.0,uniform,0,trimmed,0.5,fixed,controlled,5,1,17,0.011613648024049544,custom,"{""bfgs"": 0.1760677902918776, ""custom"": 0.01782469222808202}",0.006916996091604233,0.006916996091604233,stage3_l_opt,l_opt_current_alpha,0.42893256372675703,0.21446628186337852,0.5,True,False,0.0025001615285873413,True,31260,144640
8,2,0.3,0.0,uniform,0,trimmed,0.5,fixed,controlled,5,1,18,0.023437732885151386,bfgs,"{""bfgs"": 0.010047292580424031, ""custom"": 0.014143403092013423}",0.019125044345855713,0.019125044345855713,stage3_l_opt,l_opt_current_alpha,0.7826581536977548,0.39132907684887747,0.5,True,False,0.01220804825425148,True,31815,150550
8,2,0.3,0.0,uniform,0,trimmed,0.5,fixed,controlled,5,1,19,0.010184170750137403,custom,"{""bfgs"": 0.06621397354638107, ""custom"": 0.007651185536821491}",0.007690149048964183,0.007690149048964183,stage3_l_opt,l_opt_current_alpha,0.4923147356681845,0.24615736783409226,0.5,True,False,-0.01143489529689153,True,33550,158605
9,2,0.3,0.0,uniform,0,trimmed,0.0,fixed,controlled,5,1,0,0.010684899365535357,custom,"{""bfgs"": 0.0888593465089798, ""custom"": 0.012742618657648565}",0.013129315959910551,0.013129315959910551,stage3_l_opt,l_opt_current_alpha,,0.0,0.0,False,False,,False,1795,10175
9,2,0.3,0.0,uniform,0,trimmed,0.5,fixed,controlled,5,1,0,0.010684899365535357,custom,"{""bfgs"": 0.0888593465089798, ""custom"": 0.012742618657648565}",0.013129315959910551,0.013129315959910551,stage3_l_opt,l_opt_current_alpha,,0.0,0.5,False,False,,False,1795,10175
10,2,0.3,0.0,uniform,0,trimmed,0.0,fixed,controlled,5,1,0,0.007469640275509878,custom,"{""bfgs"": 0.03170779086649418, ""custom"": 0.013463879004120828}",0.012106168394287428,0.012106168394287428,stage3_l_opt,l_opt_current_alpha,0.9866770621097852,0.0,0.0,False,False,,True,2350,3250
10,2,0.3,0.0,uniform,0,trimmed,0.5,fixed,controlled,5,1,0,0.007469640275509878,custom,"{""bfgs"": 0.03170779086649418, ""custom"": 0.013463879004120828}",0.012106168394287428,0.012106168394287428,stage3_l_opt,l_opt_current_alpha,0.9866770621097852,0.49333853105489256,0.5,True,False,,True,2350,3250
10,2,0.3,0.0,uniform,0,trimmed,0.5,fixed,controlled,5,1,1,0.005323104455920574,custom,"{""bfgs"": 0.02684400883194665, ""custom"": 0.009476513983721483}",0.010367070014278093,0.010367070014278093,stage3_l_opt,l_opt_current_alpha,1.7527613011276462,0.8763806505638231,0.5,True,False,-0.0017390983800093344,True,4190,7275
10,2,0.3,0.0,uniform,0,trimmed,0.5,fixed,controlled,5,1,2,0.02274600628525892,custom,"{""bfgs"": 0.020502525084148196, ""custom"": 0.009885995940997613}",0.019227999572952587,0.019227999572952587,stage3_l_opt,l_opt_current_alpha,0.876380650563823,0.43819032528191154,0.5,True,False,0.008860929558674494,True,6435,13425
10,2,0.3,0.0,uniform,0,trimmed,0.5,fixed,controlled,5,1,3,0.02470145698889,custom,"{""bfgs"": 0.019519074817445387, ""custom"": 0.0058495862033380065}",0.02146935152510802,0.02146935152510802,stage3_l_opt,l_opt_current_alpha,1.2876245059637406,0.6438122529818702,0.5,True,False,0.0022413519521554334,True,9275,18980
10,2,0.3,0.0,uniform,0,trimmed,0.5,fixed,controlled,5,1,4,0.017408869054488033,custom,"{""bfgs"": 0.012604405550654178, ""custom"": 0.008445881089617776}",0.017911842092871666,0.017911842092871666,stage3_l_opt,l_opt_current_alpha,0.4996512669709001,0.24982563348545006,0.5,True,False,-0.0035575094322363547,True,12670,24255
10,2,0.3,0.0,uniform,0,trimmed,0.5,fixed,controlled,5,1,5,0.010268459755046484,custom,"{""bfgs"": 0.014644836572891548, ""custom"": 0.011828172701270696}",0.01548209103445212,0.01548209103445212,stage3_l_opt,l_opt_current_alpha,0.6147721756719843,0.3073860878359921,0.5,True,False,-0.002429751058419546,True,15635,30405
10,2,0.3,0.0,uniform,0,trimmed,0.5,fixed,controlled,5,1,6,0.0008763980066327712,custom,"{""bfgs"": 0.028562873634851486, ""custom"": 0.015070739429523467}",0.01497968410452207,0.01497968410452207,stage3_l_opt,l_opt_current_alpha,0.7877744400713788,0.3938872200356893,0.5,True,False,-0.00050240692993005,True,18575,34930
10,2,0.3,0.0,uniform,0,trimmed,0.5,fixed,controlled,5,1,7,0.00020598242061051902,custom,"{""bfgs"": 0.021584744489189338, ""custom"": 0.01618223560799123}",0.014969715227683386,0.014969715227683386,stage3_l_opt,l_opt_current_alpha,1.4041696324116966,0.7020848162058484,0.5,True,False,-9.968876838684082e-06,True,20800,41120
10,2,0.3,0.0,uniform,0,trimmed,0.5,fixed,controlled,5,1,8,0.022508218787370624,custom,"{""bfgs"": 0.019773744488856913, ""custom"": 0.00870599110804964}",0.01916379543642203,0.01916379543642203,stage3_l_opt,l_opt_current_alpha,0.40500465724654355,0.2025023286232718,0.5,True,False,0.0041940802087386455,True,22460,45750
10,2,0.3,0.0,uniform,0,trimmed,0.5,fixed,controlled,5,1,9,0.02838661896431209,custom,"{""bfgs"": 0.012433060059137578, ""custom"": 0.010835419710556076}",0.028397780532638233,0.028397780532638233,stage3_l_opt,l_opt_current_alpha,1.8326913543541148,0.9163456771770575,0.5,True,False,0.009233985096216202,True,24150,49135
10,2,0.3,0.0,uniform,0,trimmed,0.5,fixed,controlled,5,1,10,0.018176638676064713,custom,"{""bfgs"": 0.018097987440194325, ""custom"": 0.007148477935854932}",0.021705692013104756,0.021705692013104756,stage3_l_opt,l_opt_current_alpha,,0.0,0.5,False,False,-0.0066920885195334776,False,27080,53930
11,2,0.3,0.0,uniform,0,trimmed,0.0,fixed,controlled,5,1,0,0.0023419634482866524,bfgs,"{""bfgs"": 0.014331766590476037, ""custom"": 0.019788743928074837}",0.010184084375699362,0.010184084375699362,stage3_l_opt,l_opt_current_alpha,0.1961791909056749,0.0,0.0,False,False,,True,1835,7135
11,2,0.3,0.0,uniform,0,trimmed,0.5,fixed,controlled,5,1,0,0.0023419634482866524,bfgs,"{""bfgs"": 0.014331766590476037, ""custom"": 0.019788743928074837}",0.010184084375699362,0.010184084375699362,stage3_l_opt,l_opt_current_alpha,0.1961791909056749,0.09808959545283741,0.5,True,False,,True,1835,7135
11,2,0.3,0.0,uniform,0,trimmed,0.5,fixed,controlled,5,1,1,0.0028214172433614236,bfgs,"{""bfgs"": 0.017238670995349974, ""custom"": 0.021054184987722366}",0.015473489960034689,0.015473489960034689,stage3_l_opt,l_opt_current_alpha,1.1566079180920064,0.5783039590460031,0.5,True,False,0.005289405584335327,True,3300,14925
11,2,0.3,0.0,uniform,0,trimmed,0.5,fixed,controlled,5,1,2,0.004869248518696381,bfgs,"{""bfgs"": 0.019262434102010336, ""custom"": 0.020805386895494216}",0.022028496488928795,0.022028496488928795,stage3_l_opt,l_opt_current_alpha,0.8762651377930983,0.4381325688965491,0.5,True,False,0.006555006528894106,True,5300,24175
11,2,0.3,0.0,uniform,0,trimmed,0.5,fixed,controlled,5,1,3,0.0014299667383207218,bfgs,"{""bfgs"": 0.02011320280420831, ""custom"": 0.021677949774081336}",0.014455104246735573,0.014455104246735573,stage3_l_opt,l_opt_current_alpha,0.4098384402983175,0.20491922014915875,0.5,True,False,-0.007573392242193222,True,8055,32025
11,2,0.3,0.0,uniform,0,trimmed,0.5,fixed,controlled,5,1,4,0.020192806291362976,custom,"{""bfgs"": 0.0453738400971574, ""custom"": 0.026297595335443888}",0.029276577134927113,0.029276577134927113,stage3_l_opt,l_opt_current_alpha,1.2582410515604945,0.6291205257802472,0.5,True,False,0.01482147288819154,True,9235,39080
11,2,0.3,0.0,uniform,0,trimmed,0.5,fixed,controlled,5,1,5,0.03481445250645985,custom,"{""bfgs"": 0.084772308690214, ""custom"": 0.015029750282318217}",0.04004706690708796,0.04004706690708796,stage3_l_opt,l_opt_current_alpha,0.963180735659499,0.4815903678297495,0.5,True,False,0.010770489772160847,True,11415,47085
11,2,0.3,0.0,uniform,0,trimmed,0.5,fixed,controlled,5,1,6,0.004007363374236378,custom,"{""bfgs"": 0.029096629849160584, ""custom"": 0.020880103881571622}",0.02212698757648468,0.02212698757648468,stage3_l_opt,l_opt_current_alpha,1.1107108936099968,0.5553554468049984,0.5,True,False,-0.01792007933060328,True,12490,55370
11,2,0.3,0.0,uniform,0,trimmed,0.5,fixed,controlled,5,1,7,0.03944585498466336,custom,"{""bfgs"": 0.016702892126375803, ""custom"": 0.014654962497702642}",0.044887103140354156,0.044887103140354156,stage3_l_opt,l_opt_current_alpha,1.7797720453363348,0.8898860226681674,0.5,True,False,0.022760115563869476,True,14985,63605
11,2,0.3,0.0,uniform,0,trimmed,0.5,fixed,controlled,5,1,8,0.011154828062740239,custom,"{""bfgs"": 0.1107709710181039, ""custom"": 0.020850133066955732}",0.02164222796758016,0.02164222796758016,stage3_l_opt,l_opt_current_alpha,0.7906542668232228,0.3953271334116114,0.5,True,False,-0.023244875172773998,True,17015,72155
11,2,0.3,0.0,uniform,0,trimmed,0.5,fixed,controlled,5,1,9,0.008699664237086527,bfgs,"{""bfgs"": 0.016771856521072607, ""custom"": 0.01980018880171295}",0.007358201468984286,0.007358201468984286,stage3_l_opt,l_opt_current_alpha,0.16235535840682896,0.08117767920341444,0.5,True,False,-0.014284026498595871,True,19015,81160
11,2,0.3,0.0,uniform,0,trimmed,0.5,fixed,controlled,5,1,10,0.010072348210788357,bfgs,"{""bfgs"": 0.019371030448537167, ""custom"": 0.021319148050530767}",0.011657622953255972,0.011657622953255972,stage3_l_opt,l_opt_current_alpha,0.5609915526711954,0.2804957763355977,0.5,True,False,0.004299421484271686,True,22085,88580
11,2,0.3,0.0,uniform,0,trimmed,0.5,fixed,controlled,5,1,11,0.020554105105722326,custom,"{""bfgs"": 0.11426996789674242, ""custom"": 0.02580399823492034}",0.02926355352004369,0.02926355352004369,stage3_l_opt,l_opt_current_alpha,0.6405854372916172,0.32029271864580866,0.5,True,False,0.01760593056678772,True,23495,98625
11,2,0.3,0.0,uniform,0,trimmed,0.5,fixed,controlled,5,1,12,0.0003645114446896331,custom,"{""bfgs"": 0.1085769603337668, ""custom"": 0.022085905500418734}",0.010403777162233988,0.010403777162233988,stage3_l_opt,l_opt_current_alpha,0.238505469104744,0.11925273455237193,0.5,True,False,-0.0188597763578097,True,25620,110265
11,2,0.3,0.0,uniform,0,trimmed,0.5,fixed,controlled,5,1,13,0.00758807182361429,custom,"{""bfgs"": 0.06546600172503592, ""custom"": 0.01884861367188325}",0.007472559188803037,0.007472559188803037,stage3_l_opt,l_opt_current_alpha,0.30094492023357955,0.15047246011678972,0.5,True,False,-0.002931217973430951,True,27150,117115
11,2,0.3,0.0,uniform,0,trimmed,0.5,fixed,controlled,5,1,14,0.0030137310769856873,custom,"{""bfgs"": 0.04020455423953893, ""custom"": 0.019457217452038454}",0.01007057415942351,0.01007057415942351,stage3_l_opt,l_opt_current_alpha,0.413476800732253,0.20673840036612656,0.5,True,False,0.002598014970620473,True,29575,123490
11,2,0.3,0.0,uniform,0,trimmed,0.5,fixed,controlled,5,1,15,0.005881991263714387,custom,"{""bfgs"": 0.11062726525535212, ""custom"": 0.02406013989078223}",0.018356211483478546,0.018356211483478546,stage3_l_opt,l_opt_current_alpha,0.5893800770462723,0.294690038523136,0.5,True,False,0.008285637324055036,True,31195,136190
11,2,0.3,0.0,uniform,0,trimmed,0.5,fixed,controlled,5,1,16,0.004893596291273803,custom,"{""bfgs"": 0.10600676032967694, ""custom"": 0.0226454460756684}",0.014962248504161835,0.014962248504161835,stage3_l_opt,l_opt_current_alpha,0.2946900385231361,0.14734501926156807,0.5,True,False,-0.0033939629793167114,True,34255,144295
11,2,0.3,0.0,uniform,0,trimmed,0.5,fixed,controlled,5,1,17,0.007528088077605154,custom,"{""bfgs"": 0.10410502772803867, ""custom"": 0.020652764922099148}",0.008651720359921455,0.008651720359921455,stage3_l_opt,l_opt_current_alpha,0.3688834076935294,0.1844417038467647,0.5,True,False,-0.006310528144240379,True,37125,154290
11,2,0.3,0.0,uniform,0,trimmed,0.5,fixed,controlled,5,1,18,0.00785281497577476,custom,"{""bfgs"": 0.022952002754278923, ""custom"": 0.019290539080945933}",0.007861326759060224,0.007861326759060224,stage3_l_opt,l_opt_current_alpha,0.4035787039157432,0.20178935195787162,0.5,True,False,-0.0007903936008612309,True,39115,162805
11,2,0.3,0.0,uniform,0,trimmed,0.5,fixed,controlled,5,1,19,0.0048677494745625206,custom,"{""bfgs"": 0.09969189731439501, ""custom"": 0.021146307570102392}",0.0114875677973032,0.0114875677973032,stage3_l_opt,l_opt_current_alpha,0.5572041195293379,0.27860205976466895,0.5,True,False,0.0036262410382429753,True,39795,172450
12,2,0.3,0.0,uniform,0,trimmed,0.0,fixed,controlled,5,1,0,0.038087658879806946,custom,"{""bfgs"": 0.3177198916673661, ""custom"": 0.024627819657325745}",0.015064116567373276,0.015064116567373276,stage3_l_opt,l_opt_current_alpha,1.3416583055563254,0.0,0.0,False,False,,True,1585,10975
12,2,0.3,0.0,uniform,0,trimmed,0.5,fixed,controlled,5,1,0,0.038087658879806946,custom,"{""bfgs"": 0.3177198916673661, ""custom"": 0.024627819657325745}",0.015064116567373276,0.015064116567373276,stage3_l_opt,l_opt_current_alpha,1.3416583055563254,0.6708291527781627,0.5,True,False,,True,1585,10975
12,2,0.3,0.0,uniform,0,trimmed,0.5,fixed,controlled,5,1,1,0.043783345691202374,custom,"{""bfgs"": 0.28493489946783707, ""custom"": 0.026540264277927363}",0.04542319290339947,0.04542319290339947,stage3_l_opt,l_opt_current_alpha,0.810558282660355,0.40527914133017745,0.5,True,False,0.03035907633602619,True,3535,19550
12,2,0.3,0.0,uniform,0,trimmed,0.5,fixed,controlled,5,1,2,0.022626056628829203,custom,"{""bfgs"": 0.2671241477666685, ""custom"": 0.01408667071076174}",0.01342373030881087,0.01342373030881087,stage3_l_opt,l_opt_current_alpha,0.2897442829918144,0.1448721414959072,0.5,True,False,-0.0319994625945886,True,5545,29350
12,2,0.3,0.0,uniform,0,trimmed,0.5,fixed,controlled,5,1,3,0.022357554024166074,custom,"{""bfgs"": 0.2505311238551142, ""custom"": 0.015840191664958723}",0.013111799334486326,0.013111799334486326,stage3_l_opt,l_opt_current_alpha,0.28903925525352636,0.14451962762676313,0.5,True,False,-0.0003119309743245431,True,7735,37840
12,2,0.3,0.0,uniform,0,trimmed,0.5,fixed,controlled,5,1,4,0.0288183219730605,custom,"{""bfgs"": 0.2510233011772174, ""custom"": 0.013659518489368219}",0.01877850480377674,0.01877850480377674,stage3_l_opt,l_opt_current_alpha,0.4610697569284413,0.23053487846422066,0.5,True,False,0.005666705469290415,True,9845,43800
12,2,0.3,0.0,uniform,0,trimmed,0.5,fixed,controlled,5,1,5,0.01917796447313476,custom,"{""bfgs"": 0.24889436694838823, ""custom"": 0.01919206652372739}",0.015596237654487291,0.015596237654487291,stage3_l_opt,l_opt_current_alpha,0.3827290547734978,0.19136452738674886,0.5,True,False,-0.0031822671492894496,True,11835,51030
12,2,0.3,0.0,uniform,0,trimmed,0.5,fixed,controlled,5,1,6,0.030503866845265293,custom,"{""bfgs"": 0.24939749967869002, ""custom"": 0.014653620383126502}",0.020239034667611122,0.020239034667611122,stage3_l_opt,l_opt_current_alpha,0.4251037857102117,0.21255189285510587,0.5,True,False,0.004642797013123831,True,14945,59585
12,2,0.3,0.0,uniform,0,trimmed,0.5,fixed,controlled,5,1,7,0.02149633965505278,custom,"{""bfgs"": 0.3005104628083882, ""custom"": 0.013031456484264303}",0.012036471938093504,0.012036471938093504,stage3_l_opt,l_opt_current_alpha,0.7232858313160478,0.3616429156580239,0.5,True,False,-0.008202562729517618,True,16940,68260
12,2,0.3,0.0,uniform,0,trimmed,0.5,fixed,controlled,5,1,8,0.044357178473389144,custom,"{""bfgs"": 0.29056552815747305, ""custom"": 0.016355192539064853}",0.03641572408378124,0.03641572408378124,stage3_l_opt,l_opt_current_alpha,0.5246539709990103,0.26232698549950517,0.5,True,False,0.024379252145687737,True,18930,74600
12,2,0.3,0.0,uniform,0,trimmed,0.5,fixed,controlled,5,1,9,0.02228033638064436,custom,"{""bfgs"": 0.27139857091007363, ""custom"": 0.01664054261982438}",0.013008837277690569,0.013008837277690569,stage3_l_opt,l_opt_current_alpha,0.37002313979864265,0.18501156989932133,0.5,True,False,-0.023406886806090675,True,20850,83335
12,2,0.3,0.0,uniform,0,trimmed,0.5,fixed,controlled,5,1,10,0.02970966598928268,custom,"{""bfgs"": 0.26095656487496127, ""custom"": 0.013978893853008847}",0.01955098348359267,0.01955098348359267,stage3_l_opt,l_opt_current_alpha,0.42916317070751075,0.21458158535375538,0.5,True,False,0.006542146205902101,True,22855,91195
12,2,0.3,0.0,uniform,0,trimmed,0.5,fixed,controlled,5,1,11,0.01917735215772444,custom,"{""bfgs"": 0.306862201681883, ""custom"": 0.015307018177542604}",0.01559599426885446,0.01559599426885446,stage3_l_opt,l_opt_current_alpha,0.36947969466948266,0.18473984733474133,0.5,True,False,-0.003954989214738211,True,24500,100690
12,2,0.3,0.0,uniform,0,trimmed,0.5,fixed,controlled,5,1,12,0.019989060310429907,custom,"{""bfgs"": 0.278903803879161, ""custom"": 0.012417152134010099}",0.00983098583916823,0.00983098583916823,stage3_l_opt,l_opt_current_alpha,0.11508210775313163,0.05754105387656579,0.5,True,False,-0.00576500842968623,True,26240,109710
12,2,0.3,0.0,uniform,0,trimmed,0.5,fixed,controlled,5,1,13,0.02201271410324769,custom,"{""bfgs"": 0.26892947537768763, ""custom"": 0.012272374125644527}",0.012681016698479652,0.012681016698479652,stage3_l_opt,l_opt_current_alpha,0.16113536637449727,0.0805676831872486,0.5,True,False,0.0028500308593114223,True,28375,119445
12,2,0.3,0.0,uniform,0,trimmed,0.5,fixed,controlled,5,1,14,0.03293450010692413,custom,"{""bfgs"": 0.2590853418654941, ""custom"": 0.012248255845794033}",0.022345393275221188,0.022345393275221188,stage3_l_opt,l_opt_current_alpha,0.3178280090791398,0.15891400453956994,0.5,True,False,0.009664376576741535,True,31385,127445
12,2,0.3,0.0,uniform,0,trimmed,0.5,fixed,controlled,5,1,15,0.019975661044257423,custom,"{""bfgs"": 0.2736546620830173, ""custom"": 0.014350295740785751}",0.009800617272655169,0.009800617272655169,stage3_l_opt,l_opt_current_alpha,0.2809510695293341,0.1404755347646671,0.5,True,False,-0.012544776002566019,True,33435,138945
12,2,0.3,0.0,uniform,0,trimmed,0.5,fixed,controlled,5,1,16,0.029878232568981797,custom,"{""bfgs"": 0.27153318626995165, ""custom"": 0.014946039329725783}",0.019697049632668495,0.019697049632668495,stage3_l_opt,l_opt_current_alpha,0.39465759294752073,0.1973287964737604,0.5,True,False,0.009896432360013327,True,35335,146980
12,2,0.3,0.0,uniform,0,trimmed,0.5,fixed,controlled,5,1,17,0.019181035825344556,custom,"{""bfgs"": 0.24851055776629932, ""custom"": 0.01952732260837921}",0.015596207852164904,0.015596207852164904,stage3_l_opt,l_opt_current_alpha,0.3920811540817131,0.19604057704085656,0.5,True,False,-0.0041008417805035915,True,37265,155770
12,2,0.3,0.0,uniform,0,trimmed,0.5,fixed,controlled,5,1,18,0.04442191028538521,custom,"{""bfgs"": 0.24955230486225574, ""custom"": 0.015852051792209523}",0.04287204767266909,0.04287204767266909,stage3_l_opt,l_opt_current_alpha,0.19604057704085662,0.09802028852042831,0.5,True,False,0.02727583982050419,True,38930,162435
12,2,0.3,0.0,uniform,0,trimmed,0.5,fixed,controlled,5,1,19,0.045476898019502,custom,"{""bfgs"": 0.2499803589277544, ""custom"": 0.015139496011936978}",0.046020551274220146,0.046020551274220146,stage3_l_opt,l_opt_current_alpha,0.8423707561271245,0.4211853780635624,0.5,True,False,0.003148503601551056,True,41435,170205
13,2,0.3,0.0,uniform,0,trimmed,0.0,fixed,controlled,5,1,0,0.005410578866840725,bfgs,"{""bfgs"": 0.008303495310246945, ""custom"": 0.010180202312767506}",0.006543563989301522,0.006543563989301522,stage3_l_opt,l_opt_current_alpha,0.7693735132733286,0.0,0.0,False,False,,True,2035,9485
13,2,0.3,0.0,uniform,0,trimmed,0.5,fixed,controlled,5,1,0,0.005410578866840725,bfgs,"{""bfgs"": 0.008303495310246945, ""custom"": 0.010180202312767506}",0.006543563989301522,0.006543563989301522,stage3_l_opt,l_opt_current_alpha,0.7693735132733286,0.3846867566366642,0.5,True,False,,True,2035,9485
13,2,0.3,0.0,uniform,0,trimmed,0.5,fixed,controlled,5,1,1,0.00858866260456786,custom,"{""bfgs"": 0.017482543975079038, ""custom"": 0.008560306202599436}",0.010776121479769548,0.010776121479769548,stage3_l_opt,l_opt_current_alpha,1.7566867566366642,0.8783433783183321,0.5,True,False,0.004232557490468026,True,5145,17540
13,2,0.3,0.0,uniform,0,trimmed,0.5,fixed,controlled,5,1,2,0.019400818863632603,custom,"{""bfgs"": 0.013105801674508472, ""custom"": 0.007256441865560086}",0.013704817742109299,0.013704817742109299,stage3_l_opt,l_opt_current_alpha,1.1497890643243573,0.5748945321621788,0.5,True,False,0.0029286962623397503,True,7210,25785
13,2,0.3,0.0,uniform,0,trimmed,0.5,fixed,controlled,5,1,3,0.0151212938161489,custom,"{""bfgs"": 0.009871076288001518, ""custom"": 0.006741956594177101}",0.007997401989996433,0.007997401989996433,stage3_l_opt,l_opt_current_alpha,0.2641360981820667,0.13206804909103337,0.5,True,False,-0.0057074157521128654,True,9460,35035
13,2,0.3,0.0,uniform,0,trimmed,0.5,fixed,controlled,5,1,4,0.01513270269511435,custom,"{""bfgs"": 0.02778130918478652, ""custom"": 0.006262019071955152}",0.007989685672024885,0.007989685672024885,stage3_l_opt,l_opt_current_alpha,0.3188375136849442,0.15941875684247214,0.5,True,False,-7.716317971548023e-06,True,11715,47010
13,2,0.3,0.0,uniform,0,trimmed,0.5,fixed,controlled,5,1,5,0.015129532553533474,custom,"{""bfgs"": 0.009733513901081507, ""custom"": 0.00606308837584814}",0.007992156781256199,0.007992156781256199,stage3_l_opt,l_opt_current_alpha,0.41383941890253084,0.20691970945126542,0.5,True,False,2.471109231313648e-06,True,15055,57525
13,2,0.3,0.0,uniform,0,trimmed,0.5,fixed,controlled,5,1,6,0.015087130564733061,custom,"{""bfgs"": 0.012589039484970017, ""custom"": 0.007153462369381679}",0.008006238689025244,0.008006238689025244,stage3_l_opt,l_opt_current_alpha,0.7122250713115894,0.3561125356557947,0.5,True,False,1.4081907769044819e-05,True,18560,68340
13,2,0.3,0.0,uniform,0,trimmed,0.5,fixed,controlled,5,1,7,0.0074500467308331285,custom,"{""bfgs"": 0.10633105244982366, ""custom"": 0.007323705294270568}",0.010223047497371832,0.010223047497371832,stage3_l_opt,l_opt_current_alpha,1.5979668886593656,0.7989834443296828,0.5,True,False,0.0022168088083465882,True,20225,78100
13,2,0.3,0.0,uniform,0,trimmed,0.5,fixed,controlled,5,1,8,0.020092034281168198,custom,"{""bfgs"": 0.007396272770306932, ""custom"": 0.007182057328251473}",0.015394800653060278,0.015394800653060278,stage3_l_opt,l_opt_current_alpha,0.9473135751316104,0.4736567875658052,0.5,True,False,0.005171753155688446,True,23365,89295
13,2,0.3,0.0,uniform,0,trimmed,0.5,fixed,controlled,5,1,9,0.015127884938516033,custom,"{""bfgs"": 0.010664726506778197, ""custom"": 0.0051718859646065875}",0.007991863725086054,0.007991863725086054,stage3_l_opt,l_opt_current_alpha,0.678234141321357,0.3391170706606785,0.5,True,False,-0.007402936927974224,True,25625,99860
13,2,0.3,0.0,uniform,0,trimmed,0.5,fixed,controlled,5,1,10,0.010912562804402713,custom,"{""bfgs"": 0.024525721395902225, ""custom"": 0.010193385967844146}",0.010595321655273438,0.010595321655273438,stage3_l_opt,l_opt_current_alpha,1.2846874345486465,0.6423437172743233,0.5,True,False,0.0026034579301873837,True,27730,107530
13,2,0.3,0.0,uniform,0,trimmed,0.5,fixed,controlled,5,1,11,0.007322780607175082,custom,"{""bfgs"": 0.01396606301375982, ""custom"": 0.008742768104578589}",0.010164170525968075,0.010164170525968075,stage3_l_opt,l_opt_current_alpha,0.3945993021609732,0.19729965108048664,0.5,True,False,-0.0004311511293053627,True,30465,117155
13,2,0.3,0.0,uniform,0,trimmed,0.5,fixed,controlled,5,1,12,0.00808771097953389,custom,"{""bfgs"": 0.0902068833361731, ""custom"": 0.008772680566965858}",0.010498758715887865,0.010498758715887865,stage3_l_opt,l_opt_current_alpha,1.2576954748152183,0.628847737407609,0.5,True,False,0.0003345881899197902,True,32605,126505
13,2,0.3,0.0,uniform,0,trimmed,0.5,fixed,controlled,5,1,13,0.008084172272568378,custom,"{""bfgs"": 0.037744608703003384, ""custom"": 0.005206443608902124}",0.010515758457283178,0.010515758457283178,stage3_l_opt,l_opt_current_alpha,0.591080725435022,0.29554036271751105,0.5,True,False,1.6999741395313378e-05,True,34510,133605
13,2,0.3,0.0,uniform,0,trimmed,0.5,fixed,controlled,5,1,14,0.008074277165078367,custom,"{""bfgs"": 0.03565642017384595, ""custom"": 0.0034670437665721672}",0.010518795810639858,0.010518795810639858,stage3_l_opt,l_opt_current_alpha,0.3374715094455311,0.16873575472276556,0.5,True,False,3.037353356679859e-06,True,34990,141040
13,2,0.3,0.0,uniform,0,trimmed,0.5,fixed,controlled,5,1,15,0.008074115504420169,custom,"{""bfgs"": 0.002663464955645798, ""custom"": 0.0024246487044401605}",0.010515594544510046,0.010515594544510046,stage3_l_opt,l_opt_current_alpha,0.1658223555230599,0.08291117776152981,0.5,True,False,-3.201266129812183e-06,True,38875,147870
13,2,0.3,0.0,uniform,0,trimmed,0.5,fixed,controlled,5,1,16,0.00810019940679654,custom,"{""bfgs"": 0.27274428438076165, ""custom"": 0.00199568159868126}",0.010504865708450476,0.010504865708450476,stage3_l_opt,l_opt_current_alpha,0.08562914089785856,0.042814570448929466,0.5,True,False,-1.0728836059570312e-05,True,40245,157590
13,2,0.3,0.0,uniform,0,trimmed,0.5,fixed,controlled,5,1,17,0.008083452460793398,custom,"{""bfgs"": 0.06875080270274986, ""custom"": 0.0016677007910423608}",0.010515485269327959,0.010515485269327959,stage3_l_opt,l_opt_current_alpha,0.1438208621393115,0.07191043106965575,0.5,True,False,1.0619560877483253e-05,True,42120,165120
13,2,0.3,0.0,uniform,0,trimmed,0.5,fixed,controlled,5,1,18,0.008120076674311966,custom,"{""bfgs"": 0.33408964501448185, ""custom"": 0.0011648524291732782}",0.010541649224857489,0.010541649224857489,stage3_l_opt,l_opt_current_alpha,0.04106355693439872,0.02053177846719941,0.5,True,False,2.6163955529529687e-05,True,46295,175295
13,2,0.3,0.0,uniform,0,trimmed,0.5,fixed,controlled,5,1,19,0.007813576590914844,custom,"{""bfgs"": 0.011558946128174452, ""custom"": 0.0012861164418242793}",0.01039868500083685,0.01039868500083685,stage3_l_opt,l_opt_current_alpha,0.043696169932914024,0.02184808496645696,0.5,True,False,-0.00014296422402063948,True,48075,182650
14,2,0.3,0.0,uniform,0,trimmed,0.0,fixed,controlled,5,1,0,0.0013509672728053788,custom,"{""bfgs"": 0.15034051835536957, ""custom"": 0.017065365612506867}",0.0140552818775177,0.0140552818775177,stage3_l_opt,l_opt_current_alpha,1.568,0.0,0.0,False,False,,True,415,4360
14,2,0.3,0.0,uniform,0,trimmed,0.5,fixed,controlled,5,1,0,0.0013509672728053788,custom,"{""bfgs"": 0.15034051835536957, ""custom"": 0.017065365612506867}",0.0140552818775177,0.0140552818775177,stage3_l_opt,l_opt_current_alpha,1.568,0.784,0.5,True,False,,True,415,4360
14,2,0.3,0.0,uniform,0,trimmed,0.5,fixed,controlled,5,1,1,0.020445355842786103,custom,"{""bfgs"": 0.14500297358632086, ""custom"": 0.013406811088323594}",0.02122718592484792,0.02122718592484792,stage3_l_opt,l_opt_current_alpha,1.568,0.7839999999999999,0.5,True,False,0.007171904047330219,True,725,10355
14,2,0.3,0.0,uniform,0,trimmed,0.5,fixed,controlled,5,1,2,0.0020198937271239865,custom,"{""bfgs"": 0.20643781999410338, ""custom"": 0.011652013284813604}",0.01340451588233312,0.01340451588233312,stage3_l_opt,l_opt_current_alpha,1.2378616616842035,0.6189308308421015,0.5,True,False,-0.0078226700425148,True,965,15965
14,2,0.3,0.0,uniform,0,trimmed,0.5,fixed,controlled,5,1,3,0.008067525175636223,custom,"{""bfgs"": 0.17259403291608474, ""custom"": 0.011526936356790122}",0.007974435885747274,0.007974435885747274,stage3_l_opt,l_opt_current_alpha,0.8080868337188469,0.40404341685942347,0.5,True,False,-0.005430079996585846,True,1240,21615
14,2,0.3,0.0,uniform,0,trimmed,0.5,fixed,controlled,5,1,4,0.00919073480661297,custom,"{""bfgs"": 0.1519885655436597, ""custom"": 0.008469921496861892}",0.007802178462346395,0.007802178462346395,stage3_l_opt,l_opt_current_alpha,0.48394891911954596,0.24197445955977293,0.5,True,False,-0.00017225742340087977,True,1810,29630
14,2,0.3,0.0,uniform,0,trimmed,0.5,fixed,controlled,5,1,5,0.00911184985712267,custom,"{""bfgs"": 0.1649563730693679, ""custom"": 0.009376982455830603}",0.007851026952266693,0.007851026952266693,stage3_l_opt,l_opt_current_alpha,0.35783880669977675,0.1789194033498884,0.5,True,False,4.884848992029855e-05,True,2270,36065
14,2,0.3,0.0,uniform,0,trimmed,0.5,fixed,controlled,5,1,6,0.014264986613999917,custom,"{""bfgs"": 0.175952969035843, ""custom"": 0.005975749153682557}",0.007502232988675435,0.007502232988675435,stage3_l_opt,l_opt_current_alpha,0.7621413699776421,0.381070684988821,0.5,True,False,-0.000348793963591258,True,2865,44005
14,2,0.3,0.0,uniform,0,trimmed,0.5,fixed,controlled,5,1,7,0.009133731801302204,custom,"{""bfgs"": 0.15578757905260782, ""custom"": 0.00869598341508123}",0.007814293106396994,0.007814293106396994,stage3_l_opt,l_opt_current_alpha,0.29594848138757346,0.14797424069378673,0.5,True,False,0.0003120601177215585,True,3140,50515
14,2,0.3,0.0,uniform,0,trimmed,0.5,fixed,controlled,5,1,8,0.009148503590368715,custom,"{""bfgs"": 0.1539359311057142, ""custom"": 0.007541494959784446}",0.007872345546881357,0.007872345546881357,stage3_l_opt,l_opt_current_alpha,0.27137675948093243,0.13568837974046624,0.5,True,False,5.805244048436367e-05,True,3600,54525
14,2,0.3,0.0,uniform,0,trimmed,0.5,fixed,controlled,5,1,9,0.009198861866727224,custom,"{""bfgs"": 0.14588489370469573, ""custom"": 0.006687943830233332}",0.007801353931427002,0.007801353931427002,stage3_l_opt,l_opt_current_alpha,0.16098290446192434,0.08049145223096213,0.5,True,False,-7.09916154543553e-05,True,4005,60445
14,2,0.3,0.0,uniform,0,trimmed,0.5,fixed,controlled,5,1,10,0.009276354949018822,custom,"{""bfgs"": 0.14002666980260453, ""custom"": 0.006200709057920494}",0.007704166074593862,0.007704166074593862,stage3_l_opt,l_opt_current_alpha,0.16899480722651133,0.08449740361325572,0.5,True,False,-9.718785683314034e-05,True,4680,65685
14,2,0.3,0.0,uniform,0,trimmed,0.5,fixed,controlled,5,1,11,0.009137307280070499,custom,"{""bfgs"": 0.14757331676964172, ""custom"": 0.006471575341075876}",0.007821510235468546,0.007821510235468546,stage3_l_opt,l_opt_current_alpha,0.12512441362432355,0.06256220681216178,0.5,True,False,0.00011734416087468436,True,4960,70655
14,2,0.3,0.0,uniform,0,trimmed,0.5,fixed,controlled,5,1,12,0.009206591059303413,custom,"{""bfgs"": 0.14201138817890768, ""custom"": 0.006148190551221411}",0.007736265659332275,0.007736265659332275,stage3_l_opt,l_opt_current_alpha,0.17566407046536592,0.08783203523268295,0.5,True,False,-8.524457613627058e-05,True,5240,75125
14,2,0.3,0.0,uniform,0,trimmed,0.5,fixed,controlled,5,1,13,0.00943898425289341,custom,"{""bfgs"": 0.13439579728073175, ""custom"": 0.00581139324629954}",0.007531809310118358,0.007531809310118358,stage3_l_opt,l_opt_current_alpha,0.18629353878378557,0.09314676939189279,0.5,True,False,-0.00020445634921391776,True,5680,80675
14,2,0.3,0.0,uniform,0,trimmed,0.5,fixed,controlled,5,1,14,0.009225098004587661,custom,"{""bfgs"": 0.1422238833379338, ""custom"": 0.006076628409709258}",0.007756936053435008,0.007756936053435008,stage3_l_opt,l_opt_current_alpha,0.1721576810026757,0.08607884050133782,0.5,True,False,0.0002251267433166504,True,5925,86470
14,2,0.3,0.0,uniform,0,trimmed,0.5,fixed,controlled,5,1,15,0.00936927633837142,custom,"{""bfgs"": 0.13487595226611007, ""custom"": 0.005820740504814003}",0.007508523762226105,0.007508523762226105,stage3_l_opt,l_opt_current_alpha,0.7339449997614723,0.3669724998807362,0.5,True,False,-0.0002484122912089033,True,6190,92185
14,2,0.3,0.0,uniform,0,trimmed,0.5,fixed,controlled,5,1,16,0.00886536040726326,custom,"{""bfgs"": 0.15303381982678183, ""custom"": 0.007894829768237792}",0.0076993852853775024,0.0076993852853775024,stage3_l_opt,l_opt_current_alpha,0.5577959254020198,0.2788979627010099,0.5,True,False,0.0001908615231513977,True,6470,98825
14,2,0.3,0.0,uniform,0,trimmed,0.5,fixed,controlled,5,1,17,0.009109880950283852,custom,"{""bfgs"": 0.14355827880878363, ""custom"": 0.006989161654978659}",0.0077987660964330035,0.0077987660964330035,stage3_l_opt,l_opt_current_alpha,0.44728391680640434,0.2236419584032021,0.5,True,False,9.938081105550101e-05,True,6730,106215
14,2,0.3,0.0,uniform,0,trimmed,0.5,fixed,controlled,5,1,18,0.00922739043184766,custom,"{""bfgs"": 0.14934006172342643, ""custom"": 0.00828604523342393}",0.007764153182506561,0.007764153182506561,stage3_l_opt,l_opt_current_alpha,0.562687538481575,0.28134376924078763,0.5,True,False,-3.4612913926442175e-05,True,7110,117180
14,2,0.3,0.0,uniform,0,trimmed,0.5,fixed,controlled,5,1,19,0.020429036658427255,custom,"{""bfgs"": 0.15659963319096376, ""custom"": 0.009852487959986233}",0.02110267182191213,0.02110267182191213,stage3_l_opt,l_opt_current_alpha,,0.0,0.5,False,False,0.013338518639405567,False,7455,126740
15,2,0.3,0.0,uniform,0,trimmed,0.0,fixed,controlled,5,1,0,0.006477254298991354,custom,"{""bfgs"": 0.16649131327867508, ""custom"": 0.01837843134999275}",0.0161590576171875,0.0161590576171875,stage3_l_opt,l_opt_current_alpha,1.1760000000000002,0.0,0.0,False,False,,True,1950,6075
15,2,0.3,0.0,uniform,0,trimmed,0.5,fixed,controlled,5,1,0,0.006477254298991354,custom,"{""bfgs"": 0.16649131327867508, ""custom"": 0.01837843134999275}",0.0161590576171875,0.0161590576171875,stage3_l_opt,l_opt_current_alpha,1.1760000000000002,0.5880000000000001,0.5,True,False,,True,1950,6075
15,2,0.3,0.0,uniform,0,trimmed,0.5,fixed,controlled,5,1,1,0.008253097629780225,custom,"{""bfgs"": 0.024378764258610464, ""custom"": 0.008870591519903688}",0.011208520581324896,0.011208520581324896,stage3_l_opt,l_opt_current_alpha,0.5642789507453195,0.28213947537265976,0.5,True,False,-0.004950537035862604,True,4330,15435
15,2,0.3,0.0,uniform,0,trimmed,0.5,fixed,controlled,5,1,2,0.008273994660613772,custom,"{""bfgs"": 0.033359252706992575, ""custom"": 0.009470773648833105}",0.011236366194983324,0.011236366194983324,stage3_l_opt,l_opt_current_alpha,0.20260672828589288,0.10130336414294651,0.5,True,False,2.7845613658428192e-05,True,6250,24660
15,2,0.3,0.0,uniform,0,trimmed,0.5,fixed,controlled,5,1,3,0.011617495920277748,custom,"{""bfgs"": 0.03994174204346696, ""custom"": 0.004060694936615044}",0.014139313250780106,0.014139313250780106,stage3_l_opt,l_opt_current_alpha,0.1497933384016184,0.07489666920080924,0.5,True,False,0.0029029470557967816,True,7090,33855
15,2,0.3,0.0,uniform,0,trimmed,0.5,fixed,controlled,5,1,4,0.005699996981723092,bfgs,"{""bfgs"": 0.008219047544148657, ""custom"": 0.008922403459765228}",0.009989557477335135,0.009989557477335135,stage3_l_opt,l_opt_current_alpha,0.1312588055778677,0.0656294027889339,0.5,True,False,-0.004149755773444971,True,9155,42475
15,2,0.3,0.0,uniform,0,trimmed,0.5,fixed,controlled,5,1,5,0.007857696083259154,custom,"{""bfgs"": 0.0783857321191324, ""custom"": 0.006413129379629326}",0.013450043896834055,0.013450043896834055,stage3_l_opt,l_opt_current_alpha,0.9798519257898441,0.48992596289492213,0.5,True,False,0.0034604864194989204,True,11580,52545
15,2,0.3,0.0,uniform,0,trimmed,0.5,fixed,controlled,5,1,6,0.006150706459875303,custom,"{""bfgs"": 0.10600969648343345, ""custom"": 0.00812552593601391}",0.018196162146826584,0.018196162146826584,stage3_l_opt,l_opt_current_alpha,0.489925962894922,0.24496298144746084,0.5,True,False,0.004746118249992529,True,13290,60455
15,2,0.3,0.0,uniform,0,trimmed,0.5,fixed,controlled,5,1,7,0.0064291977372261805,bfgs,"{""bfgs"": 0.003901364949021616, ""custom"": 0.0042809390294411475}",0.014860379509627819,0.014860379509627819,stage3_l_opt,l_opt_current_alpha,0.24496298144746112,0.12248149072373066,0.5,True,False,-0.003335782637198765,True,16175,68260
15,2,0.3,0.0,uniform,0,trimmed,0.5,fixed,controlled,5,1,8,0.006150569140966483,custom,"{""bfgs"": 0.006688815142222797, ""custom"": 0.002358590792176569}",0.018196535917619865,0.018196535917619865,stage3_l_opt,l_opt_current_alpha,0.12248149072373046,0.061240745361865176,0.5,True,False,0.0033361564079920462,True,18255,76440
15,2,0.3,0.0,uniform,0,trimmed,0.5,fixed,controlled,5,1,9,0.006150585239769066,custom,"{""bfgs"": 0.005367411800381753, ""custom"": 0.0013974318048995142}",0.018196488730609417,0.018196488730609417,stage3_l_opt,l_opt_current_alpha,0.061240745361865294,0.030620372680932647,0.5,True,False,-4.718701044834073e-08,True,20020,85185
15,2,0.3,0.0,uniform,0,trimmed,0.5,fixed,controlled,5,1,10,0.006150600342743839,custom,"{""bfgs"": 0.0012080456583821496, ""custom"": 0.0009168829600926658}",0.018196461411813896,0.018196461411813896,stage3_l_opt,l_opt_current_alpha,0.03059352525777487,0.01529676262888738,0.5,True,False,-2.7318795520897554e-08,True,22400,93545
15,2,0.3,0.0,uniform,0,trimmed,0.5,fixed,controlled,5,1,11,0.006150608267103078,custom,"{""bfgs"": 0.13050865054391844, ""custom"": 0.0006769754542640526}",0.018196483763555687,0.018196483763555687,stage3_l_opt,l_opt_current_alpha,0.015323610052045258,0.007661805026022737,0.5,True,False,2.2351741790771484e-08,True,24860,101295
15,2,0.3,0.0,uniform,0,trimmed,0.5,fixed,controlled,5,1,12,0.0061505167676736555,custom,"{""bfgs"": 0.1515495728731344, ""custom"": 0.0005566333083251082}",0.018196467620631058,0.018196467620631058,stage3_l_opt,l_opt_current_alpha,0.007661805026022522,0.003830902513011261,0.5,True,False,-1.614292462898126e-08,True,26545,109095
15,2,0.3,0.0,uniform,0,trimmed,0.5,fixed,controlled,5,1,13,0.006150606346842828,custom,"{""bfgs"": 0.15150376544536148, ""custom"": 0.0004964701053042857}",0.01819647755473852,0.01819647755473852,stage3_l_opt,l_opt_current_alpha,0.04623569805552854,0.023117849027764266,0.5,True,False,9.934107463721586e-09,True,29470,117850
15,2,0.3,0.0,uniform,0,trimmed,0.5,fixed,controlled,5,1,14,0.006150608213917955,custom,"{""bfgs"": 0.15197497483607084, ""custom"": 0.0010991241472372408}",0.018196496181190014,0.018196496181190014,stage3_l_opt,l_opt_current_alpha,0.025143160692445526,0.012571580346222763,0.5,True,False,1.862645149230957e-08,True,31860,127470
15,2,0.3,0.0,uniform,0,trimmed,0.5,fixed,controlled,5,1,15,0.0061505720016973645,custom,"{""bfgs"": 0.15231436063108816, ""custom"": 0.000767693316423574}",0.018196491214136284,0.018196491214136284,stage3_l_opt,l_opt_current_alpha,0.012571580346222765,0.006285790173111326,0.5,True,False,-4.96705373012607e-09,True,33265,135350
15,2,0.3,0.0,uniform,0,trimmed,0.5,fixed,controlled,5,1,16,0.006150634085951567,custom,"{""bfgs"": 0.15248405352859684, ""custom"": 0.0006020067779653109}",0.018196439060072105,0.018196439060072105,stage3_l_opt,l_opt_current_alpha,0.006285790173111438,0.0031428950865559375,0.5,True,False,-5.21540641784668e-08,True,35350,145200
15,2,0.3,0.0,uniform,0,trimmed,0.5,fixed,controlled,5,1,17,0.00615061320355835,custom,"{""bfgs"": 0.1525688999474591, ""custom"": 0.0005191718179083954}",0.018196483763555687,0.018196483763555687,stage3_l_opt,l_opt_current_alpha,0.0031428950865555003,0.0015714475432776955,0.5,True,False,4.470348358154297e-08,True,37800,153440
15,2,0.3,0.0,uniform,0,trimmed,0.5,fixed,controlled,5,1,18,0.00615060797774223,custom,"{""bfgs"": 0.15261132317188114, ""custom"": 0.00047773183259901313}",0.01819647755473852,0.01819647755473852,stage3_l_opt,l_opt_current_alpha,0.007385806818304034,0.003692903409152017,0.5,True,False,-6.2088171652596724e-09,True,40215,160765
15,2,0.3,0.0,uniform,0,trimmed,0.5,fixed,controlled,5,1,19,0.006150605634630275,custom,"{""bfgs"": 0.1525041625642824, ""custom"": 0.0005774796423529236}",0.01819647755473852,0.01819647755473852,stage3_l_opt,l_opt_current_alpha,0.005207926238419508,0.0026039631192096993,0.5,True,False,0.0,True,41960,169410
16,2,0.3,0.0,uniform,0,trimmed,0.0,fixed,controlled,5,1,0,0.007288664108545269,custom,"{""bfgs"": 0.03128042770549656, ""custom"": 0.019218004867434503}",0.017561811332901318,0.017561811332901318,stage3_l_opt,l_opt_current_alpha,1.568,0.0,0.0,False,False,,True,1680,8730
16,2,0.3,0.0,uniform,0,trimmed,0.5,fixed,controlled,5,1,0,0.007288664108545269,custom,"{""bfgs"": 0.03128042770549656, ""custom"": 0.019218004867434503}",0.017561811332901318,0.017561811332901318,stage3_l_opt,l_opt_current_alpha,1.568,0.7839999999999999,0.5,True,False,,True,1680,8730
16,2,0.3,0.0,uniform,0,trimmed,0.5,fixed,controlled,5,1,1,0.006581448839859252,custom,"{""bfgs"": 0.035458189622499046, ""custom"": 0.013750636238604785}",0.03080096406241258,0.03080096406241258,stage3_l_opt,l_opt_current_alpha,0.392,0.19600000000000006,0.5,True,False,0.013239152729511261,True,3065,17990
16,2,0.3,0.0,uniform,0,trimmed,0.5,fixed,controlled,5,1,2,0.0064464519832918765,custom,"{""bfgs"": 0.011464411725543779, ""custom"": 0.011270370721835784}",0.030969288821021717,0.030969288821021717,stage3_l_opt,l_opt_current_alpha,1.7250867249466224,0.8625433624733113,0.5,True,False,0.00016832475860913826,True,6370,28600
16,2,0.3,0.0,uniform,0,trimmed,0.5,fixed,controlled,5,1,3,0.015412249187996723,custom,"{""bfgs"": 0.033171301616380044, ""custom"": 0.007078019271894711}",0.024518173808852833,0.024518173808852833,stage3_l_opt,l_opt_current_alpha,0.7704153858806613,0.38520769294033064,0.5,True,False,-0.006451115012168884,True,7755,41270
16,2,0.3,0.0,uniform,0,trimmed,0.5,fixed,controlled,5,1,4,0.026717990752766187,custom,"{""bfgs"": 0.019608423951825618, ""custom"": 0.009852001280671912}",0.0378489096959432,0.0378489096959432,stage3_l_opt,l_opt_current_alpha,1.9056951413998808,0.9528475706999404,0.5,True,False,0.013330735887090366,True,10000,50560
16,2,0.3,0.0,uniform,0,trimmed,0.5,fixed,controlled,5,1,5,0.008368561031484185,custom,"{""bfgs"": 0.11355812167748831, ""custom"": 0.017530155762936657}",0.01704460692902406,0.01704460692902406,stage3_l_opt,l_opt_current_alpha,0.45907341765575765,0.22953670882787885,0.5,True,False,-0.02080430276691914,True,12055,57705
16,2,0.3,0.0,uniform,0,trimmed,0.5,fixed,controlled,5,1,6,0.008579004507997251,custom,"{""bfgs"": 0.14193012973500094, ""custom"": 0.01868587183526031}",0.01694120652973652,0.01694120652973652,stage3_l_opt,l_opt_current_alpha,0.5902890318527081,0.295144515926354,0.5,True,False,-0.00010340039928754055,True,14015,63300
16,2,0.3,0.0,uniform,0,trimmed,0.5,fixed,controlled,5,1,7,0.007450098658697681,custom,"{""bfgs"": 0.032503202692728925, ""custom"": 0.019005362318555166}",0.017527102803190548,0.017527102803190548,stage3_l_opt,l_opt_current_alpha,0.8456787113741331,0.42283935568706665,0.5,True,False,0.0005858962734540292,True,16225,72735
16,2,0.3,0.0,uniform,0,trimmed,0.5,fixed,controlled,5,1,8,0.007832058083871817,custom,"{""bfgs"": 0.17200842356295626, ""custom"": 0.012781183079876433}",0.01733250729739666,0.01733250729739666,stage3_l_opt,l_opt_current_alpha,0.7507883494746571,0.37539417473732845,0.5,True,False,-0.0001945955057938882,True,18390,83130
16,2,0.3,0.0,uniform,0,trimmed,0.5,fixed,controlled,5,1,9,0.00871073427840284,custom,"{""bfgs"": 0.02027833594560511, ""custom"": 0.015414376742410299}",0.01688038868208726,0.01688038868208726,stage3_l_opt,l_opt_current_alpha,0.450762192381166,0.225381096190583,0.5,True,False,-0.00045211861530939854,True,20475,92110
16,2,0.3,0.0,uniform,0,trimmed,0.5,fixed,controlled,5,1,10,0.01030218306697951,custom,"{""bfgs"": 0.023715257923500065, ""custom"": 0.017726644996072738}",0.016593922550479572,0.016593922550479572,stage3_l_opt,l_opt_current_alpha,0.286442086818697,0.14322104340934855,0.5,True,False,-0.00028646613160768913,True,23250,101035
16,2,0.3,0.0,uniform,0,trimmed,0.5,fixed,controlled,5,1,11,0.0074373716783627895,custom,"{""bfgs"": 0.10362657847345697, ""custom"": 0.020073252352587556}",0.017530073101321857,0.017530073101321857,stage3_l_opt,l_opt_current_alpha,0.3168849518603949,0.15844247593019742,0.5,True,False,0.0009361505508422852,True,24770,109580
16,2,0.3,0.0,uniform,0,trimmed,0.5,fixed,controlled,5,1,12,0.009075277328478838,custom,"{""bfgs"": 0.043699797076003945, ""custom"": 0.021651330349330283}",0.016725484902660053,0.016725484902660053,stage3_l_opt,l_opt_current_alpha,1.0475601842036404,0.5237800921018202,0.5,True,False,-0.0008045881986618042,True,26905,116215
16,2,0.3,0.0,uniform,0,trimmed,0.5,fixed,controlled,5,1,13,0.008700521403536601,bfgs,"{""bfgs"": 0.01501878133225119, ""custom"": 0.015332493974053379}",0.016883409892519314,0.016883409892519314,stage3_l_opt,l_opt_current_alpha,0.3501852691506845,0.17509263457534222,0.5,True,False,0.0001579249898592608,True,29565,125055
16,2,0.3,0.0,uniform,0,trimmed,0.5,fixed,controlled,5,1,14,0.007461000614847677,custom,"{""bfgs"": 0.018834336310968182, ""custom"": 0.017037693653699275}",0.01752549720307191,0.01752549720307191,stage3_l_opt,l_opt_current_alpha,0.6657173795839897,0.33285868979199484,0.5,True,False,0.000642087310552597,True,33265,134160
16,2,0.3,0.0,uniform,0,trimmed,0.5,fixed,controlled,5,1,15,0.007280072937229054,custom,"{""bfgs"": 0.023090311527962922, ""custom"": 0.012081894243176424}",0.017551577960451443,0.017551577960451443,stage3_l_opt,l_opt_current_alpha,1.032021769448062,0.516010884724031,0.5,True,False,2.608075737953186e-05,True,34855,142410
16,2,0.3,0.0,uniform,0,trimmed,0.5,fixed,controlled,5,1,16,0.008093956542256597,custom,"{""bfgs"": 0.011882456909117838, ""custom"": 0.006336672048261343}",0.01666676563521226,0.01666676563521226,stage3_l_opt,l_opt_current_alpha,0.9260075749315705,0.4630037874657852,0.5,True,False,-0.0008848123252391815,True,37910,150230
16,2,0.3,0.0,uniform,0,trimmed,0.5,fixed,controlled,5,1,17,0.0070667612958597945,custom,"{""bfgs"": 0.16389552310482752, ""custom"": 0.012846022467406067}",0.017585168903072674,0.017585168903072674,stage3_l_opt,l_opt_current_alpha,1.642126340926732,0.8210631704633661,0.5,True,False,0.0009184032678604126,True,39600,159700
16,2,0.3,0.0,uniform,0,trimmed,0.5,fixed,controlled,5,1,18,0.01749133364146515,bfgs,"{""bfgs"": 0.020364666514335696, ""custom"": 0.024463733365939874}",0.014374837900201479,0.014374837900201479,stage3_l_opt,l_opt_current_alpha,0.7338373956972201,0.3669186978486101,0.5,True,False,-0.003210331002871195,True,42245,171925
16,2,0.3,0.0,uniform,0,trimmed,0.5,fixed,controlled,5,1,19,0.008200735340104539,bfgs,"{""bfgs"": 0.02322264353291994, ""custom"": 0.02343819622254424}",0.017122241978844006,0.017122241978844006,stage3_l_opt,l_opt_current_alpha,0.7228445480036094,0.3614222740018047,0.5,True,False,0.0027474040786425267,True,45530,180570
17,2,0.3,0.0,uniform,0,trimmed,0.0,fixed,controlled,5,1,0,0.00438044316224471,bfgs,"{""bfgs"": 0.022577305138111115, ""custom"": 0.035333561897277835}",0.023658573627471924,0.023658573627471924,stage3_l_opt,l_opt_current_alpha,1.1139237413035632,0.0,0.0,False,False,,True,1995,7690
17,2,0.3,0.0,uniform,0,trimmed,0.5,fixed,controlled,5,1,0,0.00438044316224471,bfgs,"{""bfgs"": 0.022577305138111115, ""custom"": 0.035333561897277835}",0.023658573627471924,0.023658573627471924,stage3_l_opt,l_opt_current_alpha,1.1139237413035632,0.5569618706517816,0.5,True,False,,True,1995,7690
17,2,0.3,0.0,uniform,0,trimmed,0.5,fixed,controlled,5,1,1,0.01739966702637788,custom,"{""bfgs"": 0.11987934692757571, ""custom"": 0.02982753911207278}",0.02948411802450816,0.02948411802450816,stage3_l_opt,l_opt_current_alpha,1.0261777193090333,0.5130888596545166,0.5,True,False,0.005825544397036236,True,2520,14850
17,2,0.3,0.0,uniform,0,trimmed,0.5,fixed,controlled,5,1,2,0.027961500008788262,bfgs,"{""bfgs"": 0.017735566412027108, ""custom"": 0.023751451279493723}",0.03436733906467756,0.03436733906467756,stage3_l_opt,l_opt_current_alpha,1.6305563713431117,0.8152781856715559,0.5,True,False,0.004883221040169399,True,4250,21090
17,2,0.3,0.0,uniform,0,trimmed,0.5,fixed,controlled,5,1,3,0.02123998482460259,bfgs,"{""bfgs"": 0.010126730563416115, ""custom"": 0.011929176535118326}",0.03166799868146578,0.03166799868146578,stage3_l_opt,l_opt_current_alpha,1.013647417819228,0.5068237089096139,0.5,True,False,-0.0026993403832117763,True,6420,24950
17,2,0.3,0.0,uniform,0,trimmed,0.5,fixed,controlled,5,1,4,0.030908902377205824,bfgs,"{""bfgs"": 0.014355725936185545, ""custom"": 0.016411501742725005}",0.03657860308885574,0.03657860308885574,stage3_l_opt,l_opt_current_alpha,,0.0,0.5,False,False,0.004910604407389961,False,9465,31470
18,2,0.3,0.0,uniform,0,trimmed,0.0,fixed,controlled,5,1,0,0.021326765182045463,custom,"{""bfgs"": 0.11921324692666531, ""custom"": 0.02263365127146244}",0.008691210920612017,0.008691210920612017,stage3_l_opt,l_opt_current_alpha,0.865089689114702,0.0,0.0,False,False,,True,810,8155
18,2,0.3,0.0,uniform,0,trimmed,0.5,fixed,controlled,5,1,0,0.021326765182045463,custom,"{""bfgs"": 0.11921324692666531, ""custom"": 0.02263365127146244}",0.008691210920612017,0.008691210920612017,stage3_l_opt,l_opt_current_alpha,0.865089689114702,0.432544844557351,0.5,True,False,,True,810,8155
18,2,0.3,0.0,uniform,0,trimmed,0.5,fixed,controlled,5,1,1,0.014539455455569332,custom,"{""bfgs"": 0.10430548644502823, ""custom"": 0.01628971053771936}",0.018357204273343086,0.018357204273343086,stage3_l_opt,l_opt_current_alpha,1.469958390604461,0.7349791953022307,0.5,True,False,0.00966599335273107,True,1505,16615
18,2,0.3,0.0,uniform,0,trimmed,0.5,fixed,controlled,5,1,2,0.004630050789085948,custom,"{""bfgs"": 0.19740267823473312, ""custom"": 0.011857388599055128}",0.018493361150225002,0.018493361150225002,stage3_l_opt,l_opt_current_alpha,,0.0,0.5,False,False,0.00013615687688191616,False,1845,24495
19,2,0.3,0.0,uniform,0,trimmed,0.0,fixed,controlled,5,1,0,0.03953888047085097,custom,"{""bfgs"": 0.40347443222999574, ""custom"": 0.03506588190793991}",0.024833256999651592,0.024833256999651592,stage3_l_opt,l_opt_current_alpha,0.7039797539566739,0.0,0.0,False,False,,True,2230,6195
19,2,0.3,0.0,uniform,0,trimmed,0.5,fixed,controlled,5,1,0,0.03953888047085097,custom,"{""bfgs"": 0.40347443222999574, ""custom"": 0.03506588190793991}",0.024833256999651592,0.024833256999651592,stage3_l_opt,l_opt_current_alpha,0.7039797539566739,0.35198987697833706,0.5,True,False,,True,2230,6195
19,2,0.3,0.0,uniform,0,trimmed,0.5,fixed,controlled,5,1,1,0.0006637444661058978,custom,"{""bfgs"": 0.370004104973101, ""custom"": 0.04590325402662264}",0.056256032238403954,0.056256032238403954,stage3_l_opt,l_opt_current_alpha,,0.0,0.5,False,False,0.031422775238752365,False,3795,11965
