seed,dimension,poison_ratio,target,initialization,evaluator,update_rate,selected_agent_ids,reputation_weights,final_optimization_weights,final_contribution_weights,rounds_executed,converged,stop_reason,final_target_error,final_evaluation_loss,final_consistency_l1,selected_poison_weight,stage3_requests,contribution_requests,payment_status,paid_total
0,2,0.0,0.0,uniform,uniform,0.3,"[9, 19, 16]","[0.3778305024468295, 0.36617131850435053, 0.2559981790488201]","[0.7062857549061854, 0.12665419038008263, 0.16706005471373203]","[0.7863938815729015, 0.08226064845523637, 0.13134546997186208]",6,False,max_rounds,0.03140632897711196,0.0069249052709589405,0.16021625333343228,0.0,1374,4662,ok,9.999999999999998
0,2,0.0,0.0,uniform,median,0.3,"[9, 19, 16]","[0.3778305024468295, 0.36617131850435053, 0.2559981790488201]","[0.424229447525895, 0.41530841829217474, 0.16046213418193028]","[0.4484454947934202, 0.43714777357987467, 0.11440673162670506]",6,False,max_rounds,0.023617844954936372,0.0024611763656139374,0.09211080511045039,0.0,2103,666,ok,10.0
0,2,0.0,0.0,uniform,trimmed,0.3,"[9, 19, 16]","[0.3778305024468295, 0.36617131850435053, 0.2559981790488201]","[0.7062857549061854, 0.12665419038008263, 0.16706005471373203]","[0.7863938815729015, 0.08226064845523637, 0.13134546997186208]",6,False,max_rounds,0.03140632897711196,0.0069249052709589405,0.16021625333343228,0.0,1374,4662,ok,9.999999999999998
0,2,0.3,0.0,uniform,uniform,0.3,"[9, 7, 6]","[0.4189443364079017, 0.31581136992161585, 0.26524429367048247]","[0.07487086373243802, 0.8479856647751983, 0.07714347149236367]","[0.006666666666666667, 0.9866666666666667, 0.006666666666666667]",6,False,max_rounds,0.06546823657698297,0.043600231409072876,0.27736200378293674,0.0,1212,4284,ok,10.0
0,2,0.3,0.0,uniform,median,0.3,"[9, 7, 6]","[0.4189443364079017, 0.31581136992161585, 0.26524429367048247]","[0.5946930508310588, 0.2703336446973992, 0.13497330447154204]","[0.6467155769310222, 0.2577938280120641, 0.09549059505691376]",6,False,max_rounds,0.03942824345585194,0.0042658415623009205,0.10404505219992677,0.0,1221,2718,ok,10.0
0,2,0.3,0.0,uniform,trimmed,0.3,"[9, 7, 6]","[0.4189443364079017, 0.31581136992161585, 0.26524429367048247]","[0.07487086373243802, 0.8479856647751983, 0.07714347149236367]","[0.006666666666666667, 0.9866666666666667, 0.006666666666666667]",6,False,max_rounds,0.06546823657698297,0.043600231409072876,0.27736200378293674,0.0,1212,4284,ok,10.0
0,5,0.0,0.0,uniform,uniform,0.3,"[16, 11, 15, 2, 12, 8]","[0.23788648448823288, 0.18404724273911657, 0.14557907160643377, 0.17103146099047056, 0.1434582025028741, 0.1179975376728721]","[0.5177076113702813, 0.0327519282560144, 0.19237675493483522, 0.03140133016949534, 0.18661522750014445, 0.03914714776922931]","[0.5878776378571489, 0.003333333333333334, 0.1991584191844771, 0.003333333333333334, 0.1922742998380586, 0.014022976453648922]",6,False,max_rounds,0.0007980830308566556,0.022864345461130142,0.16522152614884705,0.0,5730,77832,ok,10.0
0,5,0.0,0.0,uniform,median,0.3,"[16, 11, 15, 2, 12, 8]","[0.23788648448823288, 0.18404724273911657, 0.14557907160643377, 0.17103146099047056, 0.1434582025028741, 0.1179975376728721]","[0.08903936882915155, 0.03220909830680227, 0.0527575591310442, 0.24861908307890157, 0.5182571249621091, 0.05911776569199129]","[0.09644554602847549, 0.003508579301972748, 0.037547921812174166, 0.275160049286824, 0.5394652195956955, 0.04787268397485806]",6,False,max_rounds,0.010328566481605073,0.00915105827152729,0.11031047608166561,0.0,4722,56808,ok,10.0
0,5,0.0,0.0,uniform,trimmed,0.3,"[16, 11, 15, 2, 12, 8]","[0.23788648448823288, 0.18404724273911657, 0.14557907160643377, 0.17103146099047056, 0.1434582025028741, 0.1179975376728721]","[0.030784766666666664, 0.03078707627279265, 0.06753178503998247, 0.030784766666666664, 0.7748169054806504, 0.06529469987324114]","[0.003333333333333334, 0.003333333333333334, 0.059294586064375716, 0.003333333333333334, 0.8802624263569111, 0.05044298757871326]",6,False,max_rounds,0.013534417774969498,0.02593659795820713,0.21089104175252132,0.0,6396,74736,ok,10.0
0,5,0.3,0.0,uniform,uniform,0.3,"[11, 2, 12, 8, 6, 10]","[0.23033016132239192, 0.21404126144383093, 0.1795340719792517, 0.14767073650955206, 0.13995657991004246, 0.08846718883493078]","[0.03078476666666666, 0.4556806403509275, 0.15000863562760877, 0.032944827358797044, 0.29979636332933346, 0.03078476666666666]","[0.0033333333333333344, 0.5194176846824156, 0.14308427293877876, 0.0033333333333333344, 0.3274980423788057, 0.0033333333333333344]",6,False,max_rounds,0.0008370748983543841,0.052549293264746666,0.1828774467619207,0.0,4236,64188,ok,10.0
0,5,0.3,0.0,uniform,median,0.3,"[11, 2, 12, 8, 6, 10]","[0.23033016132239192, 0.21404126144383093, 0.1795340719792517, 0.14767073650955206, 0.13995657991004246, 0.08846718883493078]","[0.03213182109985204, 0.03709563539686183, 0.16674113461956852, 0.3454048985213188, 0.3878417436957322, 0.03078476666666666]","[0.007660515942902051, 0.02213223107513626, 0.17327768028141555, 0.37307038674540466, 0.4205258526218082, 0.0033333333333333335]",6,False,max_rounds,0.016754579845471795,0.0353549737483263,0.13377228562401777,0.0,4860,73944,ok,10.0
0,5,0.3,0.0,uniform,trimmed,0.3,"[11, 2, 12, 8, 6, 10]","[0.23033016132239192, 0.21404126144383093, 0.1795340719792517, 0.14767073650955206, 0.13995657991004246, 0.08846718883493078]","[0.07075505015735989, 0.06792853649791245, 0.1566983946501094, 0.03078476666666666, 0.3286308600033785, 0.3452023920245731]","[0.05389094763841947, 0.05055110214992612, 0.1554427269516867, 0.0033333333333333335, 0.35860037553277174, 0.3781815143938626]",6,False,max_rounds,0.06996540752361713,0.04893086291849613,0.12589727579736554,0.0,5622,67896,ok,10.0
1,2,0.0,0.0,uniform,uniform,0.3,"[12, 3, 16]","[0.47914489677342104, 0.32489874050365897, 0.19595636272291997]","[0.3594122496756314, 0.09325529933346846, 0.5473324509909002]","[0.3650002499187733, 0.0418131268614336, 0.5931866232197931]",6,False,max_rounds,0.01456295554620675,0.0014337611695130665,0.10288434494406962,0.0,1332,342,ok,10.0
1,2,0.0,0.0,uniform,median,0.3,"[12, 3, 16]","[0.47914489677342104, 0.32489874050365897, 0.19595636272291997]","[0.3828385596934024, 0.09356894694957811, 0.5235924933570195]","[0.3926810633405051, 0.045899599267715224, 0.5614193373917797]",6,False,max_rounds,0.014492068972116058,0.0008261352777481079,0.09533869536372581,0.0,1995,342,ok,10.0
1,2,0.0,0.0,uniform,trimmed,0.3,"[12, 3, 16]","[0.47914489677342104, 0.32489874050365897, 0.19595636272291997]","[0.3594122496756314, 0.09325529933346846, 0.5473324509909002]","[0.3650002499187733, 0.0418131268614336, 0.5931866232197931]",6,False,max_rounds,0.01456295554620675,0.0014337611695130665,0.10288434494406962,0.0,1332,342,ok,10.0
1,2,0.3,0.0,uniform,uniform,0.3,"[12, 3, 8]","[0.5072287380619492, 0.3439418415041946, 0.14882942043385614]","[0.13229674549312792, 0.12174695459518876, 0.7459562999116833]","[0.08957825389333196, 0.07678672601261317, 0.8336350200940549]",6,False,max_rounds,0.023905920665036717,0.014211403826872507,0.1753574403647431,0.0,1383,450,ok,10.0
1,2,0.3,0.0,uniform,median,0.3,"[12, 3, 8]","[0.5072287380619492, 0.3439418415041946, 0.14882942043385614]","[0.12937555875795742, 0.10296045818024502, 0.7676639830617976]","[0.08656870461777937, 0.05460957729295033, 0.8588217180892703]",6,False,max_rounds,0.02390594428320547,0.014298737049102783,0.18231547005494544,0.0,1323,450,ok,10.0
1,2,0.3,0.0,uniform,trimmed,0.3,"[12, 3, 8]","[0.5072287380619492, 0.3439418415041946, 0.14882942043385614]","[0.13229674549312792, 0.12174695459518876, 0.7459562999116833]","[0.08957825389333196, 0.07678672601261317, 0.8336350200940549]",6,False,max_rounds,0.023905920665036717,0.014211403826872507,0.1753574403647431,0.0,1383,450,ok,10.0
1,5,0.0,0.0,uniform,uniform,0.3,"[15, 1, 18, 16, 7, 8]","[0.19482864871328734, 0.2002201575179016, 0.18474662852958584, 0.14046359760668284, 0.15490835017529467, 0.12483261745724775]","[0.030784766666666664, 0.031021303184925592, 0.030784766666666664, 0.7310785033411202, 0.13712540913186055, 0.039205251008760274]","[0.0033333333333333335, 0.0033333333333333335, 0.0033333333333333335, 0.8792353038833708, 0.10743136278329586, 0.0033333333333333335]",6,False,max_rounds,0.06361443154079649,0.05398996608952681,0.2963136010845011,0.0,6426,69120,ok,10.0
1,5,0.0,0.0,uniform,median,0.3,"[15, 1, 18, 16, 7, 8]","[0.19482864871328734, 0.2002201575179016, 0.18474662852958584, 0.14046359760668284, 0.15490835017529467, 0.12483261745724775]","[0.6250124517039701, 0.1412813678036235, 0.05832988880715682, 0.05036493841083583, 0.05213386032324905, 0.07287749295116473]","[0.9833333333333335, 0.0033333333333333344, 0.0033333333333333344, 0.0033333333333333344, 0.0033333333333333344, 0.0033333333333333344]",6,False,max_rounds,0.02134340320735717,0.03912172466516495,0.7166417632587267,0.0,6090,72864,ok,10.0
1,5,0.0,0.0,uniform,trimmed,0.3,"[15, 1, 18, 16, 7, 8]","[0.19482864871328734, 0.2002201575179016, 0.18474662852958584, 0.14046359760668284, 0.15490835017529467, 0.12483261745724775]","[0.06638009150104586, 0.33212227659925403, 0.04084646417105607, 0.4509006529573875, 0.06627229975756058, 0.04347821501369603]","[0.0033333333333333335, 0.40216020720794193, 0.0033333333333333335, 0.5845064594587247, 0.0033333333333333335, 0.0033333333333333335]",6,False,max_rounds,0.040621237216039496,0.035136619582772255,0.4072874742200503,0.0,7602,71712,ok,10.0
1,5,0.3,0.0,uniform,uniform,0.3,"[1, 7, 8, 3, 2, 10]","[0.25876142814701586, 0.20020115067421898, 0.16133173988577765, 0.1315597112627042, 0.17058039366455535, 0.07756557636572806]","[0.05129246384305866, 0.3589952116058317, 0.052971013345846425, 0.07359357244575268, 0.4084966082998416, 0.05465113045966896]","[0.03293049673265258, 0.3896045708051707, 0.03487618975634076, 0.05878085822435093, 0.44698418460291417, 0.03682369987857097]",6,False,max_rounds,0.04690275562858126,0.024969667273884017,0.13819387100482305,0.0,5766,87768,ok,10.0
1,5,0.3,0.0,uniform,median,0.3,"[1, 7, 8, 3, 2, 10]","[0.25876142814701586, 0.20020115067421898, 0.16133173988577765, 0.1315597112627042, 0.17058039366455535, 0.07756557636572806]","[0.4364816726811354, 0.30048643982315515, 0.0488916080096632, 0.12234899192456872, 0.05661241421764737, 0.035178873343830165]","[0.48026029643420237, 0.3222812994019065, 0.030015913673922378, 0.11534775650117705, 0.038984795857401715, 0.013109938131390072]",6,False,max_rounds,0.008991313044519722,0.012890171259641647,0.1311469666636365,0.0,3726,63108,ok,10.0
1,5,0.3,0.0,uniform,trimmed,0.3,"[1, 7, 8, 3, 2, 10]","[0.25876142814701586, 0.20020115067421898, 0.16133173988577765, 0.1315597112627042, 0.17058039366455535, 0.07756557636572806]","[0.03107958856783113, 0.2431459741089384, 0.13472928244620766, 0.05082326913093833, 0.5076801193509823, 0.032541766395102235]","[0.003333333333333334, 0.25928983293869956, 0.12805280035056005, 0.02648563357099858, 0.5795050664730753, 0.003333333333333334]",6,False,max_rounds,0.07686722244387967,0.03177115228027105,0.17593761190370819,0.0,4326,71604,ok,10.0
2,2,0.0,0.0,uniform,uniform,0.3,"[8, 10, 20]","[0.3707857194733917, 0.30983453618478235, 0.3193797443418259]","[0.6241257556580094, 0.08126005888768252, 0.294614185454308]","[0.682872907226422, 0.030335118196928846, 0.2867919745766491]",6,False,max_rounds,0.0001835413661410712,0.008319209640224775,0.11749430313682516,0.0,1497,4770,ok,10.0
2,2,0.0,0.0,uniform,median,0.3,"[8, 10, 20]","[0.3707857194733917, 0.30983453618478235, 0.3193797443418259]","[0.5558200801634088, 0.08177309165418933, 0.36240682818240194]","[0.6008058986538432, 0.030908743405028697, 0.3682853579411281]",6,False,max_rounds,0.00018349165066489093,0.0013078376650810242,0.10172869649832117,0.0,1395,234,ok,10.0
2,2,0.0,0.0,uniform,trimmed,0.3,"[8, 10, 20]","[0.3707857194733917, 0.30983453618478235, 0.3193797443418259]","[0.6241257556580094, 0.08126005888768252, 0.294614185454308]","[0.682872907226422, 0.030335118196928846, 0.2867919745766491]",6,False,max_rounds,0.0001835413661410712,0.008319209640224775,0.11749430313682516,0.0,1497,4770,ok,10.0
2,2,0.3,0.0,uniform,uniform,0.3,"[8, 10, 7]","[0.38587036343018155, 0.3224395083247625, 0.2916901282450559]","[0.4278822966829513, 0.46299079847085645, 0.10912690484619221]","[0.44818187497357553, 0.49082814085176224, 0.060989984174662226]",6,False,max_rounds,0.011770166148878936,0.018617790813247364,0.09627384134306001,0.0,1080,936,ok,10.0
2,2,0.3,0.0,uniform,median,0.3,"[8, 10, 7]","[0.38587036343018155, 0.3224395083247625, 0.2916901282450559]","[0.40942748861087785, 0.5290029780557889, 0.06156953333333335]","[0.4270165438018916, 0.5663167895314417, 0.006666666666666667]",6,False,max_rounds,0.012163407045546748,0.006190665066242218,0.10980573333333324,0.0,1146,990,ok,10.0
2,2,0.3,0.0,uniform,trimmed,0.3,"[8, 10, 7]","[0.38587036343018155, 0.3224395083247625, 0.2916901282450559]","[0.4278822966829513, 0.46299079847085645, 0.10912690484619221]","[0.44818187497357553, 0.49082814085176224, 0.060989984174662226]",6,False,max_rounds,0.011770166148878936,0.018617790813247364,0.09627384134306001,0.0,1080,936,ok,10.0
2,5,0.0,0.0,uniform,uniform,0.3,"[5, 1, 18, 13, 19, 2]","[0.1757916446992415, 0.1631166730787328, 0.15978273238001112, 0.1611810996673027, 0.17054588938013132, 0.1695819607945807]","[0.05764396378849865, 0.13134840322920605, 0.19990938303194267, 0.4791524606964376, 0.10047233802669367, 0.031473451227221394]","[0.0033333333333333344, 0.10254259466881827, 0.20626079792008822, 0.628696276074678, 0.05583366466974881, 0.0033333333333333344]",6,False,max_rounds,0.03226804056673252,0.025551417532066505,0.31179046053277204,0.0,6852,71280,ok,10.0
2,5,0.0,0.0,uniform,median,0.3,"[5, 1, 18, 13, 19, 2]","[0.1757916446992415, 0.1631166730787328, 0.15978273238001112, 0.1611810996673027, 0.17054588938013132, 0.1695819607945807]","[0.03078476666666667, 0.17694837174229464, 0.22375658421055228, 0.06624424378868854, 0.4525186731265508, 0.049747360465247074]","[0.0033333333333333335, 0.1764070082608133, 0.23992644855278147, 0.026179860612480156, 0.550360004583565, 0.003793344657026686]",6,False,max_rounds,0.014153184770792082,0.01965047139674425,0.2280223915984869,0.0,5886,71712,ok,10.0
2,5,0.0,0.0,uniform,trimmed,0.3,"[5, 1, 18, 13, 19, 2]","[0.1757916446992415, 0.1631166730787328, 0.15978273238001112, 0.1611810996673027, 0.17054588938013132, 0.1695819607945807]","[0.19066368525876792, 0.17506408864652045, 0.084707689865437, 0.30902024534192485, 0.2029192472709811, 0.03762504361636868]","[0.19390025146505133, 0.17626137857709762, 0.07409302946341086, 0.32772911708605046, 0.2077579367550761, 0.020258286653313647]",6,False,max_rounds,0.011231099679975376,0.009414403466507792,0.05596283473016235,0.0,7614,78012,ok,10.0
2,5,0.3,0.0,uniform,uniform,0.3,"[5, 1, 13, 2, 10, 12]","[0.18402288572395176, 0.1707544231752009, 0.1687282187710535, 0.17752244053200697, 0.13420687729773909, 0.1647651545000478]","[0.2475229290773579, 0.10597571892750632, 0.0953400980117804, 0.24016801797340467, 0.1459873640219312, 0.16500587198801958]","[0.2502702012054316, 0.10391360840966814, 0.09291661851601295, 0.24266539056768938, 0.14528473852218549, 0.16494944277901252]",6,False,max_rounds,0.020942807320464718,0.018068253217885893,0.010489289444716776,0.0,6516,69588,ok,10.0
2,5,0.3,0.0,uniform,median,0.3,"[5, 1, 13, 2, 10, 12]","[0.18402288572395176, 0.1707544231752009, 0.1687282187710535, 0.17752244053200697, 0.13420687729773909, 0.1647651545000478]","[0.25043881384986083, 0.07150502145125584, 0.06533312088157174, 0.39911246049052707, 0.14991328545340407, 0.06369729787338059]","[0.003333333333333334, 0.003333333333333334, 0.003333333333333334, 0.9833333333333334, 0.003333333333333334, 0.003333333333333334]",6,False,max_rounds,0.0440403672230385,0.0653277225792408,1.1684417456856129,0.0,7890,70776,ok,10.0
2,5,0.3,0.0,uniform,trimmed,0.3,"[5, 1, 13, 2, 10, 12]","[0.18402288572395176, 0.1707544231752009, 0.1687282187710535, 0.17752244053200697, 0.13420687729773909, 0.1647651545000478]","[0.33880484552060247, 0.09482468070443896, 0.09544009114702864, 0.11999247887613985, 0.19502237482207846, 0.15591552892971158]","[0.3339483254940421, 0.096597094685572, 0.09749861582121973, 0.12139170392378752, 0.19427652960162378, 0.15628773047375485]",6,False,max_rounds,0.030827036138544317,0.015851794742047787,0.011204730494030132,0.0,6624,65016,ok,10.0
3,2,0.0,0.0,uniform,uniform,0.3,"[4, 1, 16]","[0.4115740775572319, 0.32587384365854005, 0.262552078784228]","[0.5476878174748123, 0.06156953333333333, 0.3907426491918544]","[0.6211957091062483, 0.006666666666666667, 0.372137624227085]",6,False,max_rounds,0.00668229928677988,0.027843914926052094,0.14701578326287207,0.0,1047,2664,ok,10.0
3,2,0.0,0.0,uniform,median,0.3,"[4, 1, 16]","[0.4115740775572319, 0.32587384365854005, 0.262552078784228]","[0.3333333333333333, 0.3333333333333333, 0.3333333333333333]",[],1,False,uninformative_contribution,0.005014975842373204,0.03799811005592346,,0.0,222,687,rejected_uninformative_contribution,
3,2,0.0,0.0,uniform,trimmed,0.3,"[4, 1, 16]","[0.4115740775572319, 0.32587384365854005, 0.262552078784228]","[0.5476878174748123, 0.06156953333333333, 0.3907426491918544]","[0.6211957091062483, 0.006666666666666667, 0.372137624227085]",6,False,max_rounds,0.00668229928677988,0.027843914926052094,0.14701578326287207,0.0,1047,2664,ok,10.0
3,2,0.3,0.0,uniform,uniform,0.3,"[4, 1, 13]","[0.44888819639277083, 0.35541821000891527, 0.19569359359831393]","[0.43867598037674094, 0.07535944269626617, 0.4859645769269929]","[0.46041315030896096, 0.02212722899896659, 0.5174596206920725]",6,False,max_rounds,0.004259110076131903,0.0156959630548954,0.10646442739459921,0.0,1191,234,ok,10.0
3,2,0.3,0.0,uniform,median,0.3,"[4, 1, 13]","[0.44888819639277083, 0.35541821000891527, 0.19569359359831393]","[0.45452051634120605, 0.06156953333333334, 0.4839099503254607]","[0.4785315304285368, 0.006666666666666667, 0.5148018029047965]",6,False,max_rounds,0.004269278382162123,0.022306807339191437,0.10980573333333322,0.0,1506,234,ok,10.0
3,2,0.3,0.0,uniform,trimmed,0.3,"[4, 1, 13]","[0.44888819639277083, 0.35541821000891527, 0.19569359359831393]","[0.43867598037674094, 0.07535944269626617, 0.4859645769269929]","[0.46041315030896096, 0.02212722899896659, 0.5174596206920725]",6,False,max_rounds,0.004259110076131903,0.0156959630548954,0.10646442739459921,0.0,1191,234,ok,10.0
3,5,0.0,0.0,uniform,uniform,0.3,"[4, 5, 9, 15, 3, 16]","[0.2715877413749139, 0.17278153365001162, 0.16405233256678717, 0.122614855453433, 0.1289055398056859, 0.14005799714916845]","[0.23148484863764224, 0.16105365226311527, 0.1617819819545987, 0.07256032379044275, 0.03644133092622411, 0.3366778624279769]","[0.26483122254037367, 0.1318110529834372, 0.13318661585957087, 0.0033333333333333344, 0.0033333333333333344, 0.4635044419499517]",6,False,max_rounds,0.0019425259560810204,0.032563557072232165,0.32034590684941233,0.0,7596,67860,ok,10.0
3,5,0.0,0.0,uniform,median,0.3,"[4, 5, 9, 15, 3, 16]","[0.2715877413749139, 0.17278153365001162, 0.16405233256678717, 0.122614855453433, 0.1289055398056859, 0.14005799714916845]","[0.07404058109401827, 0.03533017990807144, 0.12491882819056802, 0.03694109430520923, 0.033960661406466856, 0.6948086550956662]",[],6,False,uninformative_contribution,0.06464597538318562,0.11850868910551071,,0.0,6390,57456,rejected_uninformative_contribution,
3,5,0.0,0.0,uniform,trimmed,0.3,"[4, 5, 9, 15, 3, 16]","[0.2715877413749139, 0.17278153365001162, 0.16405233256678717, 0.122614855453433, 0.1289055398056859, 0.14005799714916845]","[0.3091238766502851, 0.07402136890531347, 0.24693174871882972, 0.062387504223490584, 0.04265697978030355, 0.26487852172177756]","[0.38816286436732417, 0.0033333333333333335, 0.28620802089310377, 0.0033333333333333335, 0.0033333333333333335, 0.3156291147395721]",6,False,max_rounds,0.03239972096088861,0.023321578046306968,0.3381317058182152,0.0,7080,82296,ok,10.0
3,5,0.3,0.0,uniform,uniform,0.3,"[4, 5, 9, 3, 10, 6]","[0.2806414877906646, 0.17854144086479357, 0.169521240001463, 0.13320278114315495, 0.11620356797769754, 0.12188948222222623]","[0.03911197496476014, 0.8052056967831791, 0.04744939190311345, 0.034174779667981374, 0.0335466091334352, 0.04051154754753071]","[0.0033333333333333344, 0.9833333333333335, 0.0033333333333333344, 0.0033333333333333344, 0.0033333333333333344, 0.0033333333333333344]",6,False,max_rounds,0.07523665437076926,0.05771115701645613,0.3562552731003086,0.0,6246,74448,ok,10.0
3,5,0.3,0.0,uniform,median,0.3,"[4, 5, 9, 3, 10, 6]","[0.2806414877906646, 0.17854144086479357, 0.169521240001463, 0.13320278114315495, 0.11620356797769754, 0.12188948222222623]","[0.03554218549674261, 0.8075813937076446, 0.037801705077184104, 0.03562010747867888, 0.032904098781222385, 0.05055050945852764]","[0.0033333333333333344, 0.9833333333333335, 0.0033333333333333344, 0.0033333333333333344, 0.0033333333333333344, 0.0033333333333333344]",6,False,max_rounds,0.07488068767692402,0.057541659101843834,0.3515038792513779,0.0,5574,70380,ok,10.0
3,5,0.3,0.0,uniform,trimmed,0.3,"[4, 5, 9, 3, 10, 6]","[0.2806414877906646, 0.17854144086479357, 0.169521240001463, 0.13320278114315495, 0.11620356797769754, 0.12188948222222623]","[0.04521508914158395, 0.6637151368072217, 0.1886208004039621, 0.033104022693518184, 0.0322679478669337, 0.0370770030867805]","[0.003333333333333334, 0.8138348346162089, 0.17283183205045796, 0.003333333333333334, 0.003333333333333334, 0.003333333333333334]",6,False,max_rounds,0.0761851103891018,0.05892134178429842,0.3002393956179743,0.0,7098,85572,ok,10.0
4,2,0.0,0.0,uniform,uniform,0.3,"[10, 8, 20]","[0.4262723871098569, 0.33062692807109606, 0.2431006848190471]","[0.6400470936896343, 0.06384374427120704, 0.2961091620391587]","[0.7091609036955737, 0.006666666666666665, 0.28417242963775957]",6,False,max_rounds,0.04590685028073693,0.024448367456595104,0.13822762001187894,0.0,1005,1098,ok,10.0
4,2,0.0,0.0,uniform,median,0.3,"[10, 8, 20]","[0.4262723871098569, 0.33062692807109606, 0.2431006848190471]","[0.6515818609398373, 0.06504532736711972, 0.2833728116930431]","[0.7227160569449521, 0.006666666666666665, 0.2706172763883812]",6,False,max_rounds,0.0459236652184174,0.027908634394407272,0.14226839201022984,0.0,1113,450,ok,10.0
4,2,0.0,0.0,uniform,trimmed,0.3,"[10, 8, 20]","[0.4262723871098569, 0.33062692807109606, 0.2431006848190471]","[0.6400470936896343, 0.06384374427120704, 0.2961091620391587]","[0.7091609036955737, 0.006666666666666665, 0.28417242963775957]",6,False,max_rounds,0.04590685028073693,0.024448367456595104,0.13822762001187894,0.0,1005,1098,ok,10.0
4,2,0.3,0.0,uniform,uniform,0.3,"[10, 8, 13]","[0.442860464800717, 0.34349303278578014, 0.21364650241350283]","[0.5418256382887954, 0.062045835787564, 0.3961285259236407]","[0.5959567768837544, 0.006666666666666667, 0.397376556449579]",6,False,max_rounds,0.013374051837249601,0.010946359485387802,0.11075833824179462,0.0,1404,2772,ok,10.0
4,2,0.3,0.0,uniform,median,0.3,"[10, 8, 13]","[0.442860464800717, 0.34349303278578014, 0.21364650241350283]","[0.3848972322278127, 0.1585727322789731, 0.4565300354932142]","[0.41525316123977446, 0.006666666666666667, 0.5780801720935589]",6,False,max_rounds,0.002921037654325609,0.01026199758052826,0.3038121312246129,0.0,1953,288,ok,10.0
4,2,0.3,0.0,uniform,trimmed,0.3,"[10, 8, 13]","[0.442860464800717, 0.34349303278578014, 0.21364650241350283]","[0.5418256382887954, 0.062045835787564, 0.3961285259236407]","[0.5959567768837544, 0.006666666666666667, 0.397376556449579]",6,False,max_rounds,0.013374051837249601,0.010946359485387802,0.11075833824179462,0.0,1404,2772,ok,10.0
4,5,0.0,0.0,uniform,uniform,0.3,"[10, 8, 3, 19, 11, 15]","[0.24596503783283455, 0.2607007486698805, 0.14159174279996636, 0.13623548393610066, 0.1258645527361945, 0.08964243402502348]","[0.10268963585140223, 0.3465568206225693, 0.040689584990060486, 0.31168374729131343, 0.06035680084365808, 0.13802341040099642]","[0.07856000606397326, 0.41599340891081693, 0.0033333333333333327, 0.36774034110698317, 0.0069223750596456345, 0.12745053552524757]",6,False,max_rounds,0.027049373370420376,0.020075336719552677,0.25098636420783477,0.0,7896,59148,ok,10.0
4,5,0.0,0.0,uniform,median,0.3,"[10, 8, 3, 19, 11, 15]","[0.24596503783283455, 0.2607007486698805, 0.14159174279996636, 0.13623548393610066, 0.1258645527361945, 0.08964243402502348]","[0.3653836137181036, 0.20982350489314014, 0.09493486754744723, 0.08452014028776346, 0.03467956843902061, 0.2106583051145249]","[0.397169514254876, 0.21857444556496938, 0.08667338022481008, 0.07471646566374632, 0.0033333333333333335, 0.21953286095826485]",6,False,max_rounds,0.0014460033702922703,0.019786886870861053,0.0988227941046832,0.0,8250,61380,ok,10.0
4,5,0.0,0.0,uniform,trimmed,0.3,"[10, 8, 3, 19, 11, 15]","[0.24596503783283455, 0.2607007486698805, 0.14159174279996636, 0.13623548393610066, 0.1258645527361945, 0.08964243402502348]","[0.19335942668705516, 0.2097528135670328, 0.11756938656922496, 0.2872701333837228, 0.06399339707514824, 0.12805484271781611]","[0.20962675785382398, 0.23702870379092386, 0.08294185758980709, 0.36660079419282593, 0.0033333333333333335, 0.10046855323928582]",6,False,max_rounds,0.022588415325539624,0.021654999814927578,0.24574776439952606,0.0,8772,81684,ok,9.999999999999998
4,5,0.3,0.0,uniform,uniform,0.3,"[10, 8, 3, 11, 2, 14]","[0.2509906080358086, 0.2660273996685432, 0.14448475251334802, 0.1284362236997384, 0.11295988482189542, 0.09710113126066633]","[0.42385678875447536, 0.033782118392547966, 0.03078476666666667, 0.4051647716802426, 0.07007066864390102, 0.036340885862166335]","[0.484026514828611, 0.0033333333333333335, 0.0033333333333333335, 0.46083804314954047, 0.04513544202184853, 0.0033333333333333335]",6,False,max_rounds,0.034275206866192676,0.0322424533466498,0.23168599508686694,0.0,5790,76356,ok,10.0
4,5,0.3,0.0,uniform,median,0.3,"[10, 8, 3, 11, 2, 14]","[0.2509906080358086, 0.2660273996685432, 0.14448475251334802, 0.1284362236997384, 0.11295988482189542, 0.09710113126066633]","[0.2994384488323598, 0.04332057650394129, 0.04793888307074296, 0.28322480527135885, 0.2522358605739409, 0.07384142574765615]","[0.32192124312444026, 0.02229900537928862, 0.027896970973727144, 0.30296612193964667, 0.266737423564822, 0.05817923501807529]",6,False,max_rounds,0.010585213924545367,0.010229267179965973,0.11345134790249874,0.0,5238,55332,ok,10.0
4,5,0.3,0.0,uniform,trimmed,0.3,"[10, 8, 3, 11, 2, 14]","[0.2509906080358086, 0.2660273996685432, 0.14448475251334802, 0.1284362236997384, 0.11295988482189542, 0.09710113126066633]","[0.403143702071001, 0.03142579689526077, 0.04202136594792441, 0.38837711045005413, 0.09207386607922427, 0.042958158556535564]","[0.43638162827029964, 0.00939092077524864, 0.025545512027514383, 0.41958219897765836, 0.08248847208628071, 0.02661126786299831]",6,False,max_rounds,0.025731220547484557,0.01601890497840941,0.12888602945380587,0.0,5034,66708,ok,10.0
5,2,0.0,0.0,uniform,uniform,0.3,"[20, 18, 3]","[0.3728539235895875, 0.3526556687394589, 0.2744904076709535]","[0.7992143871265477, 0.06156953333333334, 0.13921607954011894]","[0.8936581284590521, 0.006666666666666667, 0.09967520487428122]",6,False,max_rounds,0.0206872425988065,0.020736174657940865,0.18888748266500882,0.0,1152,5364,ok,10.0
5,2,0.0,0.0,uniform,median,0.3,"[20, 18, 3]","[0.3728539235895875, 0.3526556687394589, 0.2744904076709535]","[0.599597753072788, 0.06767276746849786, 0.3327294794587143]","[0.6595944229817604, 0.0077869524476372924, 0.3326186245706023]",6,False,max_rounds,0.0206872425988065,0.01635655015707016,0.119993339817945,0.0,1248,1800,ok,10.0
5,2,0.0,0.0,uniform,trimmed,0.3,"[20, 18, 3]","[0.3728539235895875, 0.3526556687394589, 0.2744904076709535]","[0.7992143871265477, 0.06156953333333334, 0.13921607954011894]","[0.8936581284590521, 0.006666666666666667, 0.09967520487428122]",6,False,max_rounds,0.0206872425988065,0.020736174657940865,0.18888748266500882,0.0,1152,5364,ok,10.0
5,2,0.3,0.0,uniform,uniform,0.3,"[3, 9, 14]","[0.3518895472586952, 0.3791689334896448, 0.26894151925165993]","[0.25544841938394874, 0.5809386875589515, 0.16361289305709964]","[0.22772532983907803, 0.6690736685059323, 0.10320100165498965]",6,False,max_rounds,0.0045128060476526954,0.00935595544675986,0.1762699618939615,0.0,1335,558,ok,10.0
5,2,0.3,0.0,uniform,median,0.3,"[3, 9, 14]","[0.3518895472586952, 0.3791689334896448, 0.26894151925165993]","[0.5832107703283063, 0.3200700883751274, 0.0967191412965663]","[0.6419734767839104, 0.3169510225663025, 0.04107550064978708]",6,False,max_rounds,0.02084777825685169,0.0063311513513326645,0.11752541291120824,0.0,2355,396,ok,10.0
5,2,0.3,0.0,uniform,trimmed,0.3,"[3, 9, 14]","[0.3518895472586952, 0.3791689334896448, 0.26894151925165993]","[0.25544841938394874, 0.5809386875589515, 0.16361289305709964]","[0.22772532983907803, 0.6690736685059323, 0.10320100165498965]",6,False,max_rounds,0.0045128060476526954,0.00935595544675986,0.1762699618939615,0.0,1335,558,ok,10.0
5,5,0.0,0.0,uniform,uniform,0.3,"[6, 13, 10, 5, 9, 8]","[0.24042355450640376, 0.18628610091803133, 0.14690026076096996, 0.14745766072089653, 0.1560132464349669, 0.12291917665873156]","[0.2803796741565315, 0.39599496564172665, 0.09217769230660036, 0.03374550542929564, 0.11261563932461265, 0.08508652314123331]","[0.3072817100394903, 0.4505235150977562, 0.07410847448025432, 0.003333333333333334, 0.0994301113064709, 0.06532285574269515]",6,False,max_rounds,0.02701846589875541,0.028343967472513516,0.1628611706779766,0.0,6606,83808,ok,9.999999999999998
5,5,0.0,0.0,uniform,median,0.3,"[6, 13, 10, 5, 9, 8]","[0.24042355450640376, 0.18628610091803133, 0.14690026076096996, 0.14745766072089653, 0.1560132464349669, 0.12291917665873156]","[0.0983964112803036, 0.3992563909243325, 0.13024449850849873, 0.06180367559501766, 0.24174044840810743, 0.06855857528374006]","[0.08176728001836106, 0.4559101273571441, 0.12137286016879943, 0.03626135949876533, 0.2600267689124572, 0.044661604044472926]",6,False,max_rounds,0.01446175919173931,0.024865997955203056,0.14988011387432262,0.0,5652,87120,ok,10.0
5,5,0.0,0.0,uniform,trimmed,0.3,"[6, 13, 10, 5, 9, 8]","[0.24042355450640376, 0.18628610091803133, 0.14690026076096996, 0.14745766072089653, 0.1560132464349669, 0.12291917665873156]","[0.32098351969362693, 0.08614492747888677, 0.2785769797321773, 0.17698277460352466, 0.03279198503038767, 0.1045198134613966]","[0.35545890975111943, 0.06799019731994839, 0.3035485600662104, 0.17918588584230608, 0.003333333333333334, 0.09048311368708253]",6,False,max_rounds,0.026533005652135455,0.021437512943521142,0.12330016326061378,0.0,7932,62028,ok,10.0
5,5,0.3,0.0,uniform,uniform,0.3,"[6, 13, 10, 5, 9, 8]","[0.24042355450640376, 0.18628610091803133, 0.14690026076096996, 0.14745766072089653, 0.1560132464349669, 0.12291917665873156]","[0.09448868294541742, 0.06407187603331307, 0.09856494521501644, 0.672687045038404, 0.033746593429720785, 0.03644085733812842]","[0.05692179964888832, 0.014721598968741607, 0.06257719557190793, 0.8591127391437955, 0.0033333333333333335, 0.0033333333333333335]",6,False,max_rounds,0.033622270320431635,0.02956033917143941,0.37285138821078306,0.0,5592,65916,ok,10.0
5,5,0.3,0.0,uniform,median,0.3,"[6, 13, 10, 5, 9, 8]","[0.24042355450640376, 0.18628610091803133, 0.14690026076096996, 0.14745766072089653, 0.1560132464349669, 0.12291917665873156]","[0.17670831797387868, 0.07719179243887724, 0.2012430437676255, 0.39745938673932896, 0.03602755348685116, 0.11136990559343853]","[0.18023910760398834, 0.0747159752360836, 0.20622057204349586, 0.41400719987158624, 0.013769258772375096, 0.11104788647247085]",6,False,max_rounds,0.003888587257253162,0.002527519129216671,0.050112262076474685,0.0,5982,67392,ok,10.0
5,5,0.3,0.0,uniform,trimmed,0.3,"[6, 13, 10, 5, 9, 8]","[0.24042355450640376, 0.18628610091803133, 0.14690026076096996, 0.14745766072089653, 0.1560132464349669, 0.12291917665873156]","[0.07811584622069184, 0.1324112670075011, 0.14173289219998564, 0.5665629529001569, 0.045834226831079426, 0.03534281484058514]","[0.06318374681266524, 0.12864370887163173, 0.13988210103409168, 0.6520681979820272, 0.012888911966250936, 0.003333333333333334]",6,False,max_rounds,0.03693642905499628,0.014260153286159039,0.17101049016374054,0.0,5838,68472,ok,10.0
6,2,0.0,0.0,uniform,uniform,0.3,"[18, 19, 3]","[0.3493537306424939, 0.37236512971503266, 0.2782811396424733]","[0.06333056142872853, 0.06180050853819437, 0.8748689300330772]","[0.006666666666666667, 0.006666666666666667, 0.9866666666666667]",6,False,max_rounds,0.04887238096384294,0.03185680011908213,0.22359547326717905,0.0,1098,5688,ok,10.0
6,2,0.0,0.0,uniform,median,0.3,"[18, 19, 3]","[0.3493537306424939, 0.37236512971503266, 0.2782811396424733]","[0.10234743097126775, 0.7025951355150656, 0.19505743351366667]","[0.05555383019363446, 0.7774009534330646, 0.16704521637330094]",6,False,max_rounds,0.0016449689835837944,0.0031008832156658173,0.149611635835998,0.0,1143,3258,ok,10.0
6,2,0.0,0.0,uniform,trimmed,0.3,"[18, 19, 3]","[0.3493537306424939, 0.37236512971503266, 0.2782811396424733]","[0.06333056142872853, 0.06180050853819437, 0.8748689300330772]","[0.006666666666666667, 0.006666666666666667, 0.9866666666666667]",6,False,max_rounds,0.04887238096384294,0.03185680011908213,0.22359547326717905,0.0,1098,5688,ok,10.0
6,2,0.3,0.0,uniform,uniform,0.3,"[3, 7, 14]","[0.3354804482766015, 0.3733062392268723, 0.29121331249652627]","[0.33376617882777804, 0.4041621901110367, 0.26207163106118525]","[0.33383501643537555, 0.4154264613394961, 0.2507385222251284]",6,False,max_rounds,0.008069224492238014,0.0006463304162025452,0.022666217672113798,0.0,1440,3852,ok,10.0
6,2,0.3,0.0,uniform,median,0.3,"[3, 7, 14]","[0.3354804482766015, 0.3733062392268723, 0.29121331249652627]","[0.38640516256713586, 0.3937520189951029, 0.21984281843776116]",[],5,False,uninformative_contribution,0.004575779986745743,0.012680016458034515,,0.0,1743,1320,rejected_uninformative_contribution,
6,2,0.3,0.0,uniform,trimmed,0.3,"[3, 7, 14]","[0.3354804482766015, 0.3733062392268723, 0.29121331249652627]","[0.33376617882777804, 0.4041621901110367, 0.26207163106118525]","[0.33383501643537555, 0.4154264613394961, 0.2507385222251284]",6,False,max_rounds,0.008069224492238014,0.0006463304162025452,0.022666217672113798,0.0,1440,3852,ok,10.0
6,5,0.0,0.0,uniform,uniform,0.3,"[15, 17, 3, 6, 1, 12]","[0.2746111169534991, 0.20256594474930387, 0.1316899414352431, 0.13480137181246865, 0.1250320810256848, 0.1312995440238005]","[0.11723030416320783, 0.08480046429832701, 0.5360701743860544, 0.13930567629273222, 0.034390887845771614, 0.08820249301390691]","[0.10380033127616778, 0.06297732457864157, 0.6310401480171222, 0.13158903045102469, 0.0033333333333333344, 0.06725983234371052]",6,False,max_rounds,0.0029272695752293743,0.02444389183074236,0.18993994726213542,0.0,4356,63324,ok,10.0
6,5,0.0,0.0,uniform,median,0.3,"[15, 17, 3, 6, 1, 12]","[0.2746111169534991, 0.20256594474930387, 0.1316899414352431, 0.13480137181246865, 0.1250320810256848, 0.1312995440238005]","[0.24926456585962334, 0.07022440870670456, 0.462646860357696, 0.0815902404215513, 0.030784766666666664, 0.10548915798775821]","[0.268136417262287, 0.045866888410922665, 0.5330400166419553, 0.05997700817642967, 0.0033333333333333335, 0.08964633617507195]",6,False,max_rounds,0.0031994872390357365,0.018363994546234608,0.1785300153738461,0.0,4758,57456,ok,10.0
6,5,0.0,0.0,uniform,trimmed,0.3,"[15, 17, 3, 6, 1, 12]","[0.2746111169534991, 0.20256594474930387, 0.1316899414352431, 0.13480137181246865, 0.1250320810256848, 0.1312995440238005]","[0.1433884712722622, 0.06484510870713123, 0.5773580233862008, 0.0872126158372678, 0.03078476666666666, 0.09641101413047133]","[0.13481979715232892, 0.03439064829885793, 0.6897131875516023, 0.06299076968009885, 0.0033333333333333335, 0.07475226398377871]",6,False,max_rounds,0.003161447064828238,0.023813863284885883,0.22471032833080296,0.0,3930,64116,ok,10.0
6,5,0.3,0.0,uniform,uniform,0.3,"[3, 1, 6, 12, 14, 8]","[0.18199690934401677, 0.17279567495832648, 0.18629693944595585, 0.1814573759405989, 0.15561076563733778, 0.12184233467376422]","[0.206523433825759, 0.03182222515768031, 0.030784766666666664, 0.2619349305032734, 0.11208815788228704, 0.3568464859643336]","[0.21284448959364186, 0.003333333333333334, 0.003333333333333334, 0.28351844446202296, 0.09239810517536352, 0.40457229410230505]",6,False,max_rounds,0.05071892217574156,0.04709858571489652,0.15126075572920772,0.0,3984,85464,ok,10.0
6,5,0.3,0.0,uniform,median,0.3,"[3, 1, 6, 12, 14, 8]","[0.18199690934401677, 0.17279567495832648, 0.18629693944595585, 0.1814573759405989, 0.15561076563733778, 0.12184233467376422]","[0.030784766666666664, 0.23498756356044997, 0.030784766666666664, 0.6363370013567021, 0.030784766666666664, 0.03632113508284797]","[0.003333333333333334, 0.24441271910728518, 0.003333333333333334, 0.7422539475593816, 0.003333333333333334, 0.003333333333333334]",6,False,max_rounds,0.03323065052046992,0.045729173347353935,0.23068420349902927,0.0,3708,77112,ok,10.0
6,5,0.3,0.0,uniform,trimmed,0.3,"[3, 1, 6, 12, 14, 8]","[0.18199690934401677, 0.17279567495832648, 0.18629693944595585, 0.1814573759405989, 0.15561076563733778, 0.12184233467376422]","[0.4782303782935404, 0.262065154297547, 0.030784766666666668, 0.1561487537108247, 0.030784766666666668, 0.041986180364754606]","[0.6137243657093406, 0.2718848850214451, 0.003333333333333334, 0.10439074926921445, 0.003333333333333334, 0.003333333333333334]",6,False,max_rounds,0.08045544609276445,0.059042733686510473,0.29062743627939647,0.0,6042,70128,ok,10.0
7,2,0.0,0.0,uniform,uniform,0.3,"[15, 13, 9]","[0.46598568727126066, 0.2556701080586334, 0.27834420467010595]","[0.06156953333333334, 0.43740985982100333, 0.5010206068456633]","[0.006666666666666667, 0.4589398017602324, 0.534393531573101]",6,False,max_rounds,0.0013904354249660855,0.012463605031371117,0.10980573333333345,0.0,1092,1098,ok,10.0
7,2,0.0,0.0,uniform,median,0.3,"[15, 13, 9]","[0.46598568727126066, 0.2556701080586334, 0.27834420467010595]","[0.07524161645054364, 0.8253387486673383, 0.09941963488211811]","[0.006666666666666667, 0.9866666666666667, 0.006666666666666667]",6,False,max_rounds,0.005962049918261769,0.008011750876903534,0.3226558359986568,0.0,1386,450,ok,10.0
7,2,0.0,0.0,uniform,trimmed,0.3,"[15, 13, 9]","[0.46598568727126066, 0.2556701080586334, 0.27834420467010595]","[0.06156953333333334, 0.43740985982100333, 0.5010206068456633]","[0.006666666666666667, 0.4589398017602324, 0.534393531573101]",6,False,max_rounds,0.0013904354249660855,0.012463605031371117,0.10980573333333345,0.0,1092,1098,ok,10.0
7,2,0.3,0.0,uniform,uniform,0.3,"[13, 9, 10]","[0.36979789790947204, 0.4025934144741067, 0.2276086876164213]","[0.17479886107245635, 0.6554118163336344, 0.16978932259390928]","[0.006666666666666667, 0.9866666666666667, 0.006666666666666667]",6,False,max_rounds,0.010554291637740576,0.025715575863917668,0.6625097006660645,0.0,1464,1098,ok,10.0
7,2,0.3,0.0,uniform,median,0.3,"[13, 9, 10]","[0.36979789790947204, 0.4025934144741067, 0.2276086876164213]","[0.1781093444466406, 0.6596879401970268, 0.16220271535633263]","[0.006666666666666667, 0.9866666666666667, 0.006666666666666667]",6,False,max_rounds,0.010648815065188444,0.02786257117986679,0.6539574529392798,0.0,1422,450,ok,10.0
7,2,0.3,0.0,uniform,trimmed,0.3,"[13, 9, 10]","[0.36979789790947204, 0.4025934144741067, 0.2276086876164213]","[0.17479886107245635, 0.6554118163336344, 0.16978932259390928]","[0.006666666666666667, 0.9866666666666667, 0.006666666666666667]",6,False,max_rounds,0.010554291637740576,0.025715575863917668,0.6625097006660645,0.0,1464,1098,ok,10.0
7,5,0.0,0.0,uniform,uniform,0.3,"[2, 3, 16, 6, 5, 20]","[0.28404769649322414, 0.15823171004642847, 0.16300649450875812, 0.17387011783434198, 0.11218834768786301, 0.10865563342938439]","[0.5512429973904046, 0.12896631055663002, 0.20419979302451166, 0.030784766666666658, 0.05402136569512047, 0.030784766666666658]","[0.6429277870093287, 0.11668198920739442, 0.2104387729398409, 0.003333333333333334, 0.02328478417676945, 0.003333333333333334]",6,False,max_rounds,0.03083883772304974,0.059012254079182945,0.19584753906850663,0.0,5796,67968,ok,10.0
7,5,0.0,0.0,uniform,median,0.3,"[2, 3, 16, 6, 5, 20]","[0.28404769649322414, 0.15823171004642847, 0.16300649450875812, 0.17387011783434198, 0.11218834768786301, 0.10865563342938439]","[0.36417414528959974, 0.09525607089128055, 0.16285269809734013, 0.03078476666666666, 0.03078476666666666, 0.3161475523884464]","[0.3934384523398822, 0.09226970449034429, 0.16797302647809167, 0.003333333333333334, 0.003333333333333334, 0.3396521500250153]",6,False,max_rounds,0.07669700670402158,0.025982899591326714,0.11577846613520588,0.0,6702,73692,ok,10.0
7,5,0.0,0.0,uniform,trimmed,0.3,"[2, 3, 16, 6, 5, 20]","[0.28404769649322414, 0.15823171004642847, 0.16300649450875812, 0.17387011783434198, 0.11218834768786301, 0.10865563342938439]","[0.39014605841140004, 0.18941853565477684, 0.15404686535597656, 0.030784766666666668, 0.040982908517039375, 0.1946208653941407]","[0.44298278299391414, 0.19404019349780474, 0.1501721923484934, 0.003333333333333334, 0.008979366801875634, 0.20049213102457886]",6,False,max_rounds,0.07495859210645128,0.04775061737746,0.12665929611196036,0.0,8070,84672,ok,10.0
7,5,0.3,0.0,uniform,uniform,0.3,"[2, 3, 6, 5, 11, 4]","[0.290615710172755, 0.1618904900645417, 0.1778905035882002, 0.11478247047567243, 0.13106272733504631, 0.12375809836378447]","[0.2577072241099566, 0.07560630995441125, 0.06232059554242168, 0.03621869812991554, 0.4337594424878389, 0.13438772977545604]","[0.2707958035534236, 0.0763324366958774, 0.05692635667276377, 0.013154320433792051, 0.4273897629598947, 0.15540131968424842]",6,False,max_rounds,0.05565820726293119,0.013715793068210283,0.06965659218745104,0.0,6564,65448,ok,10.0
7,5,0.3,0.0,uniform,median,0.3,"[2, 3, 6, 5, 11, 4]","[0.290615710172755, 0.1618904900645417, 0.1778905035882002, 0.11478247047567243, 0.13106272733504631, 0.12375809836378447]","[0.09615517440716931, 0.05998934513600445, 0.06374118775930764, 0.047646428707232485, 0.2567532033529679, 0.4757146606373183]","[0.08356209578903565, 0.03809233334049167, 0.04317481523544672, 0.02137184274993853, 0.2758295042636756, 0.5379694086214118]",6,False,max_rounds,0.05167922617071524,0.007280740886926651,0.1626620977896025,0.0,5574,61992,ok,10.0
7,5,0.3,0.0,uniform,trimmed,0.3,"[2, 3, 6, 5, 11, 4]","[0.290615710172755, 0.1618904900645417, 0.1778905035882002, 0.11478247047567243, 0.13106272733504631, 0.12375809836378447]","[0.5129088732856714, 0.034896329699497054, 0.03614401944586049, 0.0358730208223715, 0.33773062243550095, 0.04244713431109856]","[0.5983596052574407, 0.0033333333333333335, 0.0033333333333333335, 0.0033333333333333335, 0.3806084837362476, 0.011031911006311736]",6,False,max_rounds,0.021866002485574784,0.021217250265181065,0.2566571865450319,0.0,5754,79272,ok,10.0
