agent_id,reputation_share,optimization_weight,contribution_share,surplus_share,bid,payment,seed,dimension,poison_ratio,target,initialization,initialization_replicate,evaluator,update_rate,update_policy,coalition_mode,controlled_coalition_size,controlled_poison_count,coalition_round,payment_contribution_source,payment_fallback_reason
9,0.3778305024468294,0.3434672953765706,0.4184047157328254,0.40217503041842706,1.3,3.7854416879858794,0,2,0.0,0.0,uniform,0,uniform,0.5,guarded,stage1,,,0,eval,
19,0.36617131850435053,0.3067509531919865,0.11115867293769795,0.213163731164359,1.3,2.6173518585957387,0,2,0.0,0.0,uniform,0,uniform,0.5,guarded,stage1,,,0,eval,
16,0.2559981790488201,0.3497817514314429,0.4704366113294767,0.38466123841721406,1.22,3.5972064534183827,0,2,0.0,0.0,uniform,0,uniform,0.5,guarded,stage1,,,0,eval,
12,0.47914489677342104,0.40741466747019306,0.4092569594102795,0.4372121343555361,1.3800000000000001,4.116947961065656,1,2,0.0,0.0,uniform,0,uniform,0.5,guarded,stage1,,,0,eval,
3,0.32489874050365897,0.29890097394945797,0.29804479458687244,0.3087863729535871,1.1400000000000001,3.073002694689455,1,2,0.0,0.0,uniform,0,uniform,0.5,guarded,stage1,,,0,eval,
16,0.19595636272291997,0.293684358580349,0.292698246002848,0.2540014926908768,1.22,2.810049344244889,1,2,0.0,0.0,uniform,0,uniform,0.5,guarded,stage1,,,0,eval,
8,0.3707857194733917,0.5533854706917235,0.5058454249310489,0.451821542747986,1.1400000000000001,4.185277198121426,2,2,0.0,0.0,uniform,0,uniform,0.5,guarded,stage1,,,0,eval,
10,0.30983453618478235,0.0182508134681591,0.007834841263628036,0.12863471923208977,1.06,1.9269980076242852,2,2,0.0,0.0,uniform,0,uniform,0.5,guarded,stage1,,,0,eval,
20,0.3193797443418259,0.42836371584011745,0.4863197338053232,0.4195437380199243,1.06,3.88772479425429,2,2,0.0,0.0,uniform,0,uniform,0.5,guarded,stage1,,,0,eval,
4,0.4115740775572319,0.389098570351441,0.3921226249726437,0.399903206006479,1.3,3.803394069600558,3,2,0.0,0.0,uniform,0,uniform,0.5,guarded,stage1,,,0,eval,
1,0.32587384365854005,0.19422262924690434,0.021156250518220725,0.14304328777434844,1.22,2.115450981467421,3,2,0.0,0.0,uniform,0,uniform,0.5,guarded,stage1,,,0,eval,
16,0.262552078784228,0.41667880040165467,0.5867211245091355,0.45705350621917246,1.22,4.08115494893202,3,2,0.0,0.0,uniform,0,uniform,0.5,guarded,stage1,,,0,eval,
10,0.4262723871098569,0.04750065975383924,3.614433638329061e-05,0.17053064144577273,1.06,2.2093765233445084,4,2,0.0,0.0,uniform,0,uniform,0.5,guarded,stage1,,,0,eval,
8,0.33062692807109606,0.9049989234472952,0.9721169202348042,0.7155209233693209,1.1400000000000001,5.962611023509224,4,2,0.0,0.0,uniform,0,uniform,0.5,guarded,stage1,,,0,eval,
20,0.2431006848190471,0.047500416798865616,0.02784693542881236,0.11394843518490626,1.06,1.8280124531462683,4,2,0.0,0.0,uniform,0,uniform,0.5,guarded,stage1,,,0,eval,
20,0.5139200467255628,0.5,0.06471940789468521,0.24439966342703623,1.06,2.966317374730883,5,2,0.0,0.0,uniform,0,uniform,0.5,guarded,stage1,,,1,eval,
18,0.48607995327443726,0.5,0.9352805921053148,0.7556003365729638,1.1400000000000001,7.033682625269117,5,2,0.0,0.0,uniform,0,uniform,0.5,guarded,stage1,,,1,eval,
18,0.3493537306424939,0.5471498507218026,0.2752857210043456,0.304912924859605,1.1400000000000001,3.0975409775986638,6,2,0.0,0.0,uniform,0,uniform,0.5,guarded,stage1,,,0,eval,
19,0.37236512971503266,0.2268469431417004,0.3619837654938667,0.36613631118233303,1.3,3.650595117790578,6,2,0.0,0.0,uniform,0,uniform,0.5,guarded,stage1,,,0,eval,
3,0.2782811396424733,0.22600320613649708,0.3627305135017877,0.32895076395806194,1.1400000000000001,3.2518639046107576,6,2,0.0,0.0,uniform,0,uniform,0.5,guarded,stage1,,,0,eval,
13,0.4787701414821533,0.6793107991772811,0.6833275451222574,0.6015045836662157,1.1400000000000001,5.68737465251659,7,2,0.0,0.0,uniform,0,uniform,0.5,guarded,stage1,,,1,eval,
9,0.5212298585178468,0.3206892008227189,0.31667245487774265,0.39849541633378427,1.3,4.312625347483409,7,2,0.0,0.0,uniform,0,uniform,0.5,guarded,stage1,,,1,eval,
18,0.5279786142439893,0.323994764900147,0.1807471444517225,0.31963973236862925,1.1400000000000001,3.5564763767068373,8,2,0.0,0.0,uniform,0,uniform,0.5,guarded,stage1,,,1,eval,
9,0.4720213857560107,0.676005235099853,0.8192528555482775,0.6803602676313708,1.3,6.443523623293163,8,2,0.0,0.0,uniform,0,uniform,0.5,guarded,stage1,,,1,eval,
8,0.45526271435032745,0.5,0.9873123753085732,0.7744925109252748,1.1400000000000001,7.057122783469099,9,2,0.0,0.0,uniform,0,uniform,0.5,guarded,stage1,,,1,eval,
1,0.5447372856496725,0.5,0.012687624691426801,0.2255074890747251,1.22,2.9428772165308996,9,2,0.0,0.0,uniform,0,uniform,0.5,guarded,stage1,,,1,eval,
8,0.48657661746883324,0.7653729273448937,0.9476609697592908,0.7632272288431078,1.1400000000000001,6.9099978500538946,10,2,0.0,0.0,uniform,0,uniform,0.5,guarded,stage1,,,0,eval,
14,0.5134233825311668,0.1271198801572359,0.05233903024070909,0.2367727711568922,1.3,3.0900021499461046,10,2,0.0,0.0,uniform,0,uniform,0.5,guarded,stage1,,,0,eval,
20,1.0,0.9863475754695024,1.0,1.0,1.06,10.0,11,2,0.0,0.0,uniform,0,uniform,0.5,guarded,stage1,,,0,eval,
18,0.37706601689927144,0.4445629359617211,0.7474762962989133,0.5993121845390565,1.1400000000000001,4.987584224740743,12,2,0.0,0.0,uniform,0,uniform,0.5,guarded,stage1,,,0,eval,
15,0.2557519912584921,0.2752028742970554,0.2057110285951841,0.2257274136605073,1.06,2.509169995700457,12,2,0.0,0.0,uniform,0,uniform,0.5,guarded,stage1,,,0,eval,
17,0.3671819918422366,0.2802341897412234,0.046812675105902646,0.17496040180043623,1.3800000000000001,2.503245779558801,12,2,0.0,0.0,uniform,0,uniform,0.5,guarded,stage1,,,0,eval,
17,0.5343819773357096,0.0070244658780254906,2.2547069975293158e-05,0.213766319176269,1.3800000000000001,2.961870761904391,13,2,0.0,0.0,uniform,0,uniform,0.5,guarded,stage1,,,0,eval,
6,0.4656180226642905,0.9862689619713839,0.9999774529300247,0.786233680823731,1.22,7.0381292380956095,13,2,0.0,0.0,uniform,0,uniform,0.5,guarded,stage1,,,0,eval,
15,1.0,0.9863279506833472,1.0,1.0,1.06,10.0,14,2,0.0,0.0,uniform,0,uniform,0.5,guarded,stage1,,,0,eval,
16,0.5369141968243755,0.010481411677751979,2.956205693867163e-06,0.2147674524531665,1.22,2.8608233367421922,15,2,0.0,0.0,uniform,0,uniform,0.5,guarded,stage1,,,1,eval,
3,0.46308580317562453,0.989518588322248,0.9999970437943061,0.7852325475468335,1.1400000000000001,7.139176663257807,15,2,0.0,0.0,uniform,0,uniform,0.5,guarded,stage1,,,1,eval,
8,0.36554068381743127,0.46188961818461244,0.5017745784498486,0.4472810205968817,1.1400000000000001,4.011544152231981,16,2,0.0,0.0,uniform,0,uniform,0.5,guarded,stage1,,,0,eval,
10,0.30588194063743335,0.3064759237810961,0.2889478074523869,0.2957214607264055,1.06,2.958531777863523,16,2,0.0,0.0,uniform,0,uniform,0.5,guarded,stage1,,,0,eval,
2,0.32857737554513533,0.2316344580342915,0.20927761409776446,0.25699751867671283,1.3800000000000001,3.0299240699044967,16,2,0.0,0.0,uniform,0,uniform,0.5,guarded,stage1,,,0,eval,
19,0.5751083722295758,0.2613968169202345,0.2060910373303367,0.35369797129003233,1.3,3.9173649875462395,17,2,0.0,0.0,uniform,0,uniform,0.5,guarded,stage1,,,0,eval,
14,0.42489162777042433,0.21083348871959184,0.7939089626696633,0.6463020287099677,1.3,6.0826350124537605,17,2,0.0,0.0,uniform,0,uniform,0.5,guarded,stage1,,,0,eval,
8,0.643372973760584,0.9895133569680022,0.9999916956689139,0.8573442069055819,1.1400000000000001,7.690109740758645,18,2,0.0,0.0,uniform,0,uniform,0.5,guarded,stage1,,,1,eval,
6,0.3566270262394161,0.010486643031997735,8.304331086131012e-06,0.14265579309441812,1.22,2.3098902592413544,18,2,0.0,0.0,uniform,0,uniform,0.5,guarded,stage1,,,1,eval,
10,0.3984081239269777,0.36820560055223406,0.42009032088383264,0.41141744210109066,1.06,3.800040164393264,19,2,0.0,0.0,uniform,0,uniform,0.5,guarded,stage1,,,0,eval,
8,0.3523335035096514,0.27506247668526596,0.18836415329581369,0.25395189338134877,1.1400000000000001,2.831319609919783,19,2,0.0,0.0,uniform,0,uniform,0.5,guarded,stage1,,,0,eval,
18,0.2492583725633708,0.3567319227625,0.3915455258203537,0.3346306645175605,1.1400000000000001,3.368640225686953,19,2,0.0,0.0,uniform,0,uniform,0.5,guarded,stage1,,,0,eval,
17,0.6266526387661987,0.98634488509354,0.999997168266982,0.8506593564666687,1.3800000000000001,7.810984734888015,20,2,0.0,0.0,uniform,0,uniform,0.5,guarded,stage1,,,0,eval,
10,0.37334736123380124,0.0068289415532436625,2.8317330180027643e-06,0.14934064353333132,1.06,2.1890152651119847,20,2,0.0,0.0,uniform,0,uniform,0.5,guarded,stage1,,,0,eval,
2,1.0,0.9895214803035818,1.0,1.0,1.3800000000000001,10.0,21,2,0.0,0.0,uniform,0,uniform,0.5,guarded,stage1,,,1,eval,
1,0.5747282549259761,0.5236846349012231,0.9833598959433287,0.8199072395363877,1.22,7.418498730895091,22,2,0.0,0.0,uniform,0,uniform,0.5,guarded,stage1,,,1,eval,
6,0.4252717450740238,0.47631536509877687,0.016640104056671268,0.1800927604636123,1.22,2.5815012691049093,22,2,0.0,0.0,uniform,0,uniform,0.5,guarded,stage1,,,1,eval,
3,0.36609480630527397,0.6604196019815307,0.6688974905007792,0.547776416822577,1.1400000000000001,4.788190936038363,23,2,0.0,0.0,uniform,0,uniform,0.5,guarded,stage1,,,0,eval,
18,0.3196368032667526,0.17367898841628024,0.1655587530960278,0.22718997316431772,1.1400000000000001,2.653085221274356,23,2,0.0,0.0,uniform,0,uniform,0.5,guarded,stage1,,,0,eval,
5,0.31426839042797344,0.16590140960218908,0.16554375640319313,0.22503361001310526,1.06,2.5587238426872814,23,2,0.0,0.0,uniform,0,uniform,0.5,guarded,stage1,,,0,eval,
13,0.4572396236279282,0.3333333333333333,0.08953171388910619,0.236614877784635,1.1400000000000001,2.659067515377357,24,2,0.0,0.0,uniform,0,uniform,0.5,guarded,stage1,,,0,eval,
20,0.2299679008300801,0.3333333333333333,0.7947564003927388,0.5688410005676753,1.06,4.711959223644476,24,2,0.0,0.0,uniform,0,uniform,0.5,guarded,stage1,,,0,eval,
7,0.3127924755419918,0.3333333333333333,0.11571188571815506,0.19454412164768975,1.3800000000000001,2.628973260978168,24,2,0.0,0.0,uniform,0,uniform,0.5,guarded,stage1,,,0,eval,
9,0.3675861669249263,0.39350456110328497,0.5611845456923029,0.4837451941853522,1.3,4.366944531135133,25,2,0.0,0.0,uniform,0,uniform,0.5,guarded,stage1,,,0,eval,
19,0.3532777682294573,0.5181621055633816,0.35175882853608476,0.3523664044134338,1.3,3.5340030039811703,25,2,0.0,0.0,uniform,0,uniform,0.5,guarded,stage1,,,0,eval,
20,0.2791360648456166,0.08833333333333332,0.08705662577161243,0.1638884014012141,1.06,2.0990524648836972,25,2,0.0,0.0,uniform,0,uniform,0.5,guarded,stage1,,,0,eval,
10,0.35936896272190333,0.297437242248858,0.2008014389982903,0.2642284484877355,1.06,2.7563466392912623,26,2,0.0,0.0,uniform,0,uniform,0.5,guarded,stage1,,,0,eval,
14,0.36784069323264207,0.3512372064783492,0.3994981821120258,0.3868351865602723,1.3,3.783481897716948,26,2,0.0,0.0,uniform,0,uniform,0.5,guarded,stage1,,,0,eval,
16,0.2727903440454546,0.35132555127279286,0.3997003788896839,0.3489363649519922,1.22,3.4601714629917897,26,2,0.0,0.0,uniform,0,uniform,0.5,guarded,stage1,,,0,eval,
5,0.3674759152413462,0.39354655020849755,0.3702282395993449,0.3691273098561454,1.06,3.459327514064945,27,2,0.0,0.0,uniform,0,uniform,0.5,guarded,stage1,,,0,eval,
13,0.2800519508443133,0.21069633798355764,0.2566730851434038,0.2660246314237676,1.1400000000000001,2.8691601042544894,27,2,0.0,0.0,uniform,0,uniform,0.5,guarded,stage1,,,0,eval,
14,0.35247213391434046,0.3957571118079448,0.37309867525725127,0.36484805872008697,1.3,3.6715123816805653,27,2,0.0,0.0,uniform,0,uniform,0.5,guarded,stage1,,,0,eval,
20,0.632564588624948,0.010479181532949135,6.972002575736632e-07,0.25302625377013377,1.06,3.0336047794070433,28,2,0.0,0.0,uniform,0,uniform,0.5,guarded,stage1,,,1,eval,
8,0.3674354113750519,0.9895208184670508,0.9999993027997425,0.7469737462298662,1.1400000000000001,6.966395220592956,28,2,0.0,0.0,uniform,0,uniform,0.5,guarded,stage1,,,1,eval,
8,0.41202678844060914,0.37372970442501846,0.12083566720875709,0.2373121157014979,1.1400000000000001,2.701513721315856,29,2,0.0,0.0,uniform,0,uniform,0.5,guarded,stage1,,,0,eval,
16,0.34370584556674505,0.4594444578398649,0.792996299172613,0.6132801177302658,1.22,5.255383174665149,29,2,0.0,0.0,uniform,0,uniform,0.5,guarded,stage1,,,0,eval,
15,0.24426736599264584,0.16682583773511667,0.0861680336186299,0.1494077665682363,1.06,2.0431031040189946,29,2,0.0,0.0,uniform,0,uniform,0.5,guarded,stage1,,,0,eval,
