seed,dimension,poison_ratio,target,initialization,initialization_replicate,evaluator,update_rate,update_policy,coalition_mode,controlled_coalition_size,controlled_poison_count,round,target_error,evaluation_loss,consistency_l1,update_l1,eta_used,update_accepted,gate_triggered,eval_loss_delta,informative,stage3_requests_cumulative,contribution_requests_cumulative
0,2,0.3,0.0,uniform,0,uniform,0.5,fixed,controlled,7,1,0,0.014252845576811168,0.017142916364329203,0.9124168798734066,0.45620843993670335,0.5,True,False,,True,567,14777
0,2,0.3,0.0,uniform,0,uniform,0.5,fixed,controlled,7,1,1,0.024336936539832266,0.018546975616897856,0.47653116928658684,0.2382655846432933,0.5,True,False,0.0014040592525686527,True,1680,29554
0,2,0.3,0.0,uniform,0,uniform,0.5,fixed,controlled,7,1,2,0.03318783969466743,0.02309401599424226,0.2868127516798835,0.14340637583994184,0.5,True,False,0.0045470403773444044,True,2506,44331
0,2,0.3,0.0,uniform,0,uniform,0.5,fixed,controlled,7,1,3,0.033424002365944006,0.02334980932729585,0.14619742645675454,0.0730987132283773,0.5,True,False,0.00025579333305358887,True,3136,59108
0,2,0.3,0.0,uniform,0,uniform,0.5,fixed,controlled,7,1,4,0.03367381713633222,0.023594989840473448,0.0757967203617558,0.03789836018087772,0.5,True,False,0.00024518051317759873,True,3493,73885
0,2,0.3,0.0,uniform,0,uniform,0.5,fixed,controlled,7,1,5,0.034816678973178306,0.024443102202245166,0.047406912534788556,0.023703456267394306,0.5,True,False,0.0008481123617717183,True,5096,88662
0,2,0.3,0.0,uniform,0,uniform,0.5,fixed,controlled,7,1,6,0.03679120099400279,0.02548543842775481,0.030352879910601753,0.015176439955300876,0.5,True,False,0.0010423362255096436,True,6419,103439
0,2,0.3,0.0,uniform,0,uniform,0.5,fixed,controlled,7,1,7,0.03667823022704653,0.02542957610317639,0.014885150881405124,0.007442575440702563,0.5,True,False,-5.586232457841997e-05,True,7805,118216
0,2,0.3,0.0,uniform,0,uniform,0.5,fixed,controlled,7,1,8,0.03336003321873804,0.023286046194178716,0.014074442122213827,0.00703722106110676,0.5,True,False,-0.002143529908997674,True,8470,132993
0,2,0.3,0.0,uniform,0,uniform,0.5,fixed,controlled,7,1,9,0.03667504312527292,0.025427551673991338,0.01334208637761165,0.006671043188805655,0.5,True,False,0.002141505479812622,True,10248,147770
0,2,0.3,0.0,uniform,0,uniform,0.5,fixed,controlled,7,1,10,0.03339260998052751,0.023309952978576933,0.012883157865963972,0.006441578932981834,0.5,True,False,-0.002117598695414405,True,11025,162547
0,2,0.3,0.0,uniform,0,uniform,0.5,fixed,controlled,7,1,11,0.036686081894757194,0.02543374683175768,0.012863111336419895,0.006431555668209944,0.5,True,False,0.002123793853180747,True,12719,177324
0,2,0.3,0.0,uniform,0,uniform,0.5,fixed,controlled,7,1,12,0.03336298244604308,0.02329334935971669,0.012913894826464548,0.006456947413232149,0.5,True,False,-0.002140397472040992,True,13552,192101
0,2,0.3,0.0,uniform,0,uniform,0.5,fixed,controlled,7,1,13,0.03668754805724461,0.025433974074465886,0.012819239580489816,0.006409619790244846,0.5,True,False,0.002140624714749198,True,15120,206878
0,2,0.3,0.0,uniform,0,uniform,0.5,fixed,controlled,7,1,14,0.03336300620555477,0.02329359097140176,0.012828700701515403,0.006414350350757703,0.5,True,False,-0.002140383103064126,True,15953,221655
0,2,0.3,0.0,uniform,0,uniform,0.5,fixed,controlled,7,1,15,0.03574642976364384,0.025069065924201692,0.01091448312168714,0.005457241560843573,0.5,True,False,0.0017754749527999318,True,17654,236432
0,2,0.3,0.0,uniform,0,uniform,0.5,fixed,controlled,7,1,16,0.03337857263708344,0.023302087294203893,0.011769842046134422,0.005884921023067024,0.5,True,False,-0.0017669786299977994,True,18431,251209
0,2,0.3,0.0,uniform,0,uniform,0.5,fixed,controlled,7,1,17,0.03678258579014937,0.0254821101469653,0.013480639683523681,0.006740319841761785,0.5,True,False,0.002180022852761407,True,19999,265986
0,2,0.3,0.0,uniform,0,uniform,0.5,fixed,controlled,7,1,18,0.03336270456778134,0.023293440363236835,0.012717630593095731,0.006358815296547713,0.5,True,False,-0.002188669783728465,True,20832,280763
0,2,0.3,0.0,uniform,0,uniform,0.5,fixed,controlled,7,1,19,0.03675808833085625,0.025470285011189326,0.013036341041264747,0.006518170520632352,0.5,True,False,0.002176844647952491,True,22281,295540
0,2,0.3,0.0,uniform,0,median,0.5,fixed,controlled,7,1,0,0.014252845576811168,0.012020859867334366,0.5470368261165222,0.2735184130582612,0.5,True,False,,True,567,6398
0,2,0.3,0.0,uniform,0,median,0.5,fixed,controlled,7,1,1,0.020367150256334288,0.015261955559253693,0.2846640332582593,0.14233201662912964,0.5,True,False,0.0032410956919193268,True,1435,12796
0,2,0.3,0.0,uniform,0,median,0.5,fixed,controlled,7,1,2,0.029844470844754056,0.010922364890575409,0.12755905500413212,0.06377952750206607,0.5,True,False,-0.004339590668678284,True,2387,19194
0,2,0.3,0.0,uniform,0,median,0.5,fixed,controlled,7,1,3,0.02124377566660751,0.014984115958213806,0.07757009658349892,0.03878504829174948,0.5,True,False,0.004061751067638397,True,2744,25592
0,2,0.3,0.0,uniform,0,median,0.5,fixed,controlled,7,1,4,0.020417788476063237,0.015315204858779907,0.039956316264244056,0.019978158132122,0.5,True,False,0.0003310889005661011,True,4025,31990
0,2,0.3,0.0,uniform,0,median,0.5,fixed,controlled,7,1,5,0.02041865160572387,0.015316575765609741,0.019983023278644593,0.009991511639322406,0.5,True,False,1.3709068298339844e-06,True,5131,38388
0,2,0.3,0.0,uniform,0,median,0.5,fixed,controlled,7,1,6,0.020394986289264505,0.01533152163028717,0.010044560576914392,0.005022280288457306,0.5,True,False,1.49458646774292e-05,True,6160,44786
0,2,0.3,0.0,uniform,0,median,0.5,fixed,controlled,7,1,7,0.02041942109055972,0.015315480530261993,0.004965344511619809,0.0024826722558098837,0.5,True,False,-1.6041100025177002e-05,True,6916,51184
0,2,0.3,0.0,uniform,0,median,0.5,fixed,controlled,7,1,8,0.020163763476209517,0.015530474483966827,0.0032472175094441975,0.0016236087547220812,0.5,True,False,0.00021499395370483398,True,7770,57582
0,2,0.3,0.0,uniform,0,median,0.5,fixed,controlled,7,1,9,0.020381047922449325,0.01534000039100647,0.0009461005717872127,0.0004730502858935892,0.5,True,False,-0.00019047409296035767,True,8533,63980
0,2,0.3,0.0,uniform,0,trimmed,0.5,fixed,controlled,7,1,0,0.014252845576811168,0.015237043797969817,0.4859687270101902,0.24298436350509517,0.5,True,False,,True,567,14007
0,2,0.3,0.0,uniform,0,trimmed,0.5,fixed,controlled,7,1,1,0.018046029441020295,0.012960702925920487,0.21820758187376255,0.1091037909368813,0.5,True,False,-0.0022763408720493303,True,1554,28014
0,2,0.3,0.0,uniform,0,trimmed,0.5,fixed,controlled,7,1,2,0.01771528930449051,0.013107793778181076,0.1105970510750671,0.0552985255375335,0.5,True,False,0.00014709085226058925,True,2527,42021
0,2,0.3,0.0,uniform,0,trimmed,0.5,fixed,controlled,7,1,3,0.017880664123028467,0.013033882528543473,0.054546450144861244,0.02727322507243072,0.5,True,False,-7.391124963760341e-05,True,3584,56028
0,2,0.3,0.0,uniform,0,trimmed,0.5,fixed,controlled,7,1,4,0.0161952383920152,0.01380235180258751,0.0352682093185313,0.017634104659265622,0.5,True,False,0.0007684692740440365,True,5390,70035
0,2,0.3,0.0,uniform,0,trimmed,0.5,fixed,controlled,7,1,5,0.015957005609108066,0.013919966667890549,0.018892916538060033,0.009446458269030044,0.5,True,False,0.00011761486530303955,True,6867,84042
0,2,0.3,0.0,uniform,0,trimmed,0.5,fixed,controlled,7,1,6,0.015580812119603493,0.01410394385457039,0.011434915119630953,0.00571745755981549,0.5,True,False,0.0001839771866798401,True,7672,98049
0,2,0.3,0.0,uniform,0,trimmed,0.5,fixed,controlled,7,1,7,0.0159431222448978,0.013928257673978806,0.003818100469127668,0.0019090502345639033,0.5,True,False,-0.0001756861805915829,True,8722,112056
0,2,0.3,0.0,uniform,0,trimmed,0.5,fixed,controlled,7,1,8,0.016960674128103648,0.013451295346021653,0.004233639774405841,0.0021168198872028718,0.5,True,False,-0.00047696232795715367,True,10500,126063
0,2,0.3,0.0,uniform,0,trimmed,0.5,fixed,controlled,7,1,9,0.016027601900646005,0.0138857401907444,0.003022585367025459,0.0015112926835127711,0.5,True,False,0.00043444484472274746,True,11606,140070
0,2,0.3,0.0,uniform,0,trimmed,0.5,fixed,controlled,7,1,10,0.016910212295646154,0.013474472612142564,0.0031128896502286138,0.0015564448251143346,0.5,True,False,-0.00041126757860183646,True,13384,154077
0,2,0.3,0.0,uniform,0,trimmed,0.5,fixed,controlled,7,1,11,0.015888329937789436,0.013953053206205369,0.0036541813972005774,0.0018270906986002818,0.5,True,False,0.0004785805940628052,True,14539,168084
0,2,0.3,0.0,uniform,0,trimmed,0.5,fixed,controlled,7,1,12,0.016960522625696584,0.013446573913097382,0.003606171691999078,0.001803085845999476,0.5,True,False,-0.0005064792931079865,True,16310,182091
0,2,0.3,0.0,uniform,0,trimmed,0.5,fixed,controlled,7,1,13,0.01548603016136596,0.0141495943069458,0.005725701899587656,0.002862850949793807,0.5,True,False,0.0007030203938484178,True,16863,196098
0,2,0.3,0.0,uniform,0,trimmed,0.5,fixed,controlled,7,1,14,0.01697445303000933,0.013444963842630386,0.004665624853996305,0.0023328124269981665,0.5,True,False,-0.0007046304643154137,True,18641,210105
0,2,0.3,0.0,uniform,0,trimmed,0.5,fixed,controlled,7,1,15,0.016135737198887057,0.013835325092077255,0.0017946900464537495,0.0008973450232269233,0.5,True,False,0.0003903612494468682,True,20398,224112
0,2,0.3,0.0,uniform,0,trimmed,0.5,fixed,controlled,7,1,16,0.01691879908005589,0.013470451533794402,0.002960085157469034,0.00148004257873451,0.5,True,False,-0.00036487355828285217,True,22176,238119
0,2,0.3,0.0,uniform,0,trimmed,0.5,fixed,controlled,7,1,17,0.015491752852638818,0.014147495478391647,0.0057447925058916926,0.0028723962529458463,0.5,True,False,0.0006770439445972446,True,22729,252126
0,2,0.3,0.0,uniform,0,trimmed,0.5,fixed,controlled,7,1,18,0.017067453716244074,0.01339704468846321,0.0051157280071523915,0.0025578640035761055,0.5,True,False,-0.0007504507899284366,True,24493,266133
0,2,0.3,0.0,uniform,0,trimmed,0.5,fixed,controlled,7,1,19,0.015509642920221722,0.014138717204332352,0.005334035026134056,0.0026670175130669863,0.5,True,False,0.0007416725158691413,True,25375,280140
1,2,0.3,0.0,uniform,0,uniform,0.5,fixed,controlled,7,1,0,0.0033944261086128347,0.02454775066248008,0.9586919472617206,0.4793459736308602,0.5,True,False,,True,294,14182
1,2,0.3,0.0,uniform,0,uniform,0.5,fixed,controlled,7,1,1,0.00266903488044401,0.024348804727196693,0.4767988923544173,0.23839944617720868,0.5,True,False,-0.00019894593528338791,True,1225,28364
1,2,0.3,0.0,uniform,0,uniform,0.5,fixed,controlled,7,1,2,0.0024287461115177073,0.02442011795938015,0.2393109033588726,0.11965545167943634,0.5,True,False,7.131323218345642e-05,True,2023,42546
1,2,0.3,0.0,uniform,0,uniform,0.5,fixed,controlled,7,1,3,0.0024239219802542067,0.0245047640055418,0.12073957404281145,0.060369787021405746,0.5,True,False,8.464604616165161e-05,True,2478,56728
1,2,0.3,0.0,uniform,0,uniform,0.5,fixed,controlled,7,1,4,0.0024366830801644396,0.024418833798595836,0.059269236385515886,0.029634618192758,0.5,True,False,-8.593020694596526e-05,True,3227,70910
1,2,0.3,0.0,uniform,0,uniform,0.5,fixed,controlled,7,1,5,0.002388009442519455,0.024433410859533718,0.02982113571644912,0.014910567858224564,0.5,True,False,1.457706093788147e-05,True,3717,85092
1,2,0.3,0.0,uniform,0,uniform,0.5,fixed,controlled,7,1,6,0.00272270603373502,0.02463879995048046,0.01754632795624641,0.008773163978123211,0.5,True,False,0.00020538909094674346,True,4620,99274
1,2,0.3,0.0,uniform,0,uniform,0.5,fixed,controlled,7,1,7,0.00261244636975784,0.024368737691215107,0.005310446576900791,0.0026552232884503426,0.5,True,False,-0.0002700622592653537,True,5341,113456
1,2,0.3,0.0,uniform,0,uniform,0.5,fixed,controlled,7,1,8,0.0023939983860732234,0.024428255057760646,0.003416202374020223,0.0017081011870101227,0.5,True,False,5.951736654553896e-05,True,5999,127638
1,2,0.3,0.0,uniform,0,uniform,0.5,fixed,controlled,7,1,9,0.002512922991097989,0.024399077519774437,0.0013348908151018662,0.0006674454075509574,0.5,True,False,-2.9177537986209423e-05,True,6979,141820
1,2,0.3,0.0,uniform,0,uniform,0.5,fixed,controlled,7,1,10,0.0024670421430953715,0.02441155830664294,0.000827051732830264,0.0004135258664151884,0.5,True,False,1.2480786868503124e-05,True,7826,156002
1,2,0.3,0.0,uniform,0,median,0.5,fixed,controlled,7,1,0,0.0033944261086128347,0.011732280254364014,0.4870511625943167,0.24352558129715834,0.5,True,False,,True,294,6594
1,2,0.3,0.0,uniform,0,median,0.5,fixed,controlled,7,1,1,0.003262327947991084,0.011381953954696655,0.24275707993027376,0.12137853996513687,0.5,True,False,-0.0003503262996673584,True,1253,13188
1,2,0.3,0.0,uniform,0,median,0.5,fixed,controlled,7,1,2,0.012467697870508283,0.015766017138957977,0.13128841425317472,0.06564420712658736,0.5,True,False,0.004384063184261322,True,1806,19782
1,2,0.3,0.0,uniform,0,median,0.5,fixed,controlled,7,1,3,0.012437202337728867,0.015639789402484894,0.0653497210922104,0.032674860546105224,0.5,True,False,-0.0001262277364730835,True,2618,26376
1,2,0.3,0.0,uniform,0,median,0.5,fixed,controlled,7,1,4,0.012491274643893682,0.015852317214012146,0.03317100544901789,0.016585502724508944,0.5,True,False,0.0002125278115272522,True,3633,32970
1,2,0.3,0.0,uniform,0,median,0.5,fixed,controlled,7,1,5,0.012494018967285631,0.015862271189689636,0.016608779253535846,0.008304389626767978,0.5,True,False,9.953975677490234e-06,True,4697,39564
1,2,0.3,0.0,uniform,0,median,0.5,fixed,controlled,7,1,6,0.012469365643516556,0.01575388014316559,0.00805111456275638,0.004025557281378235,0.5,True,False,-0.00010839104652404785,True,6090,46158
1,2,0.3,0.0,uniform,0,median,0.5,fixed,controlled,7,1,7,0.012477910945775699,0.015793733298778534,0.004118633143925918,0.0020593165719629313,0.5,True,False,3.985315561294556e-05,True,8001,52752
1,2,0.3,0.0,uniform,0,median,0.5,fixed,controlled,7,1,8,0.012479908182105762,0.01579698920249939,0.0020669231121780408,0.0010334615560890345,0.5,True,False,3.255903720855713e-06,True,9842,59346
1,2,0.3,0.0,uniform,0,median,0.5,fixed,controlled,7,1,9,0.012478083931716922,0.015797846019268036,0.00103546333932286,0.0005177316696613884,0.5,True,False,8.568167686462402e-07,True,11550,65940
1,2,0.3,0.0,uniform,0,median,0.5,fixed,controlled,7,1,10,0.01247984767999786,0.01579923927783966,0.0005209867985381525,0.00026049339926906235,0.5,True,False,1.3932585716247559e-06,True,13006,72534
1,2,0.3,0.0,uniform,0,trimmed,0.5,fixed,controlled,7,1,0,0.0033944261086128347,0.01832767724990845,0.7775664804928049,0.38878324024640254,0.5,True,False,,True,294,11984
1,2,0.3,0.0,uniform,0,trimmed,0.5,fixed,controlled,7,1,1,0.0027795742805682977,0.018469227850437163,0.3902160844254615,0.19510804221273073,0.5,True,False,0.00014155060052871427,True,637,23968
1,2,0.3,0.0,uniform,0,trimmed,0.5,fixed,controlled,7,1,2,0.003027915789665353,0.018396157026290893,0.19436772494669924,0.09718386247334958,0.5,True,False,-7.307082414627006e-05,True,1372,35952
1,2,0.3,0.0,uniform,0,trimmed,0.5,fixed,controlled,7,1,3,0.003091224896857124,0.01837859898805618,0.09700618278851036,0.04850309139425518,0.5,True,False,-1.7558038234711387e-05,True,2303,47936
1,2,0.3,0.0,uniform,0,trimmed,0.5,fixed,controlled,7,1,4,0.0031448857617906237,0.018367260694503784,0.048388395916203135,0.024194197958101522,0.5,True,False,-1.1338293552397294e-05,True,3024,59920
1,2,0.3,0.0,uniform,0,trimmed,0.5,fixed,controlled,7,1,5,0.0043087660069872045,0.01905527412891388,0.031215758563612025,0.015607879281806031,0.5,True,False,0.0006880134344100959,True,3857,71904
1,2,0.3,0.0,uniform,0,trimmed,0.5,fixed,controlled,7,1,6,0.004329514208651219,0.019105440378189086,0.016045182699273127,0.008022591349636551,0.5,True,False,5.016624927520544e-05,True,4361,83888
1,2,0.3,0.0,uniform,0,trimmed,0.5,fixed,controlled,7,1,7,0.0041581484579982534,0.018817038834095003,0.005139663105409071,0.002569831552704429,0.5,True,False,-0.0002884015440940829,True,5075,95872
1,2,0.3,0.0,uniform,0,trimmed,0.5,fixed,controlled,7,1,8,0.004202082475211533,0.01886542737483978,0.003065334234989371,0.0015326671174947684,0.5,True,False,4.838854074477872e-05,True,5810,107856
1,2,0.3,0.0,uniform,0,trimmed,0.5,fixed,controlled,7,1,9,0.004215321342744075,0.018872413039207458,0.0016042527403798503,0.0008021263701899115,0.5,True,False,6.985664367676475e-06,True,6538,119840
1,2,0.3,0.0,uniform,0,trimmed,0.5,fixed,controlled,7,1,10,0.004224167944518459,0.018891288340091704,0.0009956165682791871,0.0004978082841396642,0.5,True,False,1.8875300884246132e-05,True,7273,131824
2,2,0.3,0.0,uniform,0,uniform,0.5,fixed,controlled,7,1,0,0.012924288825538532,0.01591310916202409,1.0086221413181538,0.5043110706590769,0.5,True,False,,True,497,18998
2,2,0.3,0.0,uniform,0,uniform,0.5,fixed,controlled,7,1,1,0.001694284976614835,0.021150405385664532,0.5892935894952469,0.2946467947476235,0.5,True,False,0.005237296223640442,True,1176,37996
2,2,0.3,0.0,uniform,0,uniform,0.5,fixed,controlled,7,1,2,0.009377797442654767,0.016470379595245634,0.2233434253962275,0.11167171269811375,0.5,True,False,-0.004680025790418898,True,1526,56994
2,2,0.3,0.0,uniform,0,uniform,0.5,fixed,controlled,7,1,3,0.0178892159771441,0.01496652141213417,0.07944365073294984,0.03972182536647495,0.5,True,False,-0.0015038581831114638,True,2107,75992
2,2,0.3,0.0,uniform,0,uniform,0.5,fixed,controlled,7,1,4,0.015561681777998437,0.01482201846582549,0.03660404912994864,0.018302024564974317,0.5,True,False,-0.0001445029463086802,True,2772,94990
2,2,0.3,0.0,uniform,0,uniform,0.5,fixed,controlled,7,1,5,0.014927792668979478,0.01474447814481599,0.016637126028710522,0.008318563014355237,0.5,True,False,-7.754032100950117e-05,True,3808,113988
2,2,0.3,0.0,uniform,0,uniform,0.5,fixed,controlled,7,1,6,0.013612463608687397,0.015736992337874005,0.030063850461569303,0.015031925230784579,0.5,True,False,0.0009925141930580157,True,4466,132986
2,2,0.3,0.0,uniform,0,uniform,0.5,fixed,controlled,7,1,7,0.013388067438558693,0.015818646443741664,0.016863821482231284,0.008431910741115697,0.5,True,False,8.165410586765884e-05,True,5817,151984
2,2,0.3,0.0,uniform,0,uniform,0.5,fixed,controlled,7,1,8,0.013266163309277879,0.015863832086324692,0.009448517316988082,0.004724258658494074,0.5,True,False,4.5185642583028124e-05,True,6531,170982
2,2,0.3,0.0,uniform,0,uniform,0.5,fixed,controlled,7,1,9,0.013246696784281475,0.015871903193848475,0.004906062217949595,0.0024530311089748036,0.5,True,False,8.0711075237834e-06,True,7308,189980
2,2,0.3,0.0,uniform,0,uniform,0.5,fixed,controlled,7,1,10,0.013197532115029942,0.01589035615324974,0.00286893486684437,0.0014344674334221368,0.5,True,False,1.845295940126543e-05,True,7980,208978
2,2,0.3,0.0,uniform,0,uniform,0.5,fixed,controlled,7,1,11,0.013304413254497938,0.015850366758448736,0.0005335964707037172,0.0002667982353518764,0.5,True,False,-3.998939480100508e-05,True,8589,227976
2,2,0.3,0.0,uniform,0,median,0.5,fixed,controlled,7,1,0,0.012924288825538532,0.014034338295459747,0.6815929873616017,0.34079649368080084,0.5,True,False,,True,497,6482
2,2,0.3,0.0,uniform,0,median,0.5,fixed,controlled,7,1,1,0.022204966167671314,0.014059782028198242,0.34089075600589736,0.17044537800294868,0.5,True,False,2.5443732738494873e-05,True,1498,12964
2,2,0.3,0.0,uniform,0,median,0.5,fixed,controlled,7,1,2,0.028420057490083583,0.022388309240341187,0.20335811943407278,0.1016790597170364,0.5,True,False,0.008328527212142944,True,1848,19446
2,2,0.3,0.0,uniform,0,median,0.5,fixed,controlled,7,1,3,0.029085377385811073,0.020942000672221184,0.09565308968898698,0.047826544844493515,0.5,True,False,-0.0014463085681200027,True,2212,25928
2,2,0.3,0.0,uniform,0,median,0.5,fixed,controlled,7,1,4,0.02905987280848965,0.020842624828219414,0.04741754729478226,0.023708773647391077,0.5,True,False,-9.937584400177002e-05,True,2856,32410
2,2,0.3,0.0,uniform,0,median,0.5,fixed,controlled,7,1,5,0.029680483924801937,0.020159194245934486,0.02091327357402101,0.010456636787010368,0.5,True,False,-0.0006834305822849274,True,3115,38892
2,2,0.3,0.0,uniform,0,median,0.5,fixed,controlled,7,1,6,0.029035765624475962,0.020809484645724297,0.013115885509503638,0.006557942754751664,0.5,True,False,0.0006502903997898102,True,3619,45374
2,2,0.3,0.0,uniform,0,median,0.5,fixed,controlled,7,1,7,0.029030145773673466,0.020801695063710213,0.006525927281701869,0.003262963640850964,0.5,True,False,-7.789582014083862e-06,True,4214,51856
2,2,0.3,0.0,uniform,0,median,0.5,fixed,controlled,7,1,8,0.029042799376069572,0.020782502368092537,0.00318409772142262,0.0015920488607113117,0.5,True,False,-1.919269561767578e-05,True,4802,58338
2,2,0.3,0.0,uniform,0,median,0.5,fixed,controlled,7,1,9,0.029067894705903985,0.02075454778969288,0.0014772216129597033,0.0007386108064798549,0.5,True,False,-2.7954578399658203e-05,True,5383,64820
2,2,0.3,0.0,uniform,0,median,0.5,fixed,controlled,7,1,10,0.029035656372601082,0.020785851404070854,0.0008671980711602465,0.0004335990355801146,0.5,True,False,3.1303614377975464e-05,True,5985,71302
2,2,0.3,0.0,uniform,0,trimmed,0.5,fixed,controlled,7,1,0,0.012924288825538532,0.014928340166807174,1.088485484713129,0.5442427423565644,0.5,True,False,,True,497,13405
2,2,0.3,0.0,uniform,0,trimmed,0.5,fixed,controlled,7,1,1,0.026072160130358617,0.0160520039498806,0.5477801813299861,0.27389009066499315,0.5,True,False,0.001123663783073426,True,1792,26810
2,2,0.3,0.0,uniform,0,trimmed,0.5,fixed,controlled,7,1,2,0.022922862861045945,0.015430348366498947,0.2721561191779596,0.13607805958897984,0.5,True,False,-0.0006216555833816525,True,2653,40215
2,2,0.3,0.0,uniform,0,trimmed,0.5,fixed,controlled,7,1,3,0.02513098428016949,0.01590142920613289,0.13739083809693842,0.06869541904846935,0.5,True,False,0.0004710808396339427,True,3682,53620
2,2,0.3,0.0,uniform,0,trimmed,0.5,fixed,controlled,7,1,4,0.02496634926264774,0.015878071635961534,0.06863015122260815,0.034315075611303994,0.5,True,False,-2.33575701713562e-05,True,4270,67025
2,2,0.3,0.0,uniform,0,trimmed,0.5,fixed,controlled,7,1,5,0.02496576758224141,0.01587775573134422,0.034314193008676885,0.017157096504338443,0.5,True,False,-3.1590461731234587e-07,True,5089,80430
2,2,0.3,0.0,uniform,0,trimmed,0.5,fixed,controlled,7,1,6,0.0249117247267392,0.015870799869298936,0.01713766344908606,0.008568831724543164,0.5,True,False,-6.95586204528531e-06,True,5775,93835
2,2,0.3,0.0,uniform,0,trimmed,0.5,fixed,controlled,7,1,7,0.024879896341451144,0.015866263955831527,0.008556160322354713,0.004278080161177547,0.5,True,False,-4.535913467409308e-06,True,6790,107240
2,2,0.3,0.0,uniform,0,trimmed,0.5,fixed,controlled,7,1,8,0.024865548401679455,0.01586453691124916,0.00427325572018131,0.0021366278600906826,0.5,True,False,-1.7270445823655556e-06,True,7427,120645
2,2,0.3,0.0,uniform,0,trimmed,0.5,fixed,controlled,7,1,9,0.024856432795112092,0.015863103419542314,0.0021326235257924284,0.0010663117628962144,0.5,True,False,-1.4334917068474506e-06,True,8239,134050
2,2,0.3,0.0,uniform,0,trimmed,0.5,fixed,controlled,7,1,10,0.024853666252474295,0.01586286351084709,0.001065641605628337,0.0005328208028141969,0.5,True,False,-2.3990869522233504e-07,True,9051,147455
2,2,0.3,0.0,uniform,0,trimmed,0.5,fixed,controlled,7,1,11,0.024848866086013298,0.01586171016097069,0.0005295990801361368,0.00026479954006812566,0.5,True,False,-1.1533498764024208e-06,True,9681,160860
3,2,0.3,0.0,uniform,0,uniform,0.5,fixed,controlled,7,1,0,0.007417512027341311,0.023240022361278534,0.6170006505738365,0.30850032528691823,0.5,True,False,,True,413,8939
3,2,0.3,0.0,uniform,0,uniform,0.5,fixed,controlled,7,1,1,0.007285927252785873,0.024005634976284846,0.311522209258039,0.15576110462901954,0.5,True,False,0.0007656126150063121,True,1400,17878
3,2,0.3,0.0,uniform,0,uniform,0.5,fixed,controlled,7,1,2,0.005440941738861005,0.023683694324323108,0.15448680114074329,0.0772434005703716,0.5,True,False,-0.0003219406519617378,True,1876,26817
3,2,0.3,0.0,uniform,0,uniform,0.5,fixed,controlled,7,1,3,0.008026591414992623,0.023751255124807358,0.07751038484938799,0.038755192424693996,0.5,True,False,6.756080048424956e-05,True,3045,35756
3,2,0.3,0.0,uniform,0,uniform,0.5,fixed,controlled,7,1,4,0.007954049462838064,0.023771524961505617,0.038835338956281454,0.019417669478140713,0.5,True,False,2.026983669825913e-05,True,3584,44695
3,2,0.3,0.0,uniform,0,uniform,0.5,fixed,controlled,7,1,5,0.007898740970849749,0.023787048778363636,0.019479064376664548,0.009739532188332296,0.5,True,False,1.5523816858018652e-05,True,4809,53634
3,2,0.3,0.0,uniform,0,uniform,0.5,fixed,controlled,7,1,6,0.007870018442647009,0.02379444401179041,0.009768783762728269,0.0048843918813641155,0.5,True,False,7.3952334267747555e-06,True,5656,62573
3,2,0.3,0.0,uniform,0,uniform,0.5,fixed,controlled,7,1,7,0.007890336533719733,0.02378975972533226,0.004865863037321751,0.0024329315186608774,0.5,True,False,-4.684286458150194e-06,True,6643,71512
3,2,0.3,0.0,uniform,0,uniform,0.5,fixed,controlled,7,1,8,0.007859948686887996,0.02379721775650978,0.0024624325209012254,0.0012312162604505988,0.5,True,False,7.458031177520752e-06,True,7497,80451
3,2,0.3,0.0,uniform,0,uniform,0.5,fixed,controlled,7,1,9,0.007887243217407303,0.023790708077805384,0.0012054664070464509,0.0006027332035232202,0.5,True,False,-6.509678704396532e-06,True,8365,89390
3,2,0.3,0.0,uniform,0,uniform,0.5,fixed,controlled,7,1,10,0.007859314445034293,0.02379749289580754,0.0006295714522228137,0.0003147857261113565,0.5,True,False,6.784818002154858e-06,True,9086,98329
3,2,0.3,0.0,uniform,0,median,0.5,fixed,controlled,7,1,0,0.007417512027341311,0.014255955815315247,0.399091836197118,0.19954591809855907,0.5,True,False,,True,413,3423
3,2,0.3,0.0,uniform,0,median,0.5,fixed,controlled,7,1,1,0.0049016763097284866,0.01817769557237625,0.20338694663285017,0.10169347331642509,0.5,True,False,0.003921739757061005,True,1001,6846
3,2,0.3,0.0,uniform,0,median,0.5,fixed,controlled,7,1,2,0.0009582999552275595,0.009136918932199478,0.08775154480291866,0.043875772401459325,0.5,True,False,-0.009040776640176773,True,2772,10269
3,2,0.3,0.0,uniform,0,median,0.5,fixed,controlled,7,1,3,0.007587360470887816,0.01932273432612419,0.05896551222462553,0.029482756112312766,0.5,True,False,0.010185815393924713,True,3507,13692
3,2,0.3,0.0,uniform,0,median,0.5,fixed,controlled,7,1,4,0.006507794237526454,0.016022425144910812,0.026216049712189726,0.013108024856094849,0.5,True,False,-0.003300309181213379,True,4347,17115
3,2,0.3,0.0,uniform,0,median,0.5,fixed,controlled,7,1,5,0.006541731095410341,0.01612043008208275,0.013199356587055988,0.006599678293527973,0.5,True,False,9.800493717193604e-05,True,5327,20538
3,2,0.3,0.0,uniform,0,median,0.5,fixed,controlled,7,1,6,0.0073580148471243945,0.018609870225191116,0.009063557127794589,0.004531778563897281,0.5,True,False,0.002489440143108368,True,6055,23961
3,2,0.3,0.0,uniform,0,median,0.5,fixed,controlled,7,1,7,0.006443699636776046,0.015673931688070297,0.002401384225494967,0.0012006921127475324,0.5,True,False,-0.002935938537120819,True,7056,27384
3,2,0.3,0.0,uniform,0,median,0.5,fixed,controlled,7,1,8,0.006437381103264528,0.01563958451151848,0.0012006921127474487,0.0006003460563738555,0.5,True,False,-3.434717655181885e-05,True,7833,30807
3,2,0.3,0.0,uniform,0,median,0.5,fixed,controlled,7,1,9,0.008062090687062096,0.02072243019938469,0.005460346538568755,0.0027301732692842466,0.5,True,False,0.005082845687866211,True,8701,34230
3,2,0.3,0.0,uniform,0,median,0.5,fixed,controlled,7,1,10,0.008289330535937722,0.02120993658900261,0.003229025545481665,0.0016145127727408741,0.5,True,False,0.0004875063896179199,True,9002,37653
3,2,0.3,0.0,uniform,0,median,0.5,fixed,controlled,7,1,11,0.008140138701946853,0.020940449088811874,0.001338472634177472,0.0006692363170887499,0.5,True,False,-0.00026948750019073486,True,9863,41076
3,2,0.3,0.0,uniform,0,median,0.5,fixed,controlled,7,1,12,0.008189745711376872,0.021058600395917892,0.0007901749125442691,0.00039508745627196825,0.5,True,False,0.00011815130710601807,True,10493,44499
3,2,0.3,0.0,uniform,0,trimmed,0.5,fixed,controlled,7,1,0,0.007417512027341311,0.014597541838884353,0.7063309642998291,0.35316548214991456,0.5,True,False,,True,413,6251
3,2,0.3,0.0,uniform,0,trimmed,0.5,fixed,controlled,7,1,1,0.007022576671521286,0.01872222051024437,0.37739688779095093,0.18869844389547544,0.5,True,False,0.004124678671360016,True,1071,12502
3,2,0.3,0.0,uniform,0,trimmed,0.5,fixed,controlled,7,1,2,0.004753774067457764,0.017962995171546935,0.18411412913679268,0.09205706456839632,0.5,True,False,-0.0007592253386974335,True,1932,18753
3,2,0.3,0.0,uniform,0,trimmed,0.5,fixed,controlled,7,1,3,0.0073159136451885765,0.020376545190811158,0.10683375524611816,0.05341687762305909,0.5,True,False,0.0024135500192642226,True,3647,25004
3,2,0.3,0.0,uniform,0,trimmed,0.5,fixed,controlled,7,1,4,0.007618380250278278,0.019904278963804246,0.05047833184095276,0.02523916592047637,0.5,True,False,-0.00047226622700691223,True,4907,31255
3,2,0.3,0.0,uniform,0,trimmed,0.5,fixed,controlled,7,1,5,0.00792282845477077,0.016244467347860336,0.0032338229329642604,0.001616911466482171,0.5,True,False,-0.0036598116159439094,True,5516,37506
3,2,0.3,0.0,uniform,0,trimmed,0.5,fixed,controlled,7,1,6,0.0076158697287045385,0.0166466660797596,0.00397080059710677,0.0019854002985533834,0.5,True,False,0.00040219873189926286,True,6328,43757
3,2,0.3,0.0,uniform,0,trimmed,0.5,fixed,controlled,7,1,7,0.00764186666981459,0.019949331134557723,0.021916172474276754,0.010958086237138363,0.5,True,False,0.003302665054798124,True,8064,50008
3,2,0.3,0.0,uniform,0,trimmed,0.5,fixed,controlled,7,1,8,0.009177772578881083,0.014930994808673858,0.018907401608786206,0.009453700804393075,0.5,True,False,-0.005018336325883865,True,8708,56259
3,2,0.3,0.0,uniform,0,trimmed,0.5,fixed,controlled,7,1,9,0.008342135919571447,0.01584266349673271,0.004209094912737299,0.0021045474563688004,0.5,True,False,0.0009116686880588521,True,9485,62510
3,2,0.3,0.0,uniform,0,trimmed,0.5,fixed,controlled,7,1,10,0.007626919958855449,0.019920624047517776,0.022338329393927017,0.011169164696963538,0.5,True,False,0.004077960550785065,True,10934,68761
3,2,0.3,0.0,uniform,0,trimmed,0.5,fixed,controlled,7,1,11,0.00918256918966076,0.014937078207731247,0.018483577291971143,0.009241788645985538,0.5,True,False,-0.004983545839786529,True,11564,75012
3,2,0.3,0.0,uniform,0,trimmed,0.5,fixed,controlled,7,1,12,0.00833844460901556,0.015843408554792403,0.004027605605498771,0.002013802802749263,0.5,True,False,0.0009063303470611562,True,12313,81263
3,2,0.3,0.0,uniform,0,trimmed,0.5,fixed,controlled,7,1,13,0.007641576570552422,0.019947754591703414,0.022592983293040218,0.011296491646520015,0.5,True,False,0.004104346036911011,True,13685,87514
3,2,0.3,0.0,uniform,0,trimmed,0.5,fixed,controlled,7,1,14,0.009194059796065579,0.014927554875612259,0.018578861321839328,0.009289430660919605,0.5,True,False,-0.005020199716091155,True,14504,93765
3,2,0.3,0.0,uniform,0,trimmed,0.5,fixed,controlled,7,1,15,0.008336408509861393,0.015845303237438203,0.00400988312850537,0.002004941564252658,0.5,True,False,0.0009177483618259437,True,15253,100016
3,2,0.3,0.0,uniform,0,trimmed,0.5,fixed,controlled,7,1,16,0.0076417198714948675,0.019948610663414003,0.02259617332545072,0.011298086662725342,0.5,True,False,0.0041033074259758,True,16877,106267
3,2,0.3,0.0,uniform,0,trimmed,0.5,fixed,controlled,7,1,17,0.009195014960045711,0.014922663569450378,0.018610504750510903,0.009305252375255507,0.5,True,False,-0.0050259470939636244,True,17514,112518
3,2,0.3,0.0,uniform,0,trimmed,0.5,fixed,controlled,7,1,18,0.008334050695979478,0.015845047682523726,0.00399925694353271,0.001999628471766395,0.5,True,False,0.0009223841130733476,True,18263,118769
3,2,0.3,0.0,uniform,0,trimmed,0.5,fixed,controlled,7,1,19,0.007631201830789136,0.019927873462438583,0.022474374522042567,0.011237187261021268,0.5,True,False,0.004082825779914857,True,20006,125020
4,2,0.3,0.0,uniform,0,uniform,0.5,fixed,controlled,7,1,0,0.011765761757163692,0.028961454651185443,1.2520520896002225,0.6260260448001113,0.5,True,False,,True,721,17661
4,2,0.3,0.0,uniform,0,uniform,0.5,fixed,controlled,7,1,1,0.02529721489358095,0.030836843619389192,0.6471276685133149,0.32356383425665747,0.5,True,False,0.0018753889682037485,True,1575,35322
4,2,0.3,0.0,uniform,0,uniform,0.5,fixed,controlled,7,1,2,0.025475850514305176,0.03097505614693676,0.324683823508924,0.162341911754462,0.5,True,False,0.0001382125275475668,True,2415,52983
4,2,0.3,0.0,uniform,0,uniform,0.5,fixed,controlled,7,1,3,0.02651015268041612,0.031745893747678826,0.16563106260006574,0.08281553130003287,0.5,True,False,0.0007708376007420671,True,3066,70644
4,2,0.3,0.0,uniform,0,uniform,0.5,fixed,controlled,7,1,4,0.025589691879633114,0.03333165775984526,0.08696231470954971,0.043481157354774876,0.5,True,False,0.001585764012166431,True,3395,88305
4,2,0.3,0.0,uniform,0,uniform,0.5,fixed,controlled,7,1,5,0.02724691596042761,0.03288595125611339,0.042309101197675926,0.02115455059883799,0.5,True,False,-0.0004457065037318658,True,4018,105966
4,2,0.3,0.0,uniform,0,uniform,0.5,fixed,controlled,7,1,6,0.027088165554482457,0.033157563768327236,0.021868186948108024,0.010934093474053984,0.5,True,False,0.0002716125122138452,True,4886,123627
4,2,0.3,0.0,uniform,0,uniform,0.5,fixed,controlled,7,1,7,0.026936503306138615,0.03321062946426017,0.011073741445695923,0.005536870722847989,0.5,True,False,5.3065695932934254e-05,True,5887,141288
4,2,0.3,0.0,uniform,0,uniform,0.5,fixed,controlled,7,1,8,0.02665408073316522,0.03327056619205645,0.005694688306573048,0.0028473441532864954,0.5,True,False,5.993672779627812e-05,True,6664,158949
4,2,0.3,0.0,uniform,0,uniform,0.5,fixed,controlled,7,1,9,0.026507882632927693,0.03328946725066219,0.0028971312807499145,0.001448565640374933,0.5,True,False,1.890105860574004e-05,True,7658,176610
4,2,0.3,0.0,uniform,0,uniform,0.5,fixed,controlled,7,1,10,0.026449408695029764,0.03330060161117997,0.0014778989088278867,0.0007389494544139462,0.5,True,False,1.1134360517778275e-05,True,8589,194271
4,2,0.3,0.0,uniform,0,uniform,0.5,fixed,controlled,7,1,11,0.026385948859692476,0.03331382798829249,0.0007737982829187041,0.00038689914145917294,0.5,True,False,1.3226377112519894e-05,True,9345,211932
4,2,0.3,0.0,uniform,0,median,0.5,fixed,controlled,7,1,0,0.011765761757163692,0.03159496188163757,0.5589219780269528,0.2794609890134764,0.5,True,False,,True,721,6650
4,2,0.3,0.0,uniform,0,median,0.5,fixed,controlled,7,1,1,0.011861316627833463,0.03160259127616882,0.27948640946635006,0.139743204733175,0.5,True,False,7.62939453125e-06,True,1071,13300
4,2,0.3,0.0,uniform,0,median,0.5,fixed,controlled,7,1,2,0.011956540721861808,0.031677767634391785,0.1399938092633297,0.06999690463166486,0.5,True,False,7.517635822296143e-05,True,1582,19950
4,2,0.3,0.0,uniform,0,median,0.5,fixed,controlled,7,1,3,0.011394654423970335,0.031446635723114014,0.06922712933696112,0.03461356466848054,0.5,True,False,-0.000231131911277771,True,2471,26600
4,2,0.3,0.0,uniform,0,median,0.5,fixed,controlled,7,1,4,0.01182389818442059,0.031627804040908813,0.03521675853538506,0.01760837926769263,0.5,True,False,0.0001811683177947998,True,3346,33250
4,2,0.3,0.0,uniform,0,median,0.5,fixed,controlled,7,1,5,0.011707753688908584,0.03158146142959595,0.017453959092043822,0.008726979546021786,0.5,True,False,-4.634261131286621e-05,True,4375,39900
4,2,0.3,0.0,uniform,0,median,0.5,fixed,controlled,7,1,6,0.011557535026614829,0.031529396772384644,0.008553594428524172,0.0042767972142621,0.5,True,False,-5.206465721130371e-05,True,5530,46550
4,2,0.3,0.0,uniform,0,median,0.5,fixed,controlled,7,1,7,0.011744230392561297,0.03159509599208832,0.004495605776112705,0.002247802888056382,0.5,True,False,6.569921970367432e-05,True,6454,53200
4,2,0.3,0.0,uniform,0,median,0.5,fixed,controlled,7,1,8,0.011413448664924011,0.03148166090250015,0.001870119395564026,0.0009350596977820355,0.5,True,False,-0.00011343508958816528,True,7490,59850
4,2,0.3,0.0,uniform,0,median,0.5,fixed,controlled,7,1,9,0.01300174008019983,0.03261403739452362,0.004728361177475219,0.0023641805887374967,0.5,True,False,0.001132376492023468,True,8001,66500
4,2,0.3,0.0,uniform,0,median,0.5,fixed,controlled,7,1,10,0.013009492091916819,0.03262092173099518,0.002387399723563728,0.0011936998617818155,0.5,True,False,6.884336471557617e-06,True,8533,73150
4,2,0.3,0.0,uniform,0,median,0.5,fixed,controlled,7,1,11,0.013017282015517884,0.032627880573272705,0.0012171722347192326,0.0006085861173596718,0.5,True,False,6.9588422775268555e-06,True,8946,79800
4,2,0.3,0.0,uniform,0,median,0.5,fixed,controlled,7,1,12,0.01324976019580959,0.03283737599849701,0.0013161387135753669,0.0006580693567876973,0.5,True,False,0.0002094954252243042,True,9289,86450
4,2,0.3,0.0,uniform,0,median,0.5,fixed,controlled,7,1,13,0.013841145222251328,0.03336295485496521,0.0024410272626384268,0.0012205136313192186,0.5,True,False,0.0005255788564682007,True,10262,93100
4,2,0.3,0.0,uniform,0,median,0.5,fixed,controlled,7,1,14,0.014778242717886636,0.034203141927719116,0.004094310257369484,0.0020471551286846794,0.5,True,False,0.0008401870727539062,True,10969,99750
4,2,0.3,0.0,uniform,0,median,0.5,fixed,controlled,7,1,15,0.014860216695683548,0.03427678346633911,0.0023004348718724324,0.0011502174359361954,0.5,True,False,7.364153861999512e-05,True,12873,106400
4,2,0.3,0.0,uniform,0,median,0.5,fixed,controlled,7,1,16,0.01483783021717483,0.03425668179988861,0.001081058152604359,0.0005405290763021708,0.5,True,False,-2.0101666450500488e-05,True,13734,113050
4,2,0.3,0.0,uniform,0,median,0.5,fixed,controlled,7,1,17,0.01440470951981443,0.0338677316904068,0.0007943363164960096,0.0003971681582480048,0.5,True,False,-0.0003889501094818115,True,14602,119700
4,2,0.3,0.0,uniform,0,trimmed,0.5,fixed,controlled,7,1,0,0.011765761757163692,0.028674741834402086,1.02691864507125,0.513459322535625,0.5,True,False,,True,721,9597
4,2,0.3,0.0,uniform,0,trimmed,0.5,fixed,controlled,7,1,1,0.025314729236662004,0.02847518101334572,0.5111314289502046,0.25556571447510235,0.5,True,False,-0.00019956082105636666,True,1491,19194
4,2,0.3,0.0,uniform,0,trimmed,0.5,fixed,controlled,7,1,2,0.025306806585897984,0.028470657020807266,0.2555130640604125,0.1277565320302063,0.5,True,False,-4.523992538453536e-06,True,2450,28791
4,2,0.3,0.0,uniform,0,trimmed,0.5,fixed,controlled,7,1,3,0.025354956625026084,0.028502193093299866,0.12812366281289317,0.06406183140644646,0.5,True,False,3.1536072492600875e-05,True,3143,38388
4,2,0.3,0.0,uniform,0,trimmed,0.5,fixed,controlled,7,1,4,0.025383614267340593,0.028520695865154266,0.06427735603341578,0.032138678016707875,0.5,True,False,1.850277185439994e-05,True,3766,47985
4,2,0.3,0.0,uniform,0,trimmed,0.5,fixed,controlled,7,1,5,0.025390023134205922,0.02852553054690361,0.032195008461482585,0.016097504230741334,0.5,True,False,4.834681749343178e-06,True,4522,57582
4,2,0.3,0.0,uniform,0,trimmed,0.5,fixed,controlled,7,1,6,0.025374683003054052,0.028516054898500443,0.01598710620157637,0.007993553100788094,0.5,True,False,-9.475648403166337e-06,True,5208,67179
4,2,0.3,0.0,uniform,0,trimmed,0.5,fixed,controlled,7,1,7,0.02541568607313907,0.02854175716638565,0.0082930580009112,0.004146529000455686,0.5,True,False,2.5702267885206048e-05,True,5894,76776
4,2,0.3,0.0,uniform,0,trimmed,0.5,fixed,controlled,7,1,8,0.025408065429882276,0.02853708416223526,0.00409206212565198,0.002046031062825992,0.5,True,False,-4.673004150388543e-06,True,6657,86373
4,2,0.3,0.0,uniform,0,trimmed,0.5,fixed,controlled,7,1,9,0.02538159807899336,0.02852061241865158,0.0018540884139802523,0.0009270442069899895,0.5,True,False,-1.647174358368128e-05,True,7413,95970
4,2,0.3,0.0,uniform,0,trimmed,0.5,fixed,controlled,7,1,10,0.025389751341792832,0.028525731712579726,0.0009866908403585182,0.0004933454201792899,0.5,True,False,5.119293928147056e-06,True,8169,105567
5,2,0.3,0.0,uniform,0,uniform,0.5,fixed,controlled,7,1,0,0.005920198491201845,0.021500283320035254,0.9608721634919807,0.48043608174599034,0.5,True,False,,True,777,12838
5,2,0.3,0.0,uniform,0,uniform,0.5,fixed,controlled,7,1,1,0.007265724507178106,0.02173121060643877,0.48471681735210115,0.24235840867605057,0.5,True,False,0.00023092728640351778,True,1442,25676
5,2,0.3,0.0,uniform,0,uniform,0.5,fixed,controlled,7,1,2,0.00832379976129971,0.022815598973206112,0.26303824094985506,0.13151912047492756,0.5,True,False,0.0010843883667673408,True,2170,38514
5,2,0.3,0.0,uniform,0,uniform,0.5,fixed,controlled,7,1,3,0.007120991304635282,0.021697690976517543,0.11021531043817329,0.05510765521908664,0.5,True,False,-0.0011179079966885698,True,2947,51352
5,2,0.3,0.0,uniform,0,uniform,0.5,fixed,controlled,7,1,4,0.008178268268109967,0.0227750867073025,0.07562125015560797,0.037810625077804014,0.5,True,False,0.0010773957307849587,True,4620,64190
5,2,0.3,0.0,uniform,0,uniform,0.5,fixed,controlled,7,1,5,0.019548683123312927,0.02556243751730238,0.0886817489570545,0.0443408744785273,0.5,True,False,0.002787350809999877,True,5061,77028
5,2,0.3,0.0,uniform,0,uniform,0.5,fixed,controlled,7,1,6,0.011989846156360784,0.02376495354941913,0.013187135706159184,0.006593567853079599,0.5,True,False,-0.0017974839678832483,True,5908,89866
5,2,0.3,0.0,uniform,0,uniform,0.5,fixed,controlled,7,1,7,0.009790516589893272,0.02324340971452849,0.006090114175616806,0.00304505708780843,0.5,True,False,-0.0005215438348906386,True,6510,102704
5,2,0.3,0.0,uniform,0,uniform,0.5,fixed,controlled,7,1,8,0.009613241544194295,0.023201381521565572,0.0038803676190939467,0.0019401838095469944,0.5,True,False,-4.202819296291946e-05,True,7245,115542
5,2,0.3,0.0,uniform,0,uniform,0.5,fixed,controlled,7,1,9,0.009340113966750607,0.02313654949622495,0.0032256873658574273,0.0016128436829286512,0.5,True,False,-6.483202534062274e-05,True,7770,128380
5,2,0.3,0.0,uniform,0,uniform,0.5,fixed,controlled,7,1,10,0.009902255577642904,0.023269872048071454,0.001308142770813218,0.0006540713854066298,0.5,True,False,0.0001333225518465042,True,8337,141218
5,2,0.3,0.0,uniform,0,uniform,0.5,fixed,controlled,7,1,11,0.00966699680197003,0.02321403713098594,0.0005933254965542192,0.0002966627482771404,0.5,True,False,-5.583491708551283e-05,True,8729,154056
5,2,0.3,0.0,uniform,0,median,0.5,fixed,controlled,7,1,0,0.005920198491201845,0.02598782628774643,1.0057138174976523,0.5028569087488263,0.5,True,False,,True,777,11550
5,2,0.3,0.0,uniform,0,median,0.5,fixed,controlled,7,1,1,0.0057740833416453086,0.023226551711559296,0.4819501734025563,0.2409750867012782,0.5,True,False,-0.002761274576187134,True,1400,23100
5,2,0.3,0.0,uniform,0,median,0.5,fixed,controlled,7,1,2,0.006107187732801833,0.019996322691440582,0.209582165770094,0.104791082885047,0.5,True,False,-0.0032302290201187134,True,2128,34650
5,2,0.3,0.0,uniform,0,median,0.5,fixed,controlled,7,1,3,0.006114807457784366,0.01997784525156021,0.10461821986801413,0.05230910993400711,0.5,True,False,-1.8477439880371094e-05,True,2730,46200
5,2,0.3,0.0,uniform,0,median,0.5,fixed,controlled,7,1,4,0.006083864307141695,0.019936680793762207,0.051924265845811016,0.02596213292290551,0.5,True,False,-4.116445779800415e-05,True,3465,57750
5,2,0.3,0.0,uniform,0,median,0.5,fixed,controlled,7,1,5,0.005279392148764828,0.018520332872867584,0.012939089576594323,0.006469544788297002,0.5,True,False,-0.0014163479208946228,True,4368,69300
5,2,0.3,0.0,uniform,0,median,0.5,fixed,controlled,7,1,6,0.005265488324800671,0.018535323441028595,0.006605194839659257,0.003302597419829717,0.5,True,False,1.4990568161010742e-05,True,4746,80850
5,2,0.3,0.0,uniform,0,median,0.5,fixed,controlled,7,1,7,0.005286076283340435,0.018523260951042175,0.003193440010546503,0.0015967200052732118,0.5,True,False,-1.2062489986419678e-05,True,5096,92400
5,2,0.3,0.0,uniform,0,median,0.5,fixed,controlled,7,1,8,0.005262513353329723,0.01853937655687332,0.0017425620704988312,0.0008712810352494715,0.5,True,False,1.611560583114624e-05,True,5600,103950
5,2,0.3,0.0,uniform,0,median,0.5,fixed,controlled,7,1,9,0.005262340477628413,0.018539346754550934,0.0008710112828533025,0.00043550564142663846,0.5,True,False,-2.9802322387695312e-08,True,6146,115500
5,2,0.3,0.0,uniform,0,trimmed,0.5,fixed,controlled,7,1,0,0.005920198491201845,0.02039910517632961,0.886222341602187,0.4431111708010935,0.5,True,False,,True,777,14637
5,2,0.3,0.0,uniform,0,trimmed,0.5,fixed,controlled,7,1,1,0.005743288702007021,0.021022631227970122,0.44911488130593247,0.22455744065296632,0.5,True,False,0.0006235260516405106,True,1428,29274
5,2,0.3,0.0,uniform,0,trimmed,0.5,fixed,controlled,7,1,2,0.005795494430469006,0.022052983567118645,0.23477074085110897,0.11738537042555452,0.5,True,False,0.0010303523391485235,True,1855,43911
5,2,0.3,0.0,uniform,0,trimmed,0.5,fixed,controlled,7,1,3,0.005974551780994375,0.022578921914100648,0.12274465679439785,0.061372328397198896,0.5,True,False,0.0005259383469820023,True,2233,58548
5,2,0.3,0.0,uniform,0,trimmed,0.5,fixed,controlled,7,1,4,0.005976529621877447,0.02270705923438072,0.06269344065482396,0.03134672032741197,0.5,True,False,0.00012813732028007369,True,3024,73185
5,2,0.3,0.0,uniform,0,trimmed,0.5,fixed,controlled,7,1,5,0.005962878509720326,0.02310696095228195,0.03550929945145022,0.017754649725725123,0.5,True,False,0.00039990171790122916,True,3479,87822
5,2,0.3,0.0,uniform,0,trimmed,0.5,fixed,controlled,7,1,6,0.005952723519301983,0.023097835853695868,0.017658992514235482,0.008829496257117734,0.5,True,False,-9.125098586082458e-06,True,3843,102459
5,2,0.3,0.0,uniform,0,trimmed,0.5,fixed,controlled,7,1,7,0.005923101650490814,0.023109761998057365,0.008954522824471192,0.004477261412235765,0.5,True,False,1.192614436149736e-05,True,4291,117096
5,2,0.3,0.0,uniform,0,trimmed,0.5,fixed,controlled,7,1,8,0.005980577645035012,0.02310568168759346,0.004434479781570054,0.0022172398907850275,0.5,True,False,-4.080310463904641e-06,True,5348,131733
5,2,0.3,0.0,uniform,0,trimmed,0.5,fixed,controlled,7,1,9,0.005933659752326292,0.023109112307429312,0.0022532091583667944,0.0011266045791834389,0.5,True,False,3.430619835851495e-06,True,6251,146370
5,2,0.3,0.0,uniform,0,trimmed,0.5,fixed,controlled,7,1,10,0.005919522746015815,0.023109473288059235,0.001130389639511709,0.0005651948197559755,0.5,True,False,3.6098062992234725e-07,True,6832,161007
5,2,0.3,0.0,uniform,0,trimmed,0.5,fixed,controlled,7,1,11,0.005916123256479722,0.023110023140907286,0.0005709603940273235,0.00028548019701367736,0.5,True,False,5.498528480515907e-07,True,7560,175644
6,2,0.3,0.0,uniform,0,uniform,0.5,fixed,controlled,7,1,0,0.009287389420885965,0.020086029012288367,0.879187575669383,0.4395937878346915,0.5,True,False,,True,854,11417
6,2,0.3,0.0,uniform,0,uniform,0.5,fixed,controlled,7,1,1,0.010411153206641627,0.02566486783325672,0.45126288069373277,0.2256314403468664,0.5,True,False,0.005578838820968355,True,1743,22834
6,2,0.3,0.0,uniform,0,uniform,0.5,fixed,controlled,7,1,2,0.01091187851695484,0.026021436655095646,0.22634443100718207,0.11317221550359098,0.5,True,False,0.00035656882183892485,True,2674,34251
6,2,0.3,0.0,uniform,0,uniform,0.5,fixed,controlled,7,1,3,0.004806918419779826,0.022102517474974905,0.10543519276400454,0.05271759638200238,0.5,True,False,-0.003918919180120741,True,3465,45668
6,2,0.3,0.0,uniform,0,uniform,0.5,fixed,controlled,7,1,4,0.013687787411637953,0.02269015115286623,0.05386398396834573,0.026931991984172884,0.5,True,False,0.0005876336778913235,True,5173,57085
6,2,0.3,0.0,uniform,0,uniform,0.5,fixed,controlled,7,1,5,0.013679947463458575,0.022687339623059546,0.026926495677072504,0.01346324783853629,0.5,True,False,-2.811529806683033e-06,True,6503,68502
6,2,0.3,0.0,uniform,0,uniform,0.5,fixed,controlled,7,1,6,0.016135797721609002,0.023264659568667412,0.01459417405274017,0.007297087026370132,0.5,True,False,0.0005773199456078661,True,7658,79919
6,2,0.3,0.0,uniform,0,uniform,0.5,fixed,controlled,7,1,7,0.01638685698318243,0.02339687118572848,0.007556735648676671,0.0037783678243383935,0.5,True,False,0.00013221161706106904,True,8813,91336
6,2,0.3,0.0,uniform,0,uniform,0.5,fixed,controlled,7,1,8,0.014515524369729638,0.02284060125904424,0.0026875673550853314,0.001343783677542617,0.5,True,False,-0.0005562699266842414,True,9163,102753
6,2,0.3,0.0,uniform,0,uniform,0.5,fixed,controlled,7,1,9,0.014160430995326712,0.02277259235935552,0.0012107202666331832,0.0006053601333166811,0.5,True,False,-6.80088996887207e-05,True,9548,114170
6,2,0.3,0.0,uniform,0,uniform,0.5,fixed,controlled,7,1,10,0.013939587944276743,0.022724114624517306,0.0005477066817072681,0.00027385334085367917,0.5,True,False,-4.8477734838212744e-05,True,9877,125587
6,2,0.3,0.0,uniform,0,median,0.5,fixed,controlled,7,1,0,0.009287389420885965,0.016349628567695618,1.2937703607549955,0.6468851803774976,0.5,True,False,,True,854,8309
6,2,0.3,0.0,uniform,0,median,0.5,fixed,controlled,7,1,1,0.011167340950885507,0.02081121876835823,0.6778411792146954,0.3389205896073477,0.5,True,False,0.004461590200662613,True,1687,16618
6,2,0.3,0.0,uniform,0,median,0.5,fixed,controlled,7,1,2,0.01094862319594192,0.02062513306736946,0.3375937051374477,0.16879685256872384,0.5,True,False,-0.00018608570098876953,True,2009,24927
6,2,0.3,0.0,uniform,0,median,0.5,fixed,controlled,7,1,3,0.009099067323276692,0.0195467472076416,0.16116996905598768,0.08058498452799387,0.5,True,False,-0.0010783858597278595,True,2954,33236
6,2,0.3,0.0,uniform,0,median,0.5,fixed,controlled,7,1,4,0.002734518255770954,0.01491442322731018,0.04899163826303754,0.024495819131518798,0.5,True,False,-0.004632323980331421,True,3374,41545
6,2,0.3,0.0,uniform,0,median,0.5,fixed,controlled,7,1,5,0.0056941987422132745,0.02075929194688797,0.06467234700334837,0.03233617350167422,0.5,True,False,0.005844868719577789,True,3752,49854
6,2,0.3,0.0,uniform,0,median,0.5,fixed,controlled,7,1,6,0.03731437270293547,0.03226853162050247,0.07658433024411684,0.038292165122058394,0.5,True,False,0.011509239673614502,True,4571,58163
6,2,0.3,0.0,uniform,0,median,0.5,fixed,controlled,7,1,7,0.038346438469577304,0.03379875421524048,0.042227553174646604,0.021113776587323302,0.5,True,False,0.0015302225947380066,True,5663,66472
6,2,0.3,0.0,uniform,0,median,0.5,fixed,controlled,7,1,8,0.03852110728588798,0.03392628952860832,0.021444018276886957,0.010722009138443449,0.5,True,False,0.00012753531336784363,True,7406,74781
6,2,0.3,0.0,uniform,0,median,0.5,fixed,controlled,7,1,9,0.0382242575027294,0.03378184884786606,0.010348018602719654,0.0051740093013597985,0.5,True,False,-0.0001444406807422638,True,9198,83090
6,2,0.3,0.0,uniform,0,median,0.5,fixed,controlled,7,1,10,0.038500258876872806,0.033814504742622375,0.005258523925555661,0.002629261962777829,0.5,True,False,3.265589475631714e-05,True,11004,91399
6,2,0.3,0.0,uniform,0,median,0.5,fixed,controlled,7,1,11,0.0385671899323734,0.033779971301555634,0.0025398888753745807,0.0012699444376872626,0.5,True,False,-3.453344106674194e-05,True,12642,99708
6,2,0.3,0.0,uniform,0,median,0.5,fixed,controlled,7,1,12,0.038575837574342575,0.03383255749940872,0.0014060485037826172,0.0007030242518913069,0.5,True,False,5.258619785308838e-05,True,13972,108017
6,2,0.3,0.0,uniform,0,median,0.5,fixed,controlled,7,1,13,0.03857559182619541,0.033823464065790176,0.0006794843126702193,0.0003397421563350817,0.5,True,False,-9.093433618545532e-06,True,15750,116326
6,2,0.3,0.0,uniform,0,trimmed,0.5,fixed,controlled,7,1,0,0.009287389420885965,0.0171209167689085,0.9742061518447577,0.48710307592237884,0.5,True,False,,True,854,16576
6,2,0.3,0.0,uniform,0,trimmed,0.5,fixed,controlled,7,1,1,0.0032677118217484535,0.020175740495324133,0.5047299191553971,0.2523649595776986,0.5,True,False,0.003054823726415634,True,2597,33152
6,2,0.3,0.0,uniform,0,trimmed,0.5,fixed,controlled,7,1,2,0.003149023176536092,0.02082057632505894,0.2538087445747965,0.12690437228739826,0.5,True,False,0.000644835829734805,True,3458,49728
6,2,0.3,0.0,uniform,0,trimmed,0.5,fixed,controlled,7,1,3,0.003106316910120255,0.0209878321737051,0.12718904088773597,0.06359452044386807,0.5,True,False,0.00016725584864616186,True,4417,66304
6,2,0.3,0.0,uniform,0,trimmed,0.5,fixed,controlled,7,1,4,0.0030861378552273777,0.02103705145418644,0.06367837638900811,0.031839188194504056,0.5,True,False,4.9219280481339195e-05,True,5313,82880
6,2,0.3,0.0,uniform,0,trimmed,0.5,fixed,controlled,7,1,5,0.0030623054433254193,0.021076028421521186,0.031905621541699736,0.01595281077084989,0.5,True,False,3.897696733474662e-05,True,5971,99456
6,2,0.3,0.0,uniform,0,trimmed,0.5,fixed,controlled,7,1,6,0.00304629050470262,0.021079763397574426,0.015959178034700656,0.007979589017350451,0.5,True,False,3.7349760532399967e-06,True,6741,116032
6,2,0.3,0.0,uniform,0,trimmed,0.5,fixed,controlled,7,1,7,0.003043620626168142,0.02108256332576275,0.007984362388680978,0.003992181194340496,0.5,True,False,2.799928188322587e-06,True,7665,132608
6,2,0.3,0.0,uniform,0,trimmed,0.5,fixed,controlled,7,1,8,0.003047487951084671,0.021085504814982413,0.003997196036588779,0.0019985980182943962,0.5,True,False,2.9414892196641396e-06,True,8330,149184
6,2,0.3,0.0,uniform,0,trimmed,0.5,fixed,controlled,7,1,9,0.003046969896538243,0.021086246892809867,0.001999863182711488,0.0009999315913557577,0.5,True,False,7.420778274543072e-07,True,8995,165760
6,2,0.3,0.0,uniform,0,trimmed,0.5,fixed,controlled,7,1,10,0.003047711893020777,0.02108681611716747,0.0010009020648050976,0.0005004510324027765,0.5,True,False,5.692243576042866e-07,True,9660,182336
6,2,0.3,0.0,uniform,0,trimmed,0.5,fixed,controlled,7,1,11,0.003044549072872549,0.02108641527593136,0.0004997676356381137,0.0002498838178190705,0.5,True,False,-4.008412361131142e-07,True,10325,198912
7,2,0.3,0.0,uniform,0,uniform,0.5,fixed,controlled,7,1,0,0.009488047294364144,0.020122523552605083,1.0982336845275291,0.5491168422637644,0.5,True,False,,True,1001,11557
7,2,0.3,0.0,uniform,0,uniform,0.5,fixed,controlled,7,1,1,0.016927202867487168,0.020587792886154994,0.5561631353954801,0.27808156769774006,0.5,True,False,0.0004652693335499107,True,1533,23114
7,2,0.3,0.0,uniform,0,uniform,0.5,fixed,controlled,7,1,2,0.023926674140096527,0.022572636870401248,0.30105062862248877,0.15052531431124438,0.5,True,False,0.001984843984246254,True,2086,34671
7,2,0.3,0.0,uniform,0,uniform,0.5,fixed,controlled,7,1,3,0.02392666931607934,0.02257264219224453,0.1505253504612116,0.07526267523060581,0.5,True,False,5.321843282030114e-09,True,2632,46228
7,2,0.3,0.0,uniform,0,uniform,0.5,fixed,controlled,7,1,4,0.023926692940047456,0.022572647514087812,0.07526271138057675,0.03763135569028834,0.5,True,False,5.321843282030114e-09,True,3178,57785
7,2,0.3,0.0,uniform,0,uniform,0.5,fixed,controlled,7,1,5,0.02392666931607934,0.02257264219224453,0.037631319540317454,0.018815659770158748,0.5,True,False,-5.321843282030114e-09,True,3717,69342
7,2,0.3,0.0,uniform,0,uniform,0.5,fixed,controlled,7,1,6,0.023926692940047456,0.022572647514087812,0.018815695920129653,0.009407847960064785,0.5,True,False,5.321843282030114e-09,True,4263,80899
7,2,0.3,0.0,uniform,0,uniform,0.5,fixed,controlled,7,1,7,0.023926616003722145,0.022572615050843785,0.009407627445299598,0.0047038137226499376,0.5,True,False,-3.2463244026975646e-08,True,4830,92456
7,2,0.3,0.0,uniform,0,uniform,0.5,fixed,controlled,7,1,8,0.023926688364093174,0.02257265815777438,0.004704106537367795,0.0023520532686838974,0.5,True,False,4.310693059450532e-08,True,5334,104013
7,2,0.3,0.0,uniform,0,uniform,0.5,fixed,controlled,7,1,9,0.023926574076010176,0.02257261930831841,0.0023517893739271874,0.0011758946869635922,0.5,True,False,-3.884945596818734e-08,True,5873,115570
7,2,0.3,0.0,uniform,0,uniform,0.5,fixed,controlled,7,1,10,0.023926650268065508,0.02257263580603259,0.0011760067518362962,0.0005880033759181691,0.5,True,False,1.6497714177415856e-08,True,6391,127127
7,2,0.3,0.0,uniform,0,uniform,0.5,fixed,controlled,7,1,11,0.02392666931607934,0.02257264219224453,0.000588046755878324,0.0002940233779391548,0.5,True,False,6.386211941211695e-09,True,6916,138684
7,2,0.3,0.0,uniform,0,median,0.5,fixed,controlled,7,1,0,0.009488047294364144,0.014671429991722107,0.6546268973799912,0.3273134486899956,0.5,True,False,,True,1001,1085
7,2,0.3,0.0,uniform,0,median,0.5,fixed,controlled,7,1,1,0.022794378961942918,0.009447170421481133,0.297511177966716,0.148755588983358,0.5,True,False,-0.005224259570240974,True,1953,2170
7,2,0.3,0.0,uniform,0,median,0.5,fixed,controlled,7,1,2,0.023401691284390402,0.008458329364657402,0.14341745957817142,0.07170872978908577,0.5,True,False,-0.0009888410568237305,True,2541,3255
7,2,0.3,0.0,uniform,0,median,0.5,fixed,controlled,7,1,3,0.02280684798014576,0.009446484968066216,0.07704312699991833,0.03852156349995928,0.5,True,False,0.0009881556034088135,True,3199,4340
7,2,0.3,0.0,uniform,0,median,0.5,fixed,controlled,7,1,4,0.013682588164622977,0.011246468871831894,0.04847833238688331,0.02423916619344163,0.5,True,False,0.0017999839037656784,True,4452,5425
7,2,0.3,0.0,uniform,0,median,0.5,fixed,controlled,7,1,5,0.02264927295292196,0.009895456954836845,0.016736571810681042,0.008368285905340507,0.5,True,False,-0.0013510119169950485,True,5075,6510
7,2,0.3,0.0,uniform,0,median,0.5,fixed,controlled,7,1,6,0.022283616815453655,0.010867340490221977,0.013747406296644206,0.006873703148322131,0.5,True,False,0.0009718835353851318,True,5950,7595
7,2,0.3,0.0,uniform,0,median,0.5,fixed,controlled,7,1,7,0.022222951289426973,0.011030865833163261,0.007787853326077924,0.0038939266630389907,0.5,True,False,0.00016352534294128418,True,6818,8680
7,2,0.3,0.0,uniform,0,median,0.5,fixed,controlled,7,1,8,0.02215666526448601,0.011202825233340263,0.004858079489166403,0.002429039744583219,0.5,True,False,0.00017195940017700195,True,7784,9765
7,2,0.3,0.0,uniform,0,median,0.5,fixed,controlled,7,1,9,0.022035379159135005,0.011544687673449516,0.00435455797803674,0.002177278989018398,0.5,True,False,0.00034186244010925293,True,8295,10850
7,2,0.3,0.0,uniform,0,median,0.5,fixed,controlled,7,1,10,0.02207878102376526,0.011420739814639091,0.0014778017157870554,0.0007389008578934896,0.5,True,False,-0.0001239478588104248,True,9114,11935
7,2,0.3,0.0,uniform,0,median,0.5,fixed,controlled,7,1,11,0.02217893570638818,0.011144695803523064,0.0008133920135165954,0.0004066960067582292,0.5,True,False,-0.00027604401111602783,True,10052,13020
7,2,0.3,0.0,uniform,0,trimmed,0.5,fixed,controlled,7,1,0,0.009488047294364144,0.016196275874972344,0.7061166095326448,0.3530583047663224,0.5,True,False,,True,1001,7168
7,2,0.3,0.0,uniform,0,trimmed,0.5,fixed,controlled,7,1,1,0.023929412237671865,0.021671411767601966,0.4077443739288704,0.2038721869644352,0.5,True,False,0.005475135892629622,True,1596,14336
7,2,0.3,0.0,uniform,0,trimmed,0.5,fixed,controlled,7,1,2,0.023882908037088146,0.021213309839367867,0.1989740104779784,0.09948700523898923,0.5,True,False,-0.00045810192823409965,True,1918,21504
7,2,0.3,0.0,uniform,0,trimmed,0.5,fixed,controlled,7,1,3,0.023926693188110804,0.021225877478718756,0.09962054101425225,0.04981027050712613,0.5,True,False,1.2567639350889726e-05,True,2513,28672
7,2,0.3,0.0,uniform,0,trimmed,0.5,fixed,controlled,7,1,4,0.023926674140096527,0.021225852146744727,0.049810001298162286,0.02490500064908113,0.5,True,False,-2.5331974028847126e-08,True,3122,35840
7,2,0.3,0.0,uniform,0,trimmed,0.5,fixed,controlled,7,1,5,0.023926698012127545,0.021225865557789804,0.02490514317144997,0.012452571585724971,0.5,True,False,1.3411045076544559e-08,True,3731,43008
7,2,0.3,0.0,uniform,0,trimmed,0.5,fixed,controlled,7,1,6,0.02392666931607934,0.021225856617093086,0.012452476570806528,0.006226238285403205,0.5,True,False,-8.940696717696373e-09,True,4354,50176
7,2,0.3,0.0,uniform,0,trimmed,0.5,fixed,controlled,7,1,7,0.023926717060142266,0.021225904300808906,0.0062267450319111965,0.0031133725159555774,0.5,True,False,4.768371581961861e-08,True,4907,57344
7,2,0.3,0.0,uniform,0,trimmed,0.5,fixed,controlled,7,1,8,0.023926692940047456,0.021225861087441445,0.0031129132769039435,0.0015564566384519965,0.5,True,False,-4.3213367460770424e-08,True,5544,64512
7,2,0.3,0.0,uniform,0,trimmed,0.5,fixed,controlled,7,1,9,0.023926688364093174,0.021225884929299353,0.0015567100116527935,0.0007783550058263512,0.5,True,False,2.3841857908074582e-08,True,6216,71680
7,2,0.3,0.0,uniform,0,trimmed,0.5,fixed,controlled,7,1,10,0.02392670308418099,0.02122584618628025,0.0007779432744612581,0.0003889716372306711,0.5,True,False,-3.874301910192224e-08,True,6804,78848
8,2,0.3,0.0,uniform,0,uniform,0.5,fixed,controlled,7,1,0,0.006876286629364849,0.02294573693403176,0.6604677103516109,0.3302338551758054,0.5,True,False,,True,987,16415
8,2,0.3,0.0,uniform,0,uniform,0.5,fixed,controlled,7,1,1,0.009769154487476867,0.023142817031059946,0.3352844142571789,0.16764220712858946,0.5,True,False,0.00019708009702818635,True,2121,32830
8,2,0.3,0.0,uniform,0,uniform,0.5,fixed,controlled,7,1,2,0.008976866572507541,0.023465608645762717,0.17608334674114048,0.08804167337057033,0.5,True,False,0.0003227916147027707,True,3003,49245
8,2,0.3,0.0,uniform,0,uniform,0.5,fixed,controlled,7,1,3,0.010388627990280064,0.02357859563614641,0.09104715058855065,0.045523575294275344,0.5,True,False,0.00011298699038369414,True,3339,65660
8,2,0.3,0.0,uniform,0,uniform,0.5,fixed,controlled,7,1,4,0.010280721182686303,0.023558498227170536,0.044987021686630824,0.022493510843315422,0.5,True,False,-2.009740897587417e-05,True,4018,82075
8,2,0.3,0.0,uniform,0,uniform,0.5,fixed,controlled,7,1,5,0.010366144305904379,0.023548586294054985,0.022229198572021013,0.011114599286010485,0.5,True,False,-9.911933115551441e-06,True,4837,98490
8,2,0.3,0.0,uniform,0,uniform,0.5,fixed,controlled,7,1,6,0.010087048922181874,0.023559479575072016,0.011405091488609485,0.00570254574430467,0.5,True,False,1.0893281017030493e-05,True,5166,114905
8,2,0.3,0.0,uniform,0,uniform,0.5,fixed,controlled,7,1,7,0.009990011508476726,0.02356748894921371,0.005916291795782923,0.002958145897891562,0.5,True,False,8.009374141693115e-06,True,5502,131320
8,2,0.3,0.0,uniform,0,uniform,0.5,fixed,controlled,7,1,8,0.009875475595049865,0.023577905393072536,0.0032363315393090404,0.0016181657696545185,0.5,True,False,1.0416443858827368e-05,True,5999,147735
8,2,0.3,0.0,uniform,0,uniform,0.5,fixed,controlled,7,1,9,0.009857466307141682,0.023579275767718042,0.0016547805592957154,0.000827390279647882,0.5,True,False,1.3703746455061283e-06,True,6300,164150
8,2,0.3,0.0,uniform,0,uniform,0.5,fixed,controlled,7,1,10,0.009884240019626622,0.023576459980436733,0.0007521600656628068,0.00037608003283133573,0.5,True,False,-2.815787281309351e-06,True,6601,180565
8,2,0.3,0.0,uniform,0,median,0.5,fixed,controlled,7,1,0,0.006876286629364849,0.014990780502557755,0.37414780247983154,0.18707390123991582,0.5,True,False,,True,987,10087
8,2,0.3,0.0,uniform,0,median,0.5,fixed,controlled,7,1,1,0.009855316413046433,0.0181724950671196,0.1925507707503973,0.09627538537519859,0.5,True,False,0.003181714564561844,True,1897,20174
8,2,0.3,0.0,uniform,0,median,0.5,fixed,controlled,7,1,2,0.012090143196072684,0.01602509617805481,0.0925842877042872,0.04629214385214375,0.5,True,False,-0.002147398889064789,True,2464,30261
8,2,0.3,0.0,uniform,0,median,0.5,fixed,controlled,7,1,3,0.01234653957641374,0.01621420681476593,0.04659501482605655,0.023297507413028253,0.5,True,False,0.0001891106367111206,True,3073,40348
8,2,0.3,0.0,uniform,0,median,0.5,fixed,controlled,7,1,4,0.012292553841554366,0.01607556641101837,0.023089819720705777,0.011544909860352903,0.5,True,False,-0.0001386404037475586,True,3556,50435
8,2,0.3,0.0,uniform,0,median,0.5,fixed,controlled,7,1,5,0.012242779244464541,0.016052454710006714,0.011515491155075688,0.005757745577537795,0.5,True,False,-2.3111701011657715e-05,True,4116,60522
8,2,0.3,0.0,uniform,0,median,0.5,fixed,controlled,7,1,6,0.012297751290463121,0.01607222855091095,0.005782914789747953,0.0028914573948739903,0.5,True,False,1.977384090423584e-05,True,4823,70609
8,2,0.3,0.0,uniform,0,median,0.5,fixed,controlled,7,1,7,0.01221714722005629,0.015980005264282227,0.0027741471610841745,0.0013870735805420597,0.5,True,False,-9.222328662872314e-05,True,5313,80696
8,2,0.3,0.0,uniform,0,median,0.5,fixed,controlled,7,1,8,0.012222681428498916,0.01595298945903778,0.0013527456988808146,0.0006763728494403589,0.5,True,False,-2.70158052444458e-05,True,5831,90783
8,2,0.3,0.0,uniform,0,median,0.5,fixed,controlled,7,1,9,0.012274713564112139,0.016011714935302734,0.0007601064403273947,0.0003800532201636009,0.5,True,False,5.872547626495361e-05,True,6342,100870
8,2,0.3,0.0,uniform,0,trimmed,0.5,fixed,controlled,7,1,0,0.006876286629364849,0.019803089648485185,0.8155389002895661,0.40776945014478305,0.5,True,False,,True,987,17612
8,2,0.3,0.0,uniform,0,trimmed,0.5,fixed,controlled,7,1,1,0.008928442020418759,0.01861151456832886,0.3783052274743687,0.18915261373718437,0.5,True,False,-0.0011915750801563263,True,2408,35224
8,2,0.3,0.0,uniform,0,trimmed,0.5,fixed,controlled,7,1,2,0.007240079786758891,0.012744999304413796,0.07044609201916166,0.0352230460095808,0.5,True,False,-0.005866515263915063,True,3486,52836
8,2,0.3,0.0,uniform,0,trimmed,0.5,fixed,controlled,7,1,3,0.007252760279093273,0.012742591276764869,0.035181681241053905,0.017590840620526987,0.5,True,False,-2.408027648927169e-06,True,5229,70448
8,2,0.3,0.0,uniform,0,trimmed,0.5,fixed,controlled,7,1,4,0.011018957372145088,0.012135792151093483,0.007328264048191355,0.0036641320240956704,0.5,True,False,-0.0006067991256713864,True,6167,88060
8,2,0.3,0.0,uniform,0,trimmed,0.5,fixed,controlled,7,1,5,0.011087305920113977,0.012125420942902565,0.003491470355750703,0.0017457351778753377,0.5,True,False,-1.0371208190917969e-05,True,7833,105672
8,2,0.3,0.0,uniform,0,trimmed,0.5,fixed,controlled,7,1,6,0.013926516720466964,0.012357786670327187,0.005636087913001547,0.0028180439565008153,0.5,True,False,0.00023236572742462228,True,8974,123284
8,2,0.3,0.0,uniform,0,trimmed,0.5,fixed,controlled,7,1,7,0.01335393928517803,0.012247808650135994,0.0009710238274993066,0.00048551191374961167,0.5,True,False,-0.00010997802019119263,True,9905,140896
9,2,0.3,0.0,uniform,0,uniform,0.5,fixed,controlled,7,1,0,0.015731375288438043,0.015992052187877043,0.692805232731819,0.3464026163659095,0.5,True,False,,True,476,15981
9,2,0.3,0.0,uniform,0,uniform,0.5,fixed,controlled,7,1,1,0.004712788014385794,0.01673511482243027,0.3571027562825402,0.1785513781412701,0.5,True,False,0.0007430626345532251,True,966,31962
9,2,0.3,0.0,uniform,0,uniform,0.5,fixed,controlled,7,1,2,0.004895322494548937,0.01671849683459316,0.17830846626581173,0.08915423313290587,0.5,True,False,-1.6617987837107273e-05,True,2030,47943
9,2,0.3,0.0,uniform,0,uniform,0.5,fixed,controlled,7,1,3,0.004653337296783355,0.016753113296415125,0.08966042537723924,0.044830212688619635,0.5,True,False,3.461646182196382e-05,True,2835,63924
9,2,0.3,0.0,uniform,0,uniform,0.5,fixed,controlled,7,1,4,0.0055335706723390055,0.016649791837802956,0.043321509513433665,0.021660754756716954,0.5,True,False,-0.00010332145861216904,True,3766,79905
9,2,0.3,0.0,uniform,0,uniform,0.5,fixed,controlled,7,1,5,0.009459325758357062,0.01606401122574295,0.013227996190664289,0.0066139980953320125,0.5,True,False,-0.0005857806120600044,True,4676,95886
9,2,0.3,0.0,uniform,0,uniform,0.5,fixed,controlled,7,1,6,0.008673338603225389,0.0162198023338403,0.008836898131693104,0.004418449065846566,0.5,True,False,0.0001557911080973494,True,5026,111867
9,2,0.3,0.0,uniform,0,uniform,0.5,fixed,controlled,7,1,7,0.007751842130616415,0.01629046630114317,0.005431417787800177,0.002715708893899927,0.5,True,False,7.066396730286834e-05,True,5831,127848
9,2,0.3,0.0,uniform,0,uniform,0.5,fixed,controlled,7,1,8,0.007073375346756561,0.01638171622263534,0.004028147564675944,0.00201407378233796,0.5,True,False,9.124992149216887e-05,True,6713,143829
9,2,0.3,0.0,uniform,0,uniform,0.5,fixed,controlled,7,1,9,0.015243515515587003,0.019177558299686228,0.04476853697939388,0.022384268489696872,0.5,True,False,0.0027958420770508897,True,7147,159810
9,2,0.3,0.0,uniform,0,uniform,0.5,fixed,controlled,7,1,10,0.003491028608008595,0.016868080278592452,0.013290651055729668,0.006645325527864985,0.5,True,False,-0.0023094780210937763,True,8862,175791
9,2,0.3,0.0,uniform,0,uniform,0.5,fixed,controlled,7,1,11,0.003651123027993697,0.01684768032282591,0.006945151152258858,0.003472575576129417,0.5,True,False,-2.0399955766543104e-05,True,10192,191772
9,2,0.3,0.0,uniform,0,uniform,0.5,fixed,controlled,7,1,12,0.003706423300805617,0.01684141332017524,0.0035646328437239673,0.0017823164218619438,0.5,True,False,-6.267002650668652e-06,True,10941,207753
9,2,0.3,0.0,uniform,0,uniform,0.5,fixed,controlled,7,1,13,0.0035720193823871593,0.016864748538604805,0.0014394187522198398,0.0007197093761099754,0.5,True,False,2.333521842956543e-05,True,12656,223734
9,2,0.3,0.0,uniform,0,uniform,0.5,fixed,controlled,7,1,14,0.0036342208621210625,0.016850766193653857,0.0009252119651346549,0.0004626059825671852,0.5,True,False,-1.3982344950948938e-05,True,14371,239715
9,2,0.3,0.0,uniform,0,median,0.5,fixed,controlled,7,1,0,0.015731375288438043,0.013385848142206669,0.39811825962003644,0.19905912981001825,0.5,True,False,,True,476,6055
9,2,0.3,0.0,uniform,0,median,0.5,fixed,controlled,7,1,1,0.012373018639223132,0.014326175674796104,0.20119931635920033,0.1005996581796002,0.5,True,False,0.0009403275325894356,True,833,12110
9,2,0.3,0.0,uniform,0,median,0.5,fixed,controlled,7,1,2,0.015234724020151857,0.012018539942800999,0.09538799706879081,0.04769399853439546,0.5,True,False,-0.0023076357319951057,True,1848,18165
9,2,0.3,0.0,uniform,0,median,0.5,fixed,controlled,7,1,3,0.015453913860273616,0.012590543366968632,0.048973142784538445,0.024486571392269202,0.5,True,False,0.0005720034241676331,True,2716,24220
9,2,0.3,0.0,uniform,0,median,0.5,fixed,controlled,7,1,4,0.015344959311477169,0.012332656420767307,0.023908847038212035,0.011954423519105944,0.5,True,False,-0.00025788694620132446,True,3430,30275
9,2,0.3,0.0,uniform,0,median,0.5,fixed,controlled,7,1,5,0.015397631929063627,0.012423769570887089,0.012158344809721819,0.006079172404860916,0.5,True,False,9.11131501197815e-05,True,4249,36330
9,2,0.3,0.0,uniform,0,median,0.5,fixed,controlled,7,1,6,0.015340963886955772,0.012271375395357609,0.005738215516694463,0.002869107758347334,0.5,True,False,-0.00015239417552947998,True,5124,42385
9,2,0.3,0.0,uniform,0,median,0.5,fixed,controlled,7,1,7,0.015316010835159433,0.012245998717844486,0.0028123886419923107,0.0014061943209961337,0.5,True,False,-2.537667751312256e-05,True,6034,48440
9,2,0.3,0.0,uniform,0,median,0.5,fixed,controlled,7,1,8,0.015324377613546547,0.012232706882059574,0.0013764923834299232,0.0006882461917149685,0.5,True,False,-1.329183578491211e-05,True,6706,54495
9,2,0.3,0.0,uniform,0,median,0.5,fixed,controlled,7,1,9,0.01530531423083259,0.012213491834700108,0.0006453161292729308,0.0003226580646364576,0.5,True,False,-1.9215047359466553e-05,True,7245,60550
9,2,0.3,0.0,uniform,0,trimmed,0.5,fixed,controlled,7,1,0,0.015731375288438043,0.015878466330468653,0.8519418999629271,0.4259709499814636,0.5,True,False,,True,476,11564
9,2,0.3,0.0,uniform,0,trimmed,0.5,fixed,controlled,7,1,1,0.014755368407955993,0.015848803333938122,0.4248926082326444,0.2124463041163222,0.5,True,False,-2.966299653053145e-05,True,1708,23128
9,2,0.3,0.0,uniform,0,trimmed,0.5,fixed,controlled,7,1,2,0.014233396673303034,0.015833592973649502,0.21189441851599639,0.10594720925799812,0.5,True,False,-1.5210360288619995e-05,True,2023,34692
9,2,0.3,0.0,uniform,0,trimmed,0.5,fixed,controlled,7,1,3,0.014925070920273509,0.015857807360589504,0.10682613044098757,0.05341306522049373,0.5,True,False,2.421438694000244e-05,True,2814,46256
9,2,0.3,0.0,uniform,0,trimmed,0.5,fixed,controlled,7,1,4,0.012642638648809101,0.015454121492803096,0.038993619848891534,0.019496809924445795,0.5,True,False,-0.0004036858677864078,True,3563,57820
9,2,0.3,0.0,uniform,0,trimmed,0.5,fixed,controlled,7,1,5,0.011889680076614617,0.016216815449297428,0.04689864743971814,0.023449323719859055,0.5,True,False,0.0007626939564943317,True,4319,69384
9,2,0.3,0.0,uniform,0,trimmed,0.5,fixed,controlled,7,1,6,0.011495151845736018,0.018299392051994802,0.09200152234059895,0.04600076117029947,0.5,True,False,0.002082576602697374,True,5082,80948
9,2,0.3,0.0,uniform,0,trimmed,0.5,fixed,controlled,7,1,7,0.014660524127453,0.015849594585597516,0.03583213616803714,0.017916068084018636,0.5,True,False,-0.0024497974663972855,True,5649,92512
9,2,0.3,0.0,uniform,0,trimmed,0.5,fixed,controlled,7,1,8,0.013658996954144298,0.01564230155199766,0.025376786403498258,0.012688393201749089,0.5,True,False,-0.0002072930335998563,True,6489,104076
9,2,0.3,0.0,uniform,0,trimmed,0.5,fixed,controlled,7,1,9,0.011828718733818855,0.016654224134981632,0.021556688433171073,0.010778344216585566,0.5,True,False,0.001011922582983972,True,7287,115640
9,2,0.3,0.0,uniform,0,trimmed,0.5,fixed,controlled,7,1,10,0.012301023200943395,0.015395843796432019,0.032168550167654554,0.01608427508382725,0.5,True,False,-0.0012583803385496136,True,7875,127204
9,2,0.3,0.0,uniform,0,trimmed,0.5,fixed,controlled,7,1,11,0.011806486426904295,0.01668629739433527,0.027870359993024063,0.013935179996512087,0.5,True,False,0.00129045359790325,True,8246,138768
9,2,0.3,0.0,uniform,0,trimmed,0.5,fixed,controlled,7,1,12,0.012471467437933814,0.015424780361354352,0.029007091164010523,0.01450354558200528,0.5,True,False,-0.0012615170329809168,True,9072,150332
9,2,0.3,0.0,uniform,0,trimmed,0.5,fixed,controlled,7,1,13,0.011793128557463617,0.016880094446241854,0.03458020701962163,0.01729010350981081,0.5,True,False,0.0014553140848875025,True,9730,161896
9,2,0.3,0.0,uniform,0,trimmed,0.5,fixed,controlled,7,1,14,0.012639311811824872,0.015452561341226101,0.030819400891642097,0.015409700445821042,0.5,True,False,-0.001427533105015753,True,10479,173460
9,2,0.3,0.0,uniform,0,trimmed,0.5,fixed,controlled,7,1,15,0.011865594789688627,0.016436045803129674,0.018759680752434466,0.009379840376217271,0.5,True,False,0.0009834844619035724,True,10773,185024
9,2,0.3,0.0,uniform,0,trimmed,0.5,fixed,controlled,7,1,16,0.012518779862158436,0.015432648174464703,0.025488103887117843,0.012744051943558874,0.5,True,False,-0.0010033976286649704,True,11655,196588
9,2,0.3,0.0,uniform,0,trimmed,0.5,fixed,controlled,7,1,17,0.011705326066027366,0.017360334284603596,0.051680943016142934,0.02584047150807142,0.5,True,False,0.0019276861101388924,True,12355,208152
9,2,0.3,0.0,uniform,0,trimmed,0.5,fixed,controlled,7,1,18,0.014184007615668737,0.015843438170850276,0.023933519273224582,0.01196675963661232,0.5,True,False,-0.0015168961137533195,True,13125,219716
9,2,0.3,0.0,uniform,0,trimmed,0.5,fixed,controlled,7,1,19,0.012384993972752278,0.015410111658275128,0.027406949451994695,0.01370347472599736,0.5,True,False,-0.0004333265125751485,True,13909,231280
