seed,D,rho,target_T,agent_id,alpha,bid,marginal_contribution,positive_contribution,alpha_share,contribution_share,profit_share,payment
0,2,0.4,0.0,2,0.4069809146742986,1.3800000000000001,0.25525767356157303,0.25525767356157303,0.4069809146742986,0.875431545097829,0.6880512929284168,5.577112886863342
0,2,0.4,0.0,6,0.34299251087161475,1.22,0.026503343135118484,0.026503343135118484,0.34299251087161475,0.09089584774201893,0.19173451299385727,2.3895805292625294
0,2,0.4,0.0,9,0.25002657445408666,1.3,0.00981823354959488,0.00981823354959488,0.25002657445408666,0.033672607160152086,0.12021419407772592,2.033306583874128
1,2,0.4,0.0,7,0.5037475651878578,1.3800000000000001,0.07800121768377721,0.07800121768377721,0.5037475651878578,0.47844031931040937,0.48856321766138877,4.360235627734472
1,2,0.4,0.0,3,0.31712648067710614,1.1400000000000001,0.05560699268244207,0.05560699268244207,0.31712648067710614,0.3410796411247878,0.33149837694571516,3.1621400993688624
1,2,0.4,0.0,12,0.1791259541350361,1.3800000000000001,0.02942407294176519,0.02942407294176519,0.1791259541350361,0.18048003956480288,0.17993840539289618,2.4776242728966666
2,2,0.4,0.0,10,0.7210104402198166,1.06,0.022057441528886557,0.022057441528886557,0.7210104402198168,0.13527577636881868,0.3695696419092179,3.4326371010571792
2,2,0.4,0.0,8,0.13761455863415065,1.1400000000000001,0.0981737351976335,0.0981737351976335,0.13761455863415067,0.6020883351541219,0.4162988245461334,3.8126384535861764
2,2,0.4,0.0,2,0.14137500114603266,1.3800000000000001,0.04282419150695205,0.04282419150695205,0.14137500114603269,0.2626358884770595,0.21413153354464876,2.7547244453566453
