agent_id,reputation_share,optimization_weight,contribution_share,surplus_share,bid,payment,seed,dimension,poison_ratio,target,initialization,initialization_replicate,evaluator,update_rate,update_policy,coalition_mode,controlled_coalition_size,controlled_poison_count
9,0.37783050244682936,0.7861774316688344,0.7863938815729015,0.6229685299224725,1.3,5.14994551492088,0,2,0.0,0.0,stage0,0,uniform,0.5,fixed,stage1,,
19,0.3661713185043505,0.08240867326004911,0.08226064845523637,0.195824916474882,1.3,2.5101979838147708,0,2,0.0,0.0,stage0,0,uniform,0.5,fixed,stage1,,
16,0.25599817904882005,0.13141389507111656,0.13134546997186208,0.18120655360264526,1.22,2.3398565012643475,0,2,0.0,0.0,stage0,0,uniform,0.5,fixed,stage1,,
9,0.37783050244682936,0.7861774316688344,0.7863938815729015,0.6229685299224725,1.3,5.14994551492088,0,2,0.0,0.0,stage0,0,uniform,0.5,adaptive,stage1,,
19,0.3661713185043505,0.08240867326004911,0.08226064845523637,0.195824916474882,1.3,2.5101979838147708,0,2,0.0,0.0,stage0,0,uniform,0.5,adaptive,stage1,,
16,0.25599817904882005,0.13141389507111656,0.13134546997186208,0.18120655360264526,1.22,2.3398565012643475,0,2,0.0,0.0,stage0,0,uniform,0.5,adaptive,stage1,,
9,0.37783050244682936,0.7861559569155518,0.7863938815729015,0.6229685299224725,1.3,5.14994551492088,0,2,0.0,0.0,uniform,0,uniform,0.5,fixed,stage1,,
19,0.3661713185043505,0.0823924992260695,0.08226064845523637,0.195824916474882,1.3,2.5101979838147708,0,2,0.0,0.0,uniform,0,uniform,0.5,fixed,stage1,,
16,0.25599817904882005,0.1314515438583786,0.13134546997186208,0.18120655360264526,1.22,2.3398565012643475,0,2,0.0,0.0,uniform,0,uniform,0.5,fixed,stage1,,
9,0.37783050244682936,0.7861559569155518,0.7863938815729015,0.6229685299224725,1.3,5.14994551492088,0,2,0.0,0.0,uniform,0,uniform,0.5,adaptive,stage1,,
19,0.3661713185043505,0.0823924992260695,0.08226064845523637,0.195824916474882,1.3,2.5101979838147708,0,2,0.0,0.0,uniform,0,uniform,0.5,adaptive,stage1,,
16,0.25599817904882005,0.1314515438583786,0.13134546997186208,0.18120655360264526,1.22,2.3398565012643475,0,2,0.0,0.0,uniform,0,uniform,0.5,adaptive,stage1,,
9,0.37783050244682936,0.7853411405711981,0.7863938679080523,0.6229685217235632,1.3,5.149945464251621,0,2,0.0,0.0,dirichlet,0,uniform,0.5,fixed,stage1,,
19,0.3661713185043505,0.08284358985235536,0.08226065602788948,0.19582492101847387,1.3,2.5101980118941682,0,2,0.0,0.0,dirichlet,0,uniform,0.5,fixed,stage1,,
16,0.25599817904882005,0.13181526957644651,0.13134547606405816,0.18120655725796292,1.22,2.339856523854211,0,2,0.0,0.0,dirichlet,0,uniform,0.5,fixed,stage1,,
9,0.37783050244682936,0.7861769399877275,0.7863938815729015,0.6229685299224725,1.3,5.14994551492088,0,2,0.0,0.0,dirichlet,0,uniform,0.5,adaptive,stage1,,
19,0.3661713185043505,0.0824122542999561,0.08226064845523637,0.195824916474882,1.3,2.5101979838147708,0,2,0.0,0.0,dirichlet,0,uniform,0.5,adaptive,stage1,,
16,0.25599817904882005,0.1314108057123163,0.13134546997186208,0.18120655360264526,1.22,2.3398565012643475,0,2,0.0,0.0,dirichlet,0,uniform,0.5,adaptive,stage1,,
9,0.37783050244682936,0.7862125361200064,0.7863938815729015,0.6229685299224725,1.3,5.14994551492088,0,2,0.0,0.0,dirichlet,1,uniform,0.5,fixed,stage1,,
19,0.3661713185043505,0.0823623680252902,0.08226064845523637,0.195824916474882,1.3,2.5101979838147708,0,2,0.0,0.0,dirichlet,1,uniform,0.5,fixed,stage1,,
16,0.25599817904882005,0.13142509585470344,0.13134546997186208,0.18120655360264526,1.22,2.3398565012643475,0,2,0.0,0.0,dirichlet,1,uniform,0.5,fixed,stage1,,
9,0.37783050244682936,0.7860761791110039,0.7863938132486639,0.6229684889279301,1.3,5.149945261574608,0,2,0.0,0.0,dirichlet,1,uniform,0.5,adaptive,stage1,,
19,0.3661713185043505,0.08242390959444243,0.08226068631849738,0.1958249391928386,1.3,2.5101981242117426,0,2,0.0,0.0,dirichlet,1,uniform,0.5,adaptive,stage1,,
16,0.25599817904882005,0.13149991129455368,0.13134550043283874,0.18120657187923128,1.22,2.339856614213649,0,2,0.0,0.0,dirichlet,1,uniform,0.5,adaptive,stage1,,
9,0.37783050244682936,0.7862340045169218,0.7863938679080523,0.6229685217235632,1.3,5.149945464251621,0,2,0.0,0.0,dirichlet,2,uniform,0.5,fixed,stage1,,
19,0.3661713185043505,0.08240948845058371,0.08226065602788948,0.19582492101847387,1.3,2.5101980118941682,0,2,0.0,0.0,dirichlet,2,uniform,0.5,fixed,stage1,,
16,0.25599817904882005,0.1313565070324944,0.13134547606405816,0.18120655725796292,1.22,2.339856523854211,0,2,0.0,0.0,dirichlet,2,uniform,0.5,fixed,stage1,,
9,0.37783050244682936,0.7862298913650207,0.7863938815729015,0.6229685299224725,1.3,5.14994551492088,0,2,0.0,0.0,dirichlet,2,uniform,0.5,adaptive,stage1,,
19,0.3661713185043505,0.08237567295671266,0.08226064845523637,0.195824916474882,1.3,2.5101979838147708,0,2,0.0,0.0,dirichlet,2,uniform,0.5,adaptive,stage1,,
16,0.25599817904882005,0.13139443567826659,0.13134546997186208,0.18120655360264526,1.22,2.3398565012643475,0,2,0.0,0.0,dirichlet,2,uniform,0.5,adaptive,stage1,,
9,0.37783050244682936,0.7862319891870766,0.7863938314684585,0.6229684998598068,1.3,5.149945329133606,0,2,0.0,0.0,dirichlet,3,uniform,0.5,fixed,stage1,,
19,0.3661713185043505,0.08236559934006815,0.0822606762216289,0.19582493313471752,1.3,2.5101980867725544,0,2,0.0,0.0,dirichlet,3,uniform,0.5,fixed,stage1,,
16,0.25599817904882005,0.1314024114728553,0.13134549230991255,0.18120656700547555,1.22,2.339856584093839,0,2,0.0,0.0,dirichlet,3,uniform,0.5,fixed,stage1,,
9,0.37783050244682936,0.7862586648342944,0.786393884989114,0.6229685319722001,1.3,5.149945527588197,0,2,0.0,0.0,dirichlet,3,uniform,0.5,adaptive,stage1,,
19,0.3661713185043505,0.08229196672592068,0.082260646562073,0.195824915338984,1.3,2.510197976794921,0,2,0.0,0.0,dirichlet,3,uniform,0.5,adaptive,stage1,,
16,0.25599817904882005,0.13144936843978502,0.13134546844881304,0.18120655268881586,1.22,2.339856495616882,0,2,0.0,0.0,dirichlet,3,uniform,0.5,adaptive,stage1,,
9,0.37783050244682936,0.7862037430809905,0.7863936629354135,0.6229683987399799,1.3,5.149944704213076,0,2,0.0,0.0,dirichlet,4,uniform,0.5,fixed,stage1,,
19,0.3661713185043505,0.08238307891361947,0.08226076961763143,0.19582498917231905,1.3,2.5101984330849314,0,2,0.0,0.0,dirichlet,4,uniform,0.5,fixed,stage1,,
16,0.25599817904882005,0.13141317800538999,0.13134556744695508,0.18120661208770106,1.22,2.3398568627019927,0,2,0.0,0.0,dirichlet,4,uniform,0.5,fixed,stage1,,
9,0.37783050244682936,0.7865698032132062,0.786393880434164,0.6229685292392302,1.3,5.149945510698442,0,2,0.0,0.0,dirichlet,4,uniform,0.5,adaptive,stage1,,
19,0.3661713185043505,0.08211285382817837,0.08226064908629081,0.19582491685351466,1.3,2.5101979861547203,0,2,0.0,0.0,dirichlet,4,uniform,0.5,adaptive,stage1,,
16,0.25599817904882005,0.1313173429586154,0.13134547047954512,0.1812065539072551,1.22,2.3398565031468364,0,2,0.0,0.0,dirichlet,4,uniform,0.5,adaptive,stage1,,
9,0.37783050244682936,0.7862574369950135,0.7863938679080523,0.6229685217235632,1.3,5.149945464251621,0,2,0.0,0.0,dirichlet,5,uniform,0.5,fixed,stage1,,
19,0.3661713185043505,0.0822548567701128,0.08226065602788948,0.19582492101847387,1.3,2.5101980118941682,0,2,0.0,0.0,dirichlet,5,uniform,0.5,fixed,stage1,,
16,0.25599817904882005,0.13148770623487369,0.13134547606405816,0.18120655725796292,1.22,2.339856523854211,0,2,0.0,0.0,dirichlet,5,uniform,0.5,fixed,stage1,,
9,0.37783050244682936,0.7862418159037948,0.7863938496882548,0.6229685107916846,1.3,5.149945396692611,0,2,0.0,0.0,dirichlet,5,uniform,0.5,adaptive,stage1,,
19,0.3661713185043505,0.08233826208110374,0.08226066612475962,0.19582492707659596,1.3,2.510198049333363,0,2,0.0,0.0,dirichlet,5,uniform,0.5,adaptive,stage1,,
16,0.25599817904882005,0.13141992201510144,0.13134548418698572,0.18120656213171946,1.22,2.339856553974026,0,2,0.0,0.0,dirichlet,5,uniform,0.5,adaptive,stage1,,
9,0.37783050244682936,0.7862168895845396,0.7863937950288706,0.622968477996054,1.3,5.149945194015614,0,2,0.0,0.0,dirichlet,6,uniform,0.5,fixed,stage1,,
19,0.3661713185043505,0.08236438101807388,0.08226069641536508,0.19582494525095923,1.3,2.510198161650928,0,2,0.0,0.0,dirichlet,6,uniform,0.5,fixed,stage1,,
16,0.25599817904882005,0.1314187293973865,0.13134550855576435,0.18120657675298663,1.22,2.339856644333457,0,2,0.0,0.0,dirichlet,6,uniform,0.5,fixed,stage1,,
9,0.37783050244682936,0.7862444363022123,0.786393880434164,0.6229685292392302,1.3,5.149945510698442,0,2,0.0,0.0,dirichlet,6,uniform,0.5,adaptive,stage1,,
19,0.3661713185043505,0.08227713119098298,0.08226064908629081,0.19582491685351466,1.3,2.5101979861547203,0,2,0.0,0.0,dirichlet,6,uniform,0.5,adaptive,stage1,,
16,0.25599817904882005,0.1314784325068048,0.13134547047954512,0.1812065539072551,1.22,2.3398565031468364,0,2,0.0,0.0,dirichlet,6,uniform,0.5,adaptive,stage1,,
9,0.37783050244682936,0.7861901973585751,0.786393880434164,0.6229685292392302,1.3,5.149945510698442,0,2,0.0,0.0,dirichlet,7,uniform,0.5,fixed,stage1,,
19,0.3661713185043505,0.08246738851348162,0.08226064908629081,0.19582491685351466,1.3,2.5101979861547203,0,2,0.0,0.0,dirichlet,7,uniform,0.5,fixed,stage1,,
16,0.25599817904882005,0.13134241412794329,0.13134547047954512,0.1812065539072551,1.22,2.3398565031468364,0,2,0.0,0.0,dirichlet,7,uniform,0.5,fixed,stage1,,
9,0.37783050244682936,0.7862273245666931,0.7863938679080523,0.6229685217235632,1.3,5.149945464251621,0,2,0.0,0.0,dirichlet,7,uniform,0.5,adaptive,stage1,,
19,0.3661713185043505,0.0823135092383567,0.08226065602788948,0.19582492101847387,1.3,2.5101980118941682,0,2,0.0,0.0,dirichlet,7,uniform,0.5,adaptive,stage1,,
16,0.25599817904882005,0.13145916619495024,0.13134547606405816,0.18120655725796292,1.22,2.339856523854211,0,2,0.0,0.0,dirichlet,7,uniform,0.5,adaptive,stage1,,
9,0.37783050244682936,0.7862620536013554,0.7863938496882548,0.6229685107916846,1.3,5.149945396692611,0,2,0.0,0.0,dirichlet,8,uniform,0.5,fixed,stage1,,
19,0.3661713185043505,0.08233294342070992,0.08226066612475962,0.19582492707659596,1.3,2.510198049333363,0,2,0.0,0.0,dirichlet,8,uniform,0.5,fixed,stage1,,
16,0.25599817904882005,0.13140500297793486,0.13134548418698572,0.18120656213171946,1.22,2.339856553974026,0,2,0.0,0.0,dirichlet,8,uniform,0.5,fixed,stage1,,
9,0.37783050244682936,0.7852831044754037,0.7863937950288706,0.622968477996054,1.3,5.149945194015614,0,2,0.0,0.0,dirichlet,8,uniform,0.5,adaptive,stage1,,
19,0.3661713185043505,0.08285669383279762,0.08226069641536508,0.19582494525095923,1.3,2.510198161650928,0,2,0.0,0.0,dirichlet,8,uniform,0.5,adaptive,stage1,,
16,0.25599817904882005,0.13186020169179874,0.13134550855576435,0.18120657675298663,1.22,2.339856644333457,0,2,0.0,0.0,dirichlet,8,uniform,0.5,adaptive,stage1,,
9,0.37783050244682936,0.7862381788749917,0.7863938679080523,0.6229685217235632,1.3,5.149945464251621,0,2,0.0,0.0,dirichlet,9,uniform,0.5,fixed,stage1,,
19,0.3661713185043505,0.08226924347904185,0.08226065602788948,0.19582492101847387,1.3,2.5101980118941682,0,2,0.0,0.0,dirichlet,9,uniform,0.5,fixed,stage1,,
16,0.25599817904882005,0.1314925776459665,0.13134547606405816,0.18120655725796292,1.22,2.339856523854211,0,2,0.0,0.0,dirichlet,9,uniform,0.5,fixed,stage1,,
9,0.37783050244682936,0.7862282098754411,0.7863938496882548,0.6229685107916846,1.3,5.149945396692611,0,2,0.0,0.0,dirichlet,9,uniform,0.5,adaptive,stage1,,
19,0.3661713185043505,0.08240582289079304,0.08226066612475962,0.19582492707659596,1.3,2.510198049333363,0,2,0.0,0.0,dirichlet,9,uniform,0.5,adaptive,stage1,,
16,0.25599817904882005,0.13136596723376595,0.13134548418698572,0.18120656213171946,1.22,2.339856553974026,0,2,0.0,0.0,dirichlet,9,uniform,0.5,adaptive,stage1,,
9,0.37783050244682936,0.7862436814388851,0.7863937950288706,0.622968477996054,1.3,5.149945194015614,0,2,0.0,0.0,reversed,0,uniform,0.5,fixed,stage1,,
19,0.3661713185043505,0.08234143889334056,0.08226069641536508,0.19582494525095923,1.3,2.510198161650928,0,2,0.0,0.0,reversed,0,uniform,0.5,fixed,stage1,,
16,0.25599817904882005,0.13141487966777443,0.13134550855576435,0.18120657675298663,1.22,2.339856644333457,0,2,0.0,0.0,reversed,0,uniform,0.5,fixed,stage1,,
9,0.37783050244682936,0.7862436814388851,0.7863937950288706,0.622968477996054,1.3,5.149945194015614,0,2,0.0,0.0,reversed,0,uniform,0.5,adaptive,stage1,,
19,0.3661713185043505,0.08234143889334056,0.08226069641536508,0.19582494525095923,1.3,2.510198161650928,0,2,0.0,0.0,reversed,0,uniform,0.5,adaptive,stage1,,
16,0.25599817904882005,0.13141487966777443,0.13134550855576435,0.18120657675298663,1.22,2.339856644333457,0,2,0.0,0.0,reversed,0,uniform,0.5,adaptive,stage1,,
12,0.47914489677342104,0.3638001092928866,0.36364515616396287,0.40984505240774616,1.3800000000000001,3.9456300280724914,1,2,0.0,0.0,stage0,0,uniform,0.5,fixed,stage1,,
3,0.32489874050365897,0.05416403457980819,0.054287887709249937,0.16253222882701357,1.1400000000000001,2.157451752457105,1,2,0.0,0.0,stage0,0,uniform,0.5,fixed,stage1,,
16,0.19595636272291997,0.5820358561273052,0.5820669561267873,0.42762271876524033,1.22,3.896918219470404,1,2,0.0,0.0,stage0,0,uniform,0.5,fixed,stage1,,
12,0.47914489677342104,0.3638001092928866,0.36364515616396287,0.40984505240774616,1.3800000000000001,3.9456300280724914,1,2,0.0,0.0,stage0,0,uniform,0.5,adaptive,stage1,,
3,0.32489874050365897,0.05416403457980819,0.054287887709249937,0.16253222882701357,1.1400000000000001,2.157451752457105,1,2,0.0,0.0,stage0,0,uniform,0.5,adaptive,stage1,,
16,0.19595636272291997,0.5820358561273052,0.5820669561267873,0.42762271876524033,1.22,3.896918219470404,1,2,0.0,0.0,stage0,0,uniform,0.5,adaptive,stage1,,
12,0.47914489677342104,0.3636170410516935,0.3636417689316379,0.40984302006835116,1.3800000000000001,3.945617305627878,1,2,0.0,0.0,uniform,0,uniform,0.5,fixed,stage1,,
3,0.32489874050365897,0.05454671061395645,0.0543190699894723,0.162550938195147,1.1400000000000001,2.1575688731016203,1,2,0.0,0.0,uniform,0,uniform,0.5,fixed,stage1,,
16,0.19595636272291997,0.58183624833435,0.5820391610788899,0.4276060417365019,1.22,3.896813821270502,1,2,0.0,0.0,uniform,0,uniform,0.5,fixed,stage1,,
12,0.47914489677342104,0.3636170410516935,0.3636417689316379,0.40984302006835116,1.3800000000000001,3.945617305627878,1,2,0.0,0.0,uniform,0,uniform,0.5,adaptive,stage1,,
3,0.32489874050365897,0.05454671061395645,0.0543190699894723,0.162550938195147,1.1400000000000001,2.1575688731016203,1,2,0.0,0.0,uniform,0,uniform,0.5,adaptive,stage1,,
16,0.19595636272291997,0.58183624833435,0.5820391610788899,0.4276060417365019,1.22,3.896813821270502,1,2,0.0,0.0,uniform,0,uniform,0.5,adaptive,stage1,,
12,0.47914489677342104,0.3636391047026445,0.36364787820092315,0.4098466856299223,1.3800000000000001,3.9456402520433134,1,2,0.0,0.0,dirichlet,0,uniform,0.5,fixed,stage1,,
3,0.32489874050365897,0.05439148639050189,0.05426282910354215,0.1625171936635889,1.1400000000000001,2.1573576323340666,1,2,0.0,0.0,dirichlet,0,uniform,0.5,fixed,stage1,,
16,0.19595636272291997,0.5819694089068537,0.5820892926955347,0.42763612070648876,1.22,3.8970021156226196,1,2,0.0,0.0,dirichlet,0,uniform,0.5,fixed,stage1,,
12,0.47914489677342104,0.3636210245138115,0.36366671955906815,0.4098579904448093,1.3800000000000001,3.9457110201845067,1,2,0.0,0.0,dirichlet,0,uniform,0.5,adaptive,stage1,,
3,0.32489874050365897,0.05376545535076562,0.05408937878981116,0.1624131234753503,1.1400000000000001,2.1567061529556932,1,2,0.0,0.0,dirichlet,0,uniform,0.5,adaptive,stage1,,
16,0.19595636272291997,0.582613520135423,0.5822439016511207,0.4277288860798404,1.22,3.897582826859801,1,2,0.0,0.0,dirichlet,0,uniform,0.5,adaptive,stage1,,
12,0.47914489677342104,0.3635066246713568,0.3636553536363002,0.40985117089114853,1.3800000000000001,3.9456683297785897,1,2,0.0,0.0,dirichlet,1,uniform,0.5,fixed,stage1,,
3,0.32489874050365897,0.05439259082004971,0.05419401152672849,0.1624759031175007,1.1400000000000001,2.1570991535155546,1,2,0.0,0.0,dirichlet,1,uniform,0.5,fixed,stage1,,
16,0.19595636272291997,0.5821007845085935,0.5821506348369714,0.4276729259913508,1.22,3.8972325167058557,1,2,0.0,0.0,dirichlet,1,uniform,0.5,fixed,stage1,,
12,0.47914489677342104,0.363592476955765,0.36364052085264653,0.4098422712209563,1.3800000000000001,3.945612617843186,1,2,0.0,0.0,dirichlet,1,uniform,0.5,adaptive,stage1,,
3,0.32489874050365897,0.054643690595756446,0.05433055959074982,0.1625578319559135,1.1400000000000001,2.1576120280440185,1,2,0.0,0.0,dirichlet,1,uniform,0.5,adaptive,stage1,,
16,0.19595636272291997,0.5817638324484786,0.5820289195566037,0.4275998968231302,1.22,3.896775354112795,1,2,0.0,0.0,dirichlet,1,uniform,0.5,adaptive,stage1,,
12,0.47914489677342104,0.36359664373993383,0.3636600025981549,0.4098539602682614,1.3800000000000001,3.945685791279316,1,2,0.0,0.0,dirichlet,2,uniform,0.5,fixed,stage1,,
3,0.32489874050365897,0.054032369818710416,0.0541512139807118,0.16245022458989067,1.1400000000000001,2.1569384059327157,1,2,0.0,0.0,dirichlet,2,uniform,0.5,fixed,stage1,,
16,0.19595636272291997,0.5823709864413558,0.5821887834211332,0.4276958151418479,1.22,3.897375802787968,1,2,0.0,0.0,dirichlet,2,uniform,0.5,fixed,stage1,,
12,0.47914489677342104,0.36368071165723115,0.3637660454632222,0.40991758598730177,1.3800000000000001,3.946084088280509,1,2,0.0,0.0,dirichlet,2,uniform,0.5,adaptive,stage1,,
3,0.32489874050365897,0.051945957122960615,0.053175001540328476,0.1618644971256607,1.1400000000000001,2.153271752006636,1,2,0.0,0.0,dirichlet,2,uniform,0.5,adaptive,stage1,,
16,0.19595636272291997,0.5843733312198083,0.5830589529964494,0.4282179168870376,1.22,3.900644159712855,1,2,0.0,0.0,dirichlet,2,uniform,0.5,adaptive,stage1,,
12,0.47914489677342104,0.3638523926814453,0.36365603423229426,0.40985157924874493,1.3800000000000001,3.945670886097143,1,2,0.0,0.0,dirichlet,3,uniform,0.5,fixed,stage1,,
3,0.32489874050365897,0.053975960161340236,0.0541877460766595,0.1624721438474593,1.1400000000000001,2.157075620485095,1,2,0.0,0.0,dirichlet,3,uniform,0.5,fixed,stage1,,
16,0.19595636272291997,0.5821716471572145,0.5821562196910464,0.4276762769037958,1.22,3.897253493417762,1,2,0.0,0.0,dirichlet,3,uniform,0.5,fixed,stage1,,
12,0.47914489677342104,0.36378021151597856,0.3636552000834932,0.40985107875946436,1.3800000000000001,3.9456677530342468,1,2,0.0,0.0,dirichlet,3,uniform,0.5,adaptive,stage1,,
3,0.32489874050365897,0.053995390202366794,0.05419542510755079,0.1624767512659941,1.1400000000000001,2.157104462925123,1,2,0.0,0.0,dirichlet,3,uniform,0.5,adaptive,stage1,,
16,0.19595636272291997,0.5822243982816547,0.582149374808956,0.42767216997454155,1.22,3.8972277840406297,1,2,0.0,0.0,dirichlet,3,uniform,0.5,adaptive,stage1,,
12,0.47914489677342104,0.3637284539179387,0.36365457547793545,0.40985070399612966,1.3800000000000001,3.9456654070157713,1,2,0.0,0.0,dirichlet,4,uniform,0.5,fixed,stage1,,
3,0.32489874050365897,0.05402571793604549,0.05420117511926077,0.16248020127302007,1.1400000000000001,2.157126059969106,1,2,0.0,0.0,dirichlet,4,uniform,0.5,fixed,stage1,,
16,0.19595636272291997,0.5822458281460159,0.5821442494028038,0.4276690947308503,1.22,3.8972085330151227,1,2,0.0,0.0,dirichlet,4,uniform,0.5,fixed,stage1,,
12,0.47914489677342104,0.36381827185970006,0.3636559145076486,0.4098515074139576,1.3800000000000001,3.9456704364113744,1,2,0.0,0.0,dirichlet,4,uniform,0.5,adaptive,stage1,,
3,0.32489874050365897,0.05403294740433473,0.05418884824122642,0.16247280514619944,1.1400000000000001,2.1570797602152085,1,2,0.0,0.0,dirichlet,4,uniform,0.5,adaptive,stage1,,
16,0.19595636272291997,0.5821487807359653,0.5821552372511251,0.427675687439843,1.22,3.897249803373417,1,2,0.0,0.0,dirichlet,4,uniform,0.5,adaptive,stage1,,
12,0.47914489677342104,0.3635492533140338,0.36364502092021644,0.40984497126149827,1.3800000000000001,3.945629520096979,1,2,0.0,0.0,dirichlet,5,uniform,0.5,fixed,stage1,,
3,0.32489874050365897,0.05449837284867358,0.05428913273999888,0.16253297584546295,1.1400000000000001,2.157456428792598,1,2,0.0,0.0,dirichlet,5,uniform,0.5,fixed,stage1,,
16,0.19595636272291997,0.5819523738372926,0.5820658463397846,0.42762205289303873,1.22,3.8969140511104223,1,2,0.0,0.0,dirichlet,5,uniform,0.5,fixed,stage1,,
12,0.47914489677342104,0.36373703193523443,0.3636567252701925,0.4098519938714839,1.3800000000000001,3.945673481635489,1,2,0.0,0.0,dirichlet,5,uniform,0.5,adaptive,stage1,,
3,0.32489874050365897,0.05403801755682637,0.054181384500209574,0.16246832690158935,1.1400000000000001,2.1570517264039495,1,2,0.0,0.0,dirichlet,5,uniform,0.5,adaptive,stage1,,
16,0.19595636272291997,0.5822249505079392,0.582161890229598,0.42767967922692673,1.22,3.8972747919605615,1,2,0.0,0.0,dirichlet,5,uniform,0.5,adaptive,stage1,,
12,0.47914489677342104,0.363724562272528,0.3636550842692694,0.40985100927093004,1.3800000000000001,3.9456673180360218,1,2,0.0,0.0,dirichlet,6,uniform,0.5,fixed,stage1,,
3,0.32489874050365897,0.05402587577263182,0.05419649127344535,0.16247739096553082,1.1400000000000001,2.157108467444223,1,2,0.0,0.0,dirichlet,6,uniform,0.5,fixed,stage1,,
16,0.19595636272291997,0.5822495619548402,0.5821484244572853,0.42767159976353913,1.22,3.8972242145197544,1,2,0.0,0.0,dirichlet,6,uniform,0.5,fixed,stage1,,
12,0.47914489677342104,0.3638083109042708,0.3636413398928903,0.4098427626451026,1.3800000000000001,3.9456156941583425,1,2,0.0,0.0,dirichlet,6,uniform,0.5,adaptive,stage1,,
3,0.32489874050365897,0.05422298052425964,0.05432301964664654,0.16255330798945153,1.1400000000000001,2.1575837080139664,1,2,0.0,0.0,dirichlet,6,uniform,0.5,adaptive,stage1,,
16,0.19595636272291997,0.5819687085714695,0.5820356404604631,0.42760392936544583,1.22,3.896800597827691,1,2,0.0,0.0,dirichlet,6,uniform,0.5,adaptive,stage1,,
12,0.47914489677342104,0.3634379627138777,0.36365565293861424,0.40985135047253696,1.3800000000000001,3.9456694539580814,1,2,0.0,0.0,dirichlet,7,uniform,0.5,fixed,stage1,,
3,0.32489874050365897,0.054407747027078304,0.05419125620092484,0.1624742499220185,1.1400000000000001,2.1570888045118357,1,2,0.0,0.0,dirichlet,7,uniform,0.5,fixed,stage1,,
16,0.19595636272291997,0.582154290259044,0.5821530908604609,0.42767439960544446,1.22,3.897241741530082,1,2,0.0,0.0,dirichlet,7,uniform,0.5,fixed,stage1,,
12,0.47914489677342104,0.3635300628830357,0.363666641422631,0.409857943562947,1.3800000000000001,3.945710726704048,1,2,0.0,0.0,dirichlet,7,uniform,0.5,adaptive,stage1,,
3,0.32489874050365897,0.05408111239265624,0.05409009810045979,0.1624135550617395,1.1400000000000001,2.156708854686489,1,2,0.0,0.0,dirichlet,7,uniform,0.5,adaptive,stage1,,
16,0.19595636272291997,0.5823888247243081,0.5822432604769093,0.42772850137531354,1.22,3.8975804186094622,1,2,0.0,0.0,dirichlet,7,uniform,0.5,adaptive,stage1,,
12,0.47914489677342104,0.36379473958190867,0.36365526384675817,0.40985111701742327,1.3800000000000001,3.94566799252907,1,2,0.0,0.0,dirichlet,8,uniform,0.5,fixed,stage1,,
3,0.32489874050365897,0.05396766687979466,0.05419483811386279,0.16247639906978129,1.1400000000000001,2.157102258176831,1,2,0.0,0.0,dirichlet,8,uniform,0.5,fixed,stage1,,
16,0.19595636272291997,0.5822375935382967,0.5821498980393791,0.42767248391279544,1.22,3.897229749294099,1,2,0.0,0.0,dirichlet,8,uniform,0.5,fixed,stage1,,
12,0.47914489677342104,0.3639396192896865,0.36365125378948804,0.4098487109830612,1.3800000000000001,3.9456529307539627,1,2,0.0,0.0,dirichlet,8,uniform,0.5,adaptive,stage1,,
3,0.32489874050365897,0.053936702294039074,0.05423175401377993,0.16249854860973156,1.1400000000000001,2.1572409142969198,1,2,0.0,0.0,dirichlet,8,uniform,0.5,adaptive,stage1,,
16,0.19595636272291997,0.5821236784162744,0.5821169921967321,0.4276527404072072,1.22,3.8971061549491166,1,2,0.0,0.0,dirichlet,8,uniform,0.5,adaptive,stage1,,
12,0.47914489677342104,0.3635185301684769,0.36365578177055974,0.40985142777170425,1.3800000000000001,3.9456699378508686,1,2,0.0,0.0,dirichlet,9,uniform,0.5,fixed,stage1,,
3,0.32489874050365897,0.05432751942913439,0.054190070196115894,0.16247353831913314,1.1400000000000001,2.157084349877773,1,2,0.0,0.0,dirichlet,9,uniform,0.5,fixed,stage1,,
16,0.19595636272291997,0.5821539504023887,0.5821541480333244,0.4276750339091626,1.22,3.897245712271358,1,2,0.0,0.0,dirichlet,9,uniform,0.5,fixed,stage1,,
12,0.47914489677342104,0.36399978062752525,0.3636474958117035,0.4098464561963905,1.3800000000000001,3.9456388157894047,1,2,0.0,0.0,dirichlet,9,uniform,0.5,adaptive,stage1,,
3,0.32489874050365897,0.05405914868380493,0.05426634931315751,0.1625193057893581,1.1400000000000001,2.157370854241382,1,2,0.0,0.0,dirichlet,9,uniform,0.5,adaptive,stage1,,
16,0.19595636272291997,0.5819410706886698,0.5820861548751389,0.4276342380142513,1.22,3.8969903299692135,1,2,0.0,0.0,dirichlet,9,uniform,0.5,adaptive,stage1,,
12,0.47914489677342104,0.3635160091251708,0.3636605519257688,0.4098542898648297,1.3800000000000001,3.9456878545538343,1,2,0.0,0.0,reversed,0,uniform,0.5,fixed,stage1,,
3,0.32489874050365897,0.05423352813652092,0.054146156964851776,0.16244719038037467,1.1400000000000001,2.1569194117811454,1,2,0.0,0.0,reversed,0,uniform,0.5,fixed,stage1,,
16,0.19595636272291997,0.5822504627383084,0.5821932911093796,0.4276985197547957,1.22,3.897392733665021,1,2,0.0,0.0,reversed,0,uniform,0.5,fixed,stage1,,
12,0.47914489677342104,0.3635160091251708,0.3636605519257688,0.4098542898648297,1.3800000000000001,3.9456878545538343,1,2,0.0,0.0,reversed,0,uniform,0.5,adaptive,stage1,,
3,0.32489874050365897,0.05423352813652092,0.054146156964851776,0.16244719038037467,1.1400000000000001,2.1569194117811454,1,2,0.0,0.0,reversed,0,uniform,0.5,adaptive,stage1,,
16,0.19595636272291997,0.5822504627383084,0.5821932911093796,0.4276985197547957,1.22,3.897392733665021,1,2,0.0,0.0,reversed,0,uniform,0.5,adaptive,stage1,,
8,0.37078571947339173,0.6825952183312298,0.6826223490995066,0.5578876972490606,1.1400000000000001,4.900163079458669,2,2,0.0,0.0,stage0,0,uniform,0.5,fixed,stage1,,
10,0.3098345361847824,0.03058021099859698,0.030552314391333227,0.1422652031087129,1.06,2.018867468952725,2,2,0.0,0.0,stage0,0,uniform,0.5,fixed,stage1,,
20,0.319379744341826,0.2868245706701732,0.28682533650916014,0.29984709964222644,1.06,3.080969451588606,2,2,0.0,0.0,stage0,0,uniform,0.5,fixed,stage1,,
8,0.37078571947339173,0.6825952183312298,0.6826223490995066,0.5578876972490606,1.1400000000000001,4.900163079458669,2,2,0.0,0.0,stage0,0,uniform,0.5,adaptive,stage1,,
10,0.3098345361847824,0.03058021099859698,0.030552314391333227,0.1422652031087129,1.06,2.018867468952725,2,2,0.0,0.0,stage0,0,uniform,0.5,adaptive,stage1,,
20,0.319379744341826,0.2868245706701732,0.28682533650916014,0.29984709964222644,1.06,3.080969451588606,2,2,0.0,0.0,stage0,0,uniform,0.5,adaptive,stage1,,
8,0.37078571947339173,0.6826281760467328,0.6828728297874208,0.5580379856618092,1.1400000000000001,4.901176023360594,2,2,0.0,0.0,uniform,0,uniform,0.5,fixed,stage1,,
10,0.3098345361847824,0.030547263304872375,0.030335185324890625,0.14213492566884733,1.06,2.017989399008031,2,2,0.0,0.0,uniform,0,uniform,0.5,fixed,stage1,,
20,0.319379744341826,0.28682456064839484,0.28679198488768853,0.2998270886693435,1.06,3.080834577631375,2,2,0.0,0.0,uniform,0,uniform,0.5,fixed,stage1,,
8,0.37078571947339173,0.6826281760467328,0.6828728297874208,0.5580379856618092,1.1400000000000001,4.901176023360594,2,2,0.0,0.0,uniform,0,uniform,0.5,adaptive,stage1,,
10,0.3098345361847824,0.030547263304872375,0.030335185324890625,0.14213492566884733,1.06,2.017989399008031,2,2,0.0,0.0,uniform,0,uniform,0.5,adaptive,stage1,,
20,0.319379744341826,0.28682456064839484,0.28679198488768853,0.2998270886693435,1.06,3.080834577631375,2,2,0.0,0.0,uniform,0,uniform,0.5,adaptive,stage1,,
8,0.37078571947339173,0.6827511511014575,0.6828728297874208,0.5580379856618092,1.1400000000000001,4.901176023360594,2,2,0.0,0.0,dirichlet,0,uniform,0.5,fixed,stage1,,
10,0.3098345361847824,0.030494121767828855,0.030335185324890625,0.14213492566884733,1.06,2.017989399008031,2,2,0.0,0.0,dirichlet,0,uniform,0.5,fixed,stage1,,
20,0.319379744341826,0.28675472713071376,0.28679198488768853,0.2998270886693435,1.06,3.080834577631375,2,2,0.0,0.0,dirichlet,0,uniform,0.5,fixed,stage1,,
8,0.37078571947339173,0.6826838307896554,0.6828729265861778,0.5580380437410634,1.1400000000000001,4.901176414814767,2,2,0.0,0.0,dirichlet,0,uniform,0.5,adaptive,stage1,,
10,0.3098345361847824,0.030476736672402194,0.03033510141493376,0.14213487532287322,1.06,2.0179890596761654,2,2,0.0,0.0,dirichlet,0,uniform,0.5,adaptive,stage1,,
20,0.319379744341826,0.2868394325379424,0.2867919719988885,0.2998270809360635,1.06,3.080834525509068,2,2,0.0,0.0,dirichlet,0,uniform,0.5,adaptive,stage1,,
8,0.37078571947339173,0.682664866738709,0.6828741462551083,0.5580387755424217,1.1400000000000001,4.901181347155922,2,2,0.0,0.0,dirichlet,1,uniform,0.5,fixed,stage1,,
10,0.3098345361847824,0.030341034242201234,0.030334044145495252,0.1421342409612101,1.06,2.017984784078556,2,2,0.0,0.0,dirichlet,1,uniform,0.5,fixed,stage1,,
20,0.319379744341826,0.2869940990190898,0.28679180959939643,0.29982698349636827,1.06,3.0808338687655223,2,2,0.0,0.0,dirichlet,1,uniform,0.5,fixed,stage1,,
8,0.37078571947339173,0.6829475674743225,0.6828728297874208,0.5580379856618092,1.1400000000000001,4.901176023360594,2,2,0.0,0.0,dirichlet,1,uniform,0.5,adaptive,stage1,,
10,0.3098345361847824,0.03038561867569728,0.030335185324890625,0.14213492566884733,1.06,2.017989399008031,2,2,0.0,0.0,dirichlet,1,uniform,0.5,adaptive,stage1,,
20,0.319379744341826,0.2866668138499802,0.28679198488768853,0.2998270886693435,1.06,3.080834577631375,2,2,0.0,0.0,dirichlet,1,uniform,0.5,adaptive,stage1,,
8,0.37078571947339173,0.6826629107049006,0.6828842911328676,0.5580448624690773,1.1400000000000001,4.9012223730415805,2,2,0.0,0.0,dirichlet,2,uniform,0.5,fixed,stage1,,
10,0.3098345361847824,0.03039557933517609,0.030325250062983748,0.1421289645117032,1.06,2.01794922080888,2,2,0.0,0.0,dirichlet,2,uniform,0.5,fixed,stage1,,
20,0.319379744341826,0.2869415099599233,0.2867904588041486,0.29982617301921954,1.06,3.0808284061495397,2,2,0.0,0.0,dirichlet,2,uniform,0.5,fixed,stage1,,
8,0.37078571947339173,0.6827167397945189,0.682872820107548,0.5580379798538855,1.1400000000000001,4.901175984215188,2,2,0.0,0.0,dirichlet,2,uniform,0.5,adaptive,stage1,,
10,0.3098345361847824,0.030430499518159685,0.030335193715883755,0.1421349307034432,1.06,2.0179894329412074,2,2,0.0,0.0,dirichlet,2,uniform,0.5,adaptive,stage1,,
20,0.319379744341826,0.2868527606873214,0.28679198617656815,0.2998270894426713,1.06,3.0808345828436043,2,2,0.0,0.0,dirichlet,2,uniform,0.5,adaptive,stage1,,
8,0.37078571947339173,0.6826303989715681,0.6828728297874208,0.5580379856618092,1.1400000000000001,4.901176023360594,2,2,0.0,0.0,dirichlet,3,uniform,0.5,fixed,stage1,,
10,0.3098345361847824,0.03053593632124315,0.030335185324890625,0.14213492566884733,1.06,2.017989399008031,2,2,0.0,0.0,dirichlet,3,uniform,0.5,fixed,stage1,,
20,0.319379744341826,0.28683366470718874,0.28679198488768853,0.2998270886693435,1.06,3.080834577631375,2,2,0.0,0.0,dirichlet,3,uniform,0.5,fixed,stage1,,
8,0.37078571947339173,0.682690607919503,0.6826405124668926,0.5578985952694923,1.1400000000000001,4.900236532116378,2,2,0.0,0.0,dirichlet,3,uniform,0.5,adaptive,stage1,,
10,0.3098345361847824,0.030704931480150324,0.03053656948486229,0.14225575616483033,1.06,2.0188037965509564,2,2,0.0,0.0,dirichlet,3,uniform,0.5,adaptive,stage1,,
20,0.319379744341826,0.2866044606003467,0.28682291804824506,0.2998456485656774,1.06,3.080959671332666,2,2,0.0,0.0,dirichlet,3,uniform,0.5,adaptive,stage1,,
8,0.37078571947339173,0.6827829838506587,0.6826663252911017,0.5579140829640177,1.1400000000000001,4.900340919177479,2,2,0.0,0.0,dirichlet,4,uniform,0.5,fixed,stage1,,
10,0.3098345361847824,0.030470723588635708,0.030514193650344072,0.1422423306641194,1.06,2.0187133086761646,2,2,0.0,0.0,dirichlet,4,uniform,0.5,fixed,stage1,,
20,0.319379744341826,0.2867462925607056,0.2868194810585542,0.2998435863718629,1.06,3.080945772146356,2,2,0.0,0.0,dirichlet,4,uniform,0.5,fixed,stage1,,
8,0.37078571947339173,0.6825982020677441,0.6826783194012791,0.5579212794301242,1.1400000000000001,4.900389423359037,2,2,0.0,0.0,dirichlet,4,uniform,0.5,adaptive,stage1,,
10,0.3098345361847824,0.03055322559453483,0.030503796561581233,0.14223609241086171,1.06,2.018671262849208,2,2,0.0,0.0,dirichlet,4,uniform,0.5,adaptive,stage1,,
20,0.319379744341826,0.28684857233772115,0.28681788403713965,0.2998426281590142,1.06,3.0809393137917556,2,2,0.0,0.0,dirichlet,4,uniform,0.5,adaptive,stage1,,
8,0.37078571947339173,0.6825222768745196,0.6825996692920904,0.5578740893646109,1.1400000000000001,4.900071362317478,2,2,0.0,0.0,dirichlet,5,uniform,0.5,fixed,stage1,,
10,0.3098345361847824,0.030681469931733117,0.030571974371718897,0.1422769990969443,1.06,2.0189469739134047,2,2,0.0,0.0,dirichlet,5,uniform,0.5,fixed,stage1,,
20,0.319379744341826,0.2867962531937473,0.2868283563361908,0.29984891153844484,1.06,3.0809816637691183,2,2,0.0,0.0,dirichlet,5,uniform,0.5,fixed,stage1,,
8,0.37078571947339173,0.6827448721314006,0.6828728297874208,0.5580379856618092,1.1400000000000001,4.901176023360594,2,2,0.0,0.0,dirichlet,5,uniform,0.5,adaptive,stage1,,
10,0.3098345361847824,0.030337277360526636,0.030335185324890625,0.14213492566884733,1.06,2.017989399008031,2,2,0.0,0.0,dirichlet,5,uniform,0.5,adaptive,stage1,,
20,0.319379744341826,0.2869178505080729,0.28679198488768853,0.2998270886693435,1.06,3.080834577631375,2,2,0.0,0.0,dirichlet,5,uniform,0.5,adaptive,stage1,,
8,0.37078571947339173,0.6826824512748271,0.6826155153678518,0.5578835970100677,1.1400000000000001,4.900135443847857,2,2,0.0,0.0,dirichlet,6,uniform,0.5,fixed,stage1,,
10,0.3098345361847824,0.03066253049317233,0.03055823820840218,0.14226875739895428,1.06,2.018891424868952,2,2,0.0,0.0,dirichlet,6,uniform,0.5,fixed,stage1,,
20,0.319379744341826,0.2866550182320007,0.286826246423746,0.299847645590978,1.06,3.0809731312831916,2,2,0.0,0.0,dirichlet,6,uniform,0.5,fixed,stage1,,
8,0.37078571947339173,0.6827204480740365,0.682872820107548,0.5580379798538855,1.1400000000000001,4.901175984215188,2,2,0.0,0.0,dirichlet,6,uniform,0.5,adaptive,stage1,,
10,0.3098345361847824,0.030359361398394014,0.030335193715883755,0.1421349307034432,1.06,2.0179894329412074,2,2,0.0,0.0,dirichlet,6,uniform,0.5,adaptive,stage1,,
20,0.319379744341826,0.28692019052756945,0.28679198617656815,0.2998270894426713,1.06,3.0808345828436043,2,2,0.0,0.0,dirichlet,6,uniform,0.5,adaptive,stage1,,
8,0.37078571947339173,0.6827450985543131,0.6828728297874208,0.5580379856618092,1.1400000000000001,4.901176023360594,2,2,0.0,0.0,dirichlet,7,uniform,0.5,fixed,stage1,,
10,0.3098345361847824,0.030495484169634955,0.030335185324890625,0.14213492566884733,1.06,2.017989399008031,2,2,0.0,0.0,dirichlet,7,uniform,0.5,fixed,stage1,,
20,0.319379744341826,0.28675941727605203,0.28679198488768853,0.2998270886693435,1.06,3.080834577631375,2,2,0.0,0.0,dirichlet,7,uniform,0.5,fixed,stage1,,
8,0.37078571947339173,0.682661740040898,0.6828738268171847,0.5580385838796675,1.1400000000000001,4.901180055348959,2,2,0.0,0.0,dirichlet,7,uniform,0.5,adaptive,stage1,,
10,0.3098345361847824,0.03048008997314851,0.030334321050108973,0.14213440710397834,1.06,2.017985903880814,2,2,0.0,0.0,dirichlet,7,uniform,0.5,adaptive,stage1,,
20,0.319379744341826,0.28685816998595354,0.28679185213270625,0.2998270090163542,1.06,3.080834040770227,2,2,0.0,0.0,dirichlet,7,uniform,0.5,adaptive,stage1,,
8,0.37078571947339173,0.6826971798077166,0.682675549225302,0.5579196173245379,1.1400000000000001,4.900378220767386,2,2,0.0,0.0,dirichlet,8,uniform,0.5,fixed,stage1,,
10,0.3098345361847824,0.030559144819381066,0.03050619788732338,0.142237533206307,1.06,2.0186809738105094,2,2,0.0,0.0,dirichlet,8,uniform,0.5,fixed,stage1,,
20,0.319379744341826,0.28674367537290235,0.28681825288737467,0.2998428494691552,1.06,3.080940805422106,2,2,0.0,0.0,dirichlet,8,uniform,0.5,fixed,stage1,,
8,0.37078571947339173,0.6827626091047319,0.6828728297874208,0.5580379856618092,1.1400000000000001,4.901176023360594,2,2,0.0,0.0,dirichlet,8,uniform,0.5,adaptive,stage1,,
10,0.3098345361847824,0.030472401974387543,0.030335185324890625,0.14213492566884733,1.06,2.017989399008031,2,2,0.0,0.0,dirichlet,8,uniform,0.5,adaptive,stage1,,
20,0.319379744341826,0.28676498892088065,0.28679198488768853,0.2998270886693435,1.06,3.080834577631375,2,2,0.0,0.0,dirichlet,8,uniform,0.5,adaptive,stage1,,
8,0.37078571947339173,0.682813508659149,0.6830206458522592,0.5581266753007122,1.1400000000000001,4.901773791526801,2,2,0.0,0.0,dirichlet,9,uniform,0.5,fixed,stage1,,
10,0.3098345361847824,0.030369161693043698,0.03020705103864751,0.14205804509710146,1.06,2.017471223954464,2,2,0.0,0.0,dirichlet,9,uniform,0.5,fixed,stage1,,
20,0.319379744341826,0.28681732964780726,0.2867723031090933,0.29981527960218635,1.06,3.080754984518736,2,2,0.0,0.0,dirichlet,9,uniform,0.5,fixed,stage1,,
8,0.37078571947339173,0.6827569015383008,0.6826685393776292,0.5579154114159341,1.1400000000000001,4.900349872943396,2,2,0.0,0.0,dirichlet,9,uniform,0.5,adaptive,stage1,,
10,0.3098345361847824,0.03045699493851442,0.03051227437047974,0.14224117909620082,1.06,2.0187055471083934,2,2,0.0,0.0,dirichlet,9,uniform,0.5,adaptive,stage1,,
20,0.319379744341826,0.2867861035231848,0.28681918625189107,0.29984340948786503,1.06,3.0809445799482105,2,2,0.0,0.0,dirichlet,9,uniform,0.5,adaptive,stage1,,
8,0.37078571947339173,0.6826668002967237,0.6828729265861778,0.5580380437410634,1.1400000000000001,4.901176414814767,2,2,0.0,0.0,reversed,0,uniform,0.5,fixed,stage1,,
10,0.3098345361847824,0.03049640178491339,0.03033510141493376,0.14213487532287322,1.06,2.0179890596761654,2,2,0.0,0.0,reversed,0,uniform,0.5,fixed,stage1,,
20,0.319379744341826,0.2868367979183629,0.2867919719988885,0.2998270809360635,1.06,3.080834525509068,2,2,0.0,0.0,reversed,0,uniform,0.5,fixed,stage1,,
8,0.37078571947339173,0.6826668002967237,0.6828729265861778,0.5580380437410634,1.1400000000000001,4.901176414814767,2,2,0.0,0.0,reversed,0,uniform,0.5,adaptive,stage1,,
10,0.3098345361847824,0.03049640178491339,0.03033510141493376,0.14213487532287322,1.06,2.0179890596761654,2,2,0.0,0.0,reversed,0,uniform,0.5,adaptive,stage1,,
20,0.319379744341826,0.2868367979183629,0.2867919719988885,0.2998270809360635,1.06,3.080834525509068,2,2,0.0,0.0,reversed,0,uniform,0.5,adaptive,stage1,,
4,0.6105297557224,0.6523391143868569,0.656941140189195,0.6383765864024771,1.3,6.075056866290528,3,2,0.0,0.0,stage0,0,uniform,0.5,fixed,stage1,,
16,0.3894702442776,0.3409552532266288,0.343058859810805,0.36162341359752304,1.22,3.9249431337094727,3,2,0.0,0.0,stage0,0,uniform,0.5,fixed,stage1,,
4,0.6105297557224,0.6523391143868569,0.656941140189195,0.6383765864024771,1.3,6.075056866290528,3,2,0.0,0.0,stage0,0,uniform,0.5,adaptive,stage1,,
16,0.3894702442776,0.3409552532266288,0.343058859810805,0.36162341359752304,1.22,3.9249431337094727,3,2,0.0,0.0,stage0,0,uniform,0.5,adaptive,stage1,,
4,0.6105297557224,0.6523403587022581,0.6569625263685019,0.6383894181100611,1.3,6.075152847463257,3,2,0.0,0.0,uniform,0,uniform,0.5,fixed,stage1,,
16,0.3894702442776,0.34095309832899195,0.34303747363149806,0.3616105818899389,1.22,3.924847152536743,3,2,0.0,0.0,uniform,0,uniform,0.5,fixed,stage1,,
4,0.6105297557224,0.6523403587022581,0.6569625263685019,0.6383894181100611,1.3,6.075152847463257,3,2,0.0,0.0,uniform,0,uniform,0.5,adaptive,stage1,,
16,0.3894702442776,0.34095309832899195,0.34303747363149806,0.3616105818899389,1.22,3.924847152536743,3,2,0.0,0.0,uniform,0,uniform,0.5,adaptive,stage1,,
4,0.6105297557224,0.6523853886240658,0.6569384673265407,0.6383749826848844,1.3,6.075044870482935,3,2,0.0,0.0,dirichlet,0,uniform,0.5,adaptive,stage1,,
16,0.3894702442776,0.34091728643976493,0.34306153267345924,0.36162501731511554,1.22,3.9249551295170644,3,2,0.0,0.0,dirichlet,0,uniform,0.5,adaptive,stage1,,
4,0.6105297557224,0.6523861665094464,0.6569384673265407,0.6383749826848844,1.3,6.075044870482935,3,2,0.0,0.0,dirichlet,3,uniform,0.5,fixed,stage1,,
16,0.3894702442776,0.3409170144017344,0.34306153267345924,0.36162501731511554,1.22,3.9249551295170644,3,2,0.0,0.0,dirichlet,3,uniform,0.5,fixed,stage1,,
4,0.6105297557224,0.6523829053830413,0.6569384673265407,0.6383749826848844,1.3,6.075044870482935,3,2,0.0,0.0,dirichlet,3,uniform,0.5,adaptive,stage1,,
16,0.3894702442776,0.3409197348688927,0.34306153267345924,0.36162501731511554,1.22,3.9249551295170644,3,2,0.0,0.0,dirichlet,3,uniform,0.5,adaptive,stage1,,
4,0.6105297557224,0.6523666202265139,0.656935794554924,0.6383733790219144,1.3,6.075032875083919,3,2,0.0,0.0,dirichlet,5,uniform,0.5,fixed,stage1,,
16,0.3894702442776,0.34093112952433813,0.34306420544507593,0.36162662097808557,1.22,3.92496712491608,3,2,0.0,0.0,dirichlet,5,uniform,0.5,fixed,stage1,,
4,0.6105297557224,0.652394394257475,0.6569384673265407,0.6383749826848844,1.3,6.075044870482935,3,2,0.0,0.0,dirichlet,8,uniform,0.5,fixed,stage1,,
16,0.3894702442776,0.3409107226633513,0.34306153267345924,0.36162501731511554,1.22,3.9249551295170644,3,2,0.0,0.0,dirichlet,8,uniform,0.5,fixed,stage1,,
4,0.6105297557224,0.6523796023742684,0.6569384673265407,0.6383749826848844,1.3,6.075044870482935,3,2,0.0,0.0,dirichlet,8,uniform,0.5,adaptive,stage1,,
16,0.3894702442776,0.34092252917965804,0.34306153267345924,0.36162501731511554,1.22,3.9249551295170644,3,2,0.0,0.0,dirichlet,8,uniform,0.5,adaptive,stage1,,
4,0.6105297557224,0.6523377224142087,0.6569384673265407,0.6383749826848844,1.3,6.075044870482935,3,2,0.0,0.0,dirichlet,9,uniform,0.5,adaptive,stage1,,
16,0.3894702442776,0.3409569441480941,0.34306153267345924,0.36162501731511554,1.22,3.9249551295170644,3,2,0.0,0.0,dirichlet,9,uniform,0.5,adaptive,stage1,,
4,0.6105297557224,0.6523353685164431,0.6569384673265407,0.6383749826848844,1.3,6.075044870482935,3,2,0.0,0.0,reversed,0,uniform,0.5,fixed,stage1,,
16,0.3894702442776,0.3409589990970425,0.34306153267345924,0.36162501731511554,1.22,3.9249551295170644,3,2,0.0,0.0,reversed,0,uniform,0.5,fixed,stage1,,
4,0.6105297557224,0.64194124686536,0.6440376005936463,0.6306344626451478,1.3,6.017145780585706,3,2,0.0,0.0,reversed,0,uniform,0.5,adaptive,stage1,,
16,0.3894702442776,0.33393356715464645,0.35596239940635366,0.3693655373548522,1.22,3.9828542194142944,3,2,0.0,0.0,reversed,0,uniform,0.5,adaptive,stage1,,
10,0.6368233276571551,0.7087371398921607,0.7136308166730934,0.6829078210667181,1.06,6.441313630005739,4,2,0.0,0.0,stage0,0,uniform,0.5,fixed,stage1,,
20,0.3631766723428449,0.2844331391321337,0.2863691833269067,0.317092178933282,1.06,3.558686369994262,4,2,0.0,0.0,stage0,0,uniform,0.5,fixed,stage1,,
10,0.6368233276571551,0.7087371398921607,0.7136308166730934,0.6829078210667181,1.06,6.441313630005739,4,2,0.0,0.0,stage0,0,uniform,0.5,adaptive,stage1,,
20,0.3631766723428449,0.2844331391321337,0.2863691833269067,0.317092178933282,1.06,3.558686369994262,4,2,0.0,0.0,stage0,0,uniform,0.5,adaptive,stage1,,
10,0.6368233276571551,0.7087548571826321,0.7136298040207746,0.6829072134753268,1.06,6.441308842185576,4,2,0.0,0.0,uniform,0,uniform,0.5,fixed,stage1,,
20,0.3631766723428449,0.2844125913930548,0.2863701959792253,0.31709278652467315,1.06,3.5586911578144247,4,2,0.0,0.0,uniform,0,uniform,0.5,fixed,stage1,,
10,0.6368233276571551,0.7087548571826321,0.7136298040207746,0.6829072134753268,1.06,6.441308842185576,4,2,0.0,0.0,uniform,0,uniform,0.5,adaptive,stage1,,
20,0.3631766723428449,0.2844125913930548,0.2863701959792253,0.31709278652467315,1.06,3.5586911578144247,4,2,0.0,0.0,uniform,0,uniform,0.5,adaptive,stage1,,
10,0.6368233276571551,0.7087572430324219,0.7136438638690977,0.6829156493843207,1.06,6.441375317148447,4,2,0.0,0.0,dirichlet,0,uniform,0.5,fixed,stage1,,
20,0.3631766723428449,0.28442151480559663,0.28635613613090233,0.31708435061567936,1.06,3.5586246828515535,4,2,0.0,0.0,dirichlet,0,uniform,0.5,fixed,stage1,,
10,0.6368233276571551,0.7087481221234955,0.7137369367559502,0.6829714931164321,1.06,6.441815365757485,4,2,0.0,0.0,dirichlet,0,uniform,0.5,adaptive,stage1,,
20,0.3631766723428449,0.2845819390258454,0.28626306324404976,0.3170285068835678,1.06,3.5581846342425143,4,2,0.0,0.0,dirichlet,0,uniform,0.5,adaptive,stage1,,
10,0.6368233276571551,0.708876798990743,0.7136257113154635,0.6829047578521401,1.06,6.441289491874864,4,2,0.0,0.0,dirichlet,1,uniform,0.5,fixed,stage1,,
20,0.3631766723428449,0.28429775885044084,0.2863742886845364,0.3170952421478598,1.06,3.558710508125135,4,2,0.0,0.0,dirichlet,1,uniform,0.5,fixed,stage1,,
10,0.6368233276571551,0.7087333534792395,0.7136274496412418,0.6829058008476071,1.06,6.4412977106791445,4,2,0.0,0.0,dirichlet,1,uniform,0.5,adaptive,stage1,,
20,0.3631766723428449,0.28443579601457597,0.2863725503587582,0.3170941991523929,1.06,3.558702289320856,4,2,0.0,0.0,dirichlet,1,uniform,0.5,adaptive,stage1,,
10,0.6368233276571551,0.7087286927010706,0.7136476618646734,0.6829179281816661,1.06,6.441393274071528,4,2,0.0,0.0,dirichlet,2,uniform,0.5,fixed,stage1,,
20,0.3631766723428449,0.284412558222759,0.2863523381353265,0.31708207181833387,1.06,3.558606725928471,4,2,0.0,0.0,dirichlet,2,uniform,0.5,fixed,stage1,,
10,0.6368233276571551,0.7087202986647323,0.713629550859195,0.682907061578379,1.06,6.441307645237627,4,2,0.0,0.0,dirichlet,2,uniform,0.5,adaptive,stage1,,
20,0.3631766723428449,0.28447959663449846,0.28637044914080495,0.3170929384216209,1.06,3.5586923547623726,4,2,0.0,0.0,dirichlet,2,uniform,0.5,adaptive,stage1,,
10,0.6368233276571551,0.7088154739142524,0.7137304664002442,0.6829676109030085,1.06,6.441784773915707,4,2,0.0,0.0,dirichlet,3,uniform,0.5,fixed,stage1,,
20,0.3631766723428449,0.28436240784346345,0.2862695335997558,0.3170323890969915,1.06,3.558215226084293,4,2,0.0,0.0,dirichlet,3,uniform,0.5,fixed,stage1,,
10,0.6368233276571551,0.7087618732273643,0.7136312808086146,0.6829080995480308,1.06,6.441315824438483,4,2,0.0,0.0,dirichlet,3,uniform,0.5,adaptive,stage1,,
20,0.3631766723428449,0.28444271542579574,0.2863687191913855,0.3170919004519693,1.06,3.5586841755615177,4,2,0.0,0.0,dirichlet,3,uniform,0.5,adaptive,stage1,,
10,0.6368233276571551,0.7088403555507644,0.7137697844985716,0.682991201762005,1.06,6.441970669884599,4,2,0.0,0.0,dirichlet,4,uniform,0.5,fixed,stage1,,
20,0.3631766723428449,0.28445344354323493,0.2862302155014283,0.31700879823799494,1.06,3.5580293301154002,4,2,0.0,0.0,dirichlet,4,uniform,0.5,fixed,stage1,,
10,0.6368233276571551,0.708851975110512,0.713776595247798,0.6829952882115409,1.06,6.442002871106942,4,2,0.0,0.0,dirichlet,4,uniform,0.5,adaptive,stage1,,
20,0.3631766723428449,0.28442037304238843,0.28622340475220187,0.3170047117884591,1.06,3.557997128893058,4,2,0.0,0.0,dirichlet,4,uniform,0.5,adaptive,stage1,,
10,0.6368233276571551,0.7088034776709364,0.7137032799834581,0.6829512990529369,1.06,6.441656236537144,4,2,0.0,0.0,dirichlet,5,uniform,0.5,fixed,stage1,,
20,0.3631766723428449,0.28452800823495894,0.2862967200165419,0.31704870094706306,1.06,3.5583437634628567,4,2,0.0,0.0,dirichlet,5,uniform,0.5,fixed,stage1,,
10,0.6368233276571551,0.7087204418834574,0.7136477715865525,0.6829179940147936,1.06,6.441393792836573,4,2,0.0,0.0,dirichlet,5,uniform,0.5,adaptive,stage1,,
20,0.3631766723428449,0.2844280490034521,0.2863522284134475,0.3170820059852064,1.06,3.5586062071634266,4,2,0.0,0.0,dirichlet,5,uniform,0.5,adaptive,stage1,,
10,0.6368233276571551,0.708820573112767,0.7137421065645057,0.6829745950015654,1.06,6.441839808612336,4,2,0.0,0.0,dirichlet,6,uniform,0.5,fixed,stage1,,
20,0.3631766723428449,0.28444050436925145,0.2862578934354944,0.31702540499843457,1.06,3.5581601913876644,4,2,0.0,0.0,dirichlet,6,uniform,0.5,fixed,stage1,,
10,0.6368233276571551,0.7087187153902216,0.7136290023444977,0.6829067324695606,1.06,6.441305051860137,4,2,0.0,0.0,dirichlet,6,uniform,0.5,adaptive,stage1,,
20,0.3631766723428449,0.2844313221159751,0.28637099765550234,0.31709326753043937,1.06,3.558694948139862,4,2,0.0,0.0,dirichlet,6,uniform,0.5,adaptive,stage1,,
10,0.6368233276571551,0.7087128952035174,0.713682424017205,0.6829387854731851,1.06,6.441557629528699,4,2,0.0,0.0,dirichlet,7,uniform,0.5,fixed,stage1,,
20,0.3631766723428449,0.2845193628871229,0.28631757598279495,0.3170612145268149,1.06,3.5584423704713015,4,2,0.0,0.0,dirichlet,7,uniform,0.5,fixed,stage1,,
10,0.6368233276571551,0.7087453442797803,0.7136408846470765,0.6829138618511079,1.06,6.441361231386731,4,2,0.0,0.0,dirichlet,7,uniform,0.5,adaptive,stage1,,
20,0.3631766723428449,0.28435839269945207,0.28635911535292347,0.3170861381488921,1.06,3.5586387686132697,4,2,0.0,0.0,dirichlet,7,uniform,0.5,adaptive,stage1,,
10,0.6368233276571551,0.7087687806976423,0.7136358041258385,0.6829108135383651,1.06,6.441337210682317,4,2,0.0,0.0,dirichlet,8,uniform,0.5,fixed,stage1,,
20,0.3631766723428449,0.2845005374225825,0.2863641958741615,0.31708918646163486,1.06,3.5586627893176828,4,2,0.0,0.0,dirichlet,8,uniform,0.5,fixed,stage1,,
10,0.6368233276571551,0.7087208447992364,0.7136244033705438,0.6829039730851882,1.06,6.441283307911283,4,2,0.0,0.0,dirichlet,8,uniform,0.5,adaptive,stage1,,
20,0.3631766723428449,0.2844407999709059,0.28637559662945633,0.31709602691481176,1.06,3.5587166920887165,4,2,0.0,0.0,dirichlet,8,uniform,0.5,adaptive,stage1,,
10,0.6368233276571551,0.7087535050530096,0.7136271205385594,0.6829056033859977,1.06,6.4412961546816625,4,2,0.0,0.0,dirichlet,9,uniform,0.5,fixed,stage1,,
20,0.3631766723428449,0.28443015271896277,0.28637287946144063,0.31709439661400235,1.06,3.5587038453183384,4,2,0.0,0.0,dirichlet,9,uniform,0.5,fixed,stage1,,
10,0.6368233276571551,0.7087107344772992,0.713637863311305,0.682912049049645,1.06,6.441346946511203,4,2,0.0,0.0,dirichlet,9,uniform,0.5,adaptive,stage1,,
20,0.3631766723428449,0.2843967004138339,0.286362136688695,0.3170879509503549,1.06,3.5586530534887966,4,2,0.0,0.0,dirichlet,9,uniform,0.5,adaptive,stage1,,
10,0.6368233276571551,0.7088013607195471,0.7136551907350444,0.6829224455038887,1.06,6.441428870570643,4,2,0.0,0.0,reversed,0,uniform,0.5,fixed,stage1,,
20,0.3631766723428449,0.2844347158638918,0.2863448092649556,0.3170775544961113,1.06,3.558571129429357,4,2,0.0,0.0,reversed,0,uniform,0.5,fixed,stage1,,
10,0.6368233276571551,0.7088013607195471,0.7136551907350444,0.6829224455038887,1.06,6.441428870570643,4,2,0.0,0.0,reversed,0,uniform,0.5,adaptive,stage1,,
20,0.3631766723428449,0.2844347158638918,0.2863448092649556,0.3170775544961113,1.06,3.558571129429357,4,2,0.0,0.0,reversed,0,uniform,0.5,adaptive,stage1,,
20,0.5759746483970097,0.8935309790065975,0.8996558340191799,0.7701833597703118,1.06,7.0674302062084315,5,2,0.0,0.0,stage0,0,uniform,0.5,fixed,stage1,,
3,0.42402535160299026,0.0997178843555266,0.10034416598082001,0.22981664022968812,1.1400000000000001,2.9325697937915676,5,2,0.0,0.0,stage0,0,uniform,0.5,fixed,stage1,,
20,0.5759746483970097,0.8935309790065975,0.8996558340191799,0.7701833597703118,1.06,7.0674302062084315,5,2,0.0,0.0,stage0,0,uniform,0.5,adaptive,stage1,,
3,0.42402535160299026,0.0997178843555266,0.10034416598082001,0.22981664022968812,1.1400000000000001,2.9325697937915676,5,2,0.0,0.0,stage0,0,uniform,0.5,adaptive,stage1,,
20,0.5759746483970097,0.8935207155571337,0.8996558340191799,0.7701833597703118,1.06,7.0674302062084315,5,2,0.0,0.0,uniform,0,uniform,0.5,fixed,stage1,,
3,0.42402535160299026,0.099732865172033,0.10034416598082001,0.22981664022968812,1.1400000000000001,2.9325697937915676,5,2,0.0,0.0,uniform,0,uniform,0.5,fixed,stage1,,
20,0.5759746483970097,0.8935207155571337,0.8996558340191799,0.7701833597703118,1.06,7.0674302062084315,5,2,0.0,0.0,uniform,0,uniform,0.5,adaptive,stage1,,
3,0.42402535160299026,0.099732865172033,0.10034416598082001,0.22981664022968812,1.1400000000000001,2.9325697937915676,5,2,0.0,0.0,uniform,0,uniform,0.5,adaptive,stage1,,
20,0.5759746483970097,0.8935059881037485,0.8996558340191799,0.7701833597703118,1.06,7.0674302062084315,5,2,0.0,0.0,dirichlet,0,uniform,0.5,fixed,stage1,,
3,0.42402535160299026,0.09966908245572947,0.10034416598082001,0.22981664022968812,1.1400000000000001,2.9325697937915676,5,2,0.0,0.0,dirichlet,0,uniform,0.5,fixed,stage1,,
20,0.5759746483970097,0.8935422239746036,0.8996558340191799,0.7701833597703118,1.06,7.0674302062084315,5,2,0.0,0.0,dirichlet,0,uniform,0.5,adaptive,stage1,,
3,0.42402535160299026,0.09961078209131774,0.10034416598082001,0.22981664022968812,1.1400000000000001,2.9325697937915676,5,2,0.0,0.0,dirichlet,0,uniform,0.5,adaptive,stage1,,
20,0.5759746483970097,0.893466329174001,0.8996558340191799,0.7701833597703118,1.06,7.0674302062084315,5,2,0.0,0.0,dirichlet,1,uniform,0.5,fixed,stage1,,
3,0.42402535160299026,0.09984275608799376,0.10034416598082001,0.22981664022968812,1.1400000000000001,2.9325697937915676,5,2,0.0,0.0,dirichlet,1,uniform,0.5,fixed,stage1,,
20,0.5759746483970097,0.8934704129290807,0.8996558340191799,0.7701833597703118,1.06,7.0674302062084315,5,2,0.0,0.0,dirichlet,1,uniform,0.5,adaptive,stage1,,
3,0.42402535160299026,0.09985783450131602,0.10034416598082001,0.22981664022968812,1.1400000000000001,2.9325697937915676,5,2,0.0,0.0,dirichlet,1,uniform,0.5,adaptive,stage1,,
20,0.5759746483970097,0.8935217325149988,0.8996558340191799,0.7701833597703118,1.06,7.0674302062084315,5,2,0.0,0.0,dirichlet,2,uniform,0.5,fixed,stage1,,
3,0.42402535160299026,0.0998009134145965,0.10034416598082001,0.22981664022968812,1.1400000000000001,2.9325697937915676,5,2,0.0,0.0,dirichlet,2,uniform,0.5,fixed,stage1,,
20,0.5759746483970097,0.8935468310188383,0.8996558340191799,0.7701833597703118,1.06,7.0674302062084315,5,2,0.0,0.0,dirichlet,2,uniform,0.5,adaptive,stage1,,
3,0.42402535160299026,0.09965921733017045,0.10034416598082001,0.22981664022968812,1.1400000000000001,2.9325697937915676,5,2,0.0,0.0,dirichlet,2,uniform,0.5,adaptive,stage1,,
20,0.5759746483970097,0.8935400167821201,0.8996558340191799,0.7701833597703118,1.06,7.0674302062084315,5,2,0.0,0.0,dirichlet,3,uniform,0.5,fixed,stage1,,
3,0.42402535160299026,0.09963276349300129,0.10034416598082001,0.22981664022968812,1.1400000000000001,2.9325697937915676,5,2,0.0,0.0,dirichlet,3,uniform,0.5,fixed,stage1,,
20,0.5759746483970097,0.8934407302476246,0.8996558340191799,0.7701833597703118,1.06,7.0674302062084315,5,2,0.0,0.0,dirichlet,3,uniform,0.5,adaptive,stage1,,
3,0.42402535160299026,0.09982573347058143,0.10034416598082001,0.22981664022968812,1.1400000000000001,2.9325697937915676,5,2,0.0,0.0,dirichlet,3,uniform,0.5,adaptive,stage1,,
20,0.5759746483970097,0.8934085771839113,0.8996558340191799,0.7701833597703118,1.06,7.0674302062084315,5,2,0.0,0.0,dirichlet,4,uniform,0.5,fixed,stage1,,
3,0.42402535160299026,0.09977257716925605,0.10034416598082001,0.22981664022968812,1.1400000000000001,2.9325697937915676,5,2,0.0,0.0,dirichlet,4,uniform,0.5,fixed,stage1,,
20,0.5759746483970097,0.8934522790949948,0.8996558340191799,0.7701833597703118,1.06,7.0674302062084315,5,2,0.0,0.0,dirichlet,4,uniform,0.5,adaptive,stage1,,
3,0.42402535160299026,0.09967185621988096,0.10034416598082001,0.22981664022968812,1.1400000000000001,2.9325697937915676,5,2,0.0,0.0,dirichlet,4,uniform,0.5,adaptive,stage1,,
20,0.5759746483970097,0.8934891038099833,0.8996558340191799,0.7701833597703118,1.06,7.0674302062084315,5,2,0.0,0.0,dirichlet,5,uniform,0.5,fixed,stage1,,
3,0.42402535160299026,0.09965974748596906,0.10034416598082001,0.22981664022968812,1.1400000000000001,2.9325697937915676,5,2,0.0,0.0,dirichlet,5,uniform,0.5,fixed,stage1,,
20,0.5759746483970097,0.8934569674354305,0.8996558340191799,0.7701833597703118,1.06,7.0674302062084315,5,2,0.0,0.0,dirichlet,5,uniform,0.5,adaptive,stage1,,
3,0.42402535160299026,0.09979632974172173,0.10034416598082001,0.22981664022968812,1.1400000000000001,2.9325697937915676,5,2,0.0,0.0,dirichlet,5,uniform,0.5,adaptive,stage1,,
20,0.5759746483970097,0.8935275494149743,0.8996558340191799,0.7701833597703118,1.06,7.0674302062084315,5,2,0.0,0.0,dirichlet,6,uniform,0.5,fixed,stage1,,
3,0.42402535160299026,0.09979288731231573,0.10034416598082001,0.22981664022968812,1.1400000000000001,2.9325697937915676,5,2,0.0,0.0,dirichlet,6,uniform,0.5,fixed,stage1,,
20,0.5759746483970097,0.8935298126486249,0.8996558340191799,0.7701833597703118,1.06,7.0674302062084315,5,2,0.0,0.0,dirichlet,6,uniform,0.5,adaptive,stage1,,
3,0.42402535160299026,0.09977415917586782,0.10034416598082001,0.22981664022968812,1.1400000000000001,2.9325697937915676,5,2,0.0,0.0,dirichlet,6,uniform,0.5,adaptive,stage1,,
20,0.5759746483970097,0.8935199114026896,0.8996558340191799,0.7701833597703118,1.06,7.0674302062084315,5,2,0.0,0.0,dirichlet,7,uniform,0.5,fixed,stage1,,
3,0.42402535160299026,0.09969000337045074,0.10034416598082001,0.22981664022968812,1.1400000000000001,2.9325697937915676,5,2,0.0,0.0,dirichlet,7,uniform,0.5,fixed,stage1,,
20,0.5759746483970097,0.8934369983084041,0.8996558340191799,0.7701833597703118,1.06,7.0674302062084315,5,2,0.0,0.0,dirichlet,7,uniform,0.5,adaptive,stage1,,
3,0.42402535160299026,0.09985360190667097,0.10034416598082001,0.22981664022968812,1.1400000000000001,2.9325697937915676,5,2,0.0,0.0,dirichlet,7,uniform,0.5,adaptive,stage1,,
20,0.5759746483970097,0.8934794488426874,0.8996558340191799,0.7701833597703118,1.06,7.0674302062084315,5,2,0.0,0.0,dirichlet,8,uniform,0.5,fixed,stage1,,
3,0.42402535160299026,0.0998538413302969,0.10034416598082001,0.22981664022968812,1.1400000000000001,2.9325697937915676,5,2,0.0,0.0,dirichlet,8,uniform,0.5,fixed,stage1,,
20,0.5759746483970097,0.8934946806780585,0.8996558340191799,0.7701833597703118,1.06,7.0674302062084315,5,2,0.0,0.0,dirichlet,8,uniform,0.5,adaptive,stage1,,
3,0.42402535160299026,0.09973074011700009,0.10034416598082001,0.22981664022968812,1.1400000000000001,2.9325697937915676,5,2,0.0,0.0,dirichlet,8,uniform,0.5,adaptive,stage1,,
20,0.5759746483970097,0.8935179146887791,0.8996558340191799,0.7701833597703118,1.06,7.0674302062084315,5,2,0.0,0.0,dirichlet,9,uniform,0.5,fixed,stage1,,
3,0.42402535160299026,0.09977674648026241,0.10034416598082001,0.22981664022968812,1.1400000000000001,2.9325697937915676,5,2,0.0,0.0,dirichlet,9,uniform,0.5,fixed,stage1,,
20,0.5759746483970097,0.8934826465215672,0.8996558340191799,0.7701833597703118,1.06,7.0674302062084315,5,2,0.0,0.0,dirichlet,9,uniform,0.5,adaptive,stage1,,
3,0.42402535160299026,0.09973608785737795,0.10034416598082001,0.22981664022968812,1.1400000000000001,2.9325697937915676,5,2,0.0,0.0,dirichlet,9,uniform,0.5,adaptive,stage1,,
20,0.5759746483970097,0.8935069644647191,0.8996558340191799,0.7701833597703118,1.06,7.0674302062084315,5,2,0.0,0.0,reversed,0,uniform,0.5,fixed,stage1,,
3,0.42402535160299026,0.09974189889740508,0.10034416598082001,0.22981664022968812,1.1400000000000001,2.9325697937915676,5,2,0.0,0.0,reversed,0,uniform,0.5,fixed,stage1,,
20,0.5759746483970097,0.8935069644647191,0.8996558340191799,0.7701833597703118,1.06,7.0674302062084315,5,2,0.0,0.0,reversed,0,uniform,0.5,adaptive,stage1,,
3,0.42402535160299026,0.09974189889740508,0.10034416598082001,0.22981664022968812,1.1400000000000001,2.9325697937915676,5,2,0.0,0.0,reversed,0,uniform,0.5,adaptive,stage1,,
3,1.0,0.986487741478439,1.0,1.0,1.1400000000000001,10.0,6,2,0.0,0.0,stage0,0,uniform,0.5,fixed,stage1,,
3,1.0,0.986487741478439,1.0,1.0,1.1400000000000001,10.0,6,2,0.0,0.0,stage0,0,uniform,0.5,adaptive,stage1,,
3,1.0,0.9865004097030824,1.0,1.0,1.1400000000000001,10.0,6,2,0.0,0.0,uniform,0,uniform,0.5,fixed,stage1,,
3,1.0,0.9865004097030824,1.0,1.0,1.1400000000000001,10.0,6,2,0.0,0.0,uniform,0,uniform,0.5,adaptive,stage1,,
3,1.0,0.9865406114041707,1.0,1.0,1.1400000000000001,10.0,6,2,0.0,0.0,dirichlet,0,uniform,0.5,fixed,stage1,,
3,1.0,0.9865306087392989,1.0,1.0,1.1400000000000001,10.0,6,2,0.0,0.0,dirichlet,0,uniform,0.5,adaptive,stage1,,
3,1.0,0.9864286395899482,1.0,1.0,1.1400000000000001,10.0,6,2,0.0,0.0,dirichlet,1,uniform,0.5,fixed,stage1,,
3,1.0,0.9864645729146242,1.0,1.0,1.1400000000000001,10.0,6,2,0.0,0.0,dirichlet,1,uniform,0.5,adaptive,stage1,,
3,1.0,0.9864172919617271,1.0,1.0,1.1400000000000001,10.0,6,2,0.0,0.0,dirichlet,2,uniform,0.5,fixed,stage1,,
3,1.0,0.9864679365855062,1.0,1.0,1.1400000000000001,10.0,6,2,0.0,0.0,dirichlet,2,uniform,0.5,adaptive,stage1,,
3,1.0,0.9864614523135626,1.0,1.0,1.1400000000000001,10.0,6,2,0.0,0.0,dirichlet,3,uniform,0.5,fixed,stage1,,
3,1.0,0.9864429926775733,1.0,1.0,1.1400000000000001,10.0,6,2,0.0,0.0,dirichlet,3,uniform,0.5,adaptive,stage1,,
3,1.0,0.9865338119635496,1.0,1.0,1.1400000000000001,10.0,6,2,0.0,0.0,dirichlet,4,uniform,0.5,fixed,stage1,,
3,1.0,0.9864946988725176,1.0,1.0,1.1400000000000001,10.0,6,2,0.0,0.0,dirichlet,4,uniform,0.5,adaptive,stage1,,
3,1.0,0.9864921520466156,1.0,1.0,1.1400000000000001,10.0,6,2,0.0,0.0,dirichlet,5,uniform,0.5,fixed,stage1,,
3,1.0,0.9865037489046444,1.0,1.0,1.1400000000000001,10.0,6,2,0.0,0.0,dirichlet,5,uniform,0.5,adaptive,stage1,,
3,1.0,0.9864839964981258,1.0,1.0,1.1400000000000001,10.0,6,2,0.0,0.0,dirichlet,6,uniform,0.5,fixed,stage1,,
3,1.0,0.9865052141031652,1.0,1.0,1.1400000000000001,10.0,6,2,0.0,0.0,dirichlet,6,uniform,0.5,adaptive,stage1,,
3,1.0,0.9864176651839154,1.0,1.0,1.1400000000000001,10.0,6,2,0.0,0.0,dirichlet,7,uniform,0.5,fixed,stage1,,
3,1.0,0.9864663350023415,1.0,1.0,1.1400000000000001,10.0,6,2,0.0,0.0,dirichlet,7,uniform,0.5,adaptive,stage1,,
3,1.0,0.9865216533970393,1.0,1.0,1.1400000000000001,10.0,6,2,0.0,0.0,dirichlet,8,uniform,0.5,fixed,stage1,,
3,1.0,0.9864861009875645,1.0,1.0,1.1400000000000001,10.0,6,2,0.0,0.0,dirichlet,8,uniform,0.5,adaptive,stage1,,
3,1.0,0.9864591771458937,1.0,1.0,1.1400000000000001,10.0,6,2,0.0,0.0,dirichlet,9,uniform,0.5,fixed,stage1,,
3,1.0,0.9864671529038515,1.0,1.0,1.1400000000000001,10.0,6,2,0.0,0.0,dirichlet,9,uniform,0.5,adaptive,stage1,,
3,1.0,0.9865042774672822,1.0,1.0,1.1400000000000001,10.0,6,2,0.0,0.0,reversed,0,uniform,0.5,fixed,stage1,,
3,1.0,0.9865042774672822,1.0,1.0,1.1400000000000001,10.0,6,2,0.0,0.0,reversed,0,uniform,0.5,adaptive,stage1,,
13,0.4787701414821533,0.4590040092184465,0.4621750247934908,0.4688130714689558,1.1400000000000001,4.684226820305305,7,2,0.0,0.0,stage0,0,uniform,0.5,fixed,stage1,,
9,0.5212298585178468,0.534158639193315,0.5378249752065092,0.5311869285310442,1.3,5.315773179694694,7,2,0.0,0.0,stage0,0,uniform,0.5,fixed,stage1,,
13,0.4787701414821533,0.45810000789264105,0.46219216247252104,0.468823354076374,1.1400000000000001,4.684304556817388,7,2,0.0,0.0,stage0,0,uniform,0.5,adaptive,stage1,,
9,0.5212298585178468,0.5332625921622884,0.537807837527479,0.531176645923626,1.3,5.315695443182612,7,2,0.0,0.0,stage0,0,uniform,0.5,adaptive,stage1,,
13,0.4787701414821533,0.459011366900179,0.4621765027915347,0.46881395826778216,1.1400000000000001,4.6842335245044335,7,2,0.0,0.0,uniform,0,uniform,0.5,fixed,stage1,,
9,0.5212298585178468,0.534162461224821,0.5378234972084652,0.5311860417322178,1.3,5.3157664754955665,7,2,0.0,0.0,uniform,0,uniform,0.5,fixed,stage1,,
13,0.4787701414821533,0.459011366900179,0.4621765027915347,0.46881395826778216,1.1400000000000001,4.6842335245044335,7,2,0.0,0.0,uniform,0,uniform,0.5,adaptive,stage1,,
9,0.5212298585178468,0.534162461224821,0.5378234972084652,0.5311860417322178,1.3,5.3157664754955665,7,2,0.0,0.0,uniform,0,uniform,0.5,adaptive,stage1,,
13,0.4787701414821533,0.4589311503683464,0.4621762072011664,0.4688137809135612,1.1400000000000001,4.684232183706523,7,2,0.0,0.0,dirichlet,0,uniform,0.5,fixed,stage1,,
9,0.5212298585178468,0.5343357790730232,0.5378237927988335,0.5311862190864388,1.3,5.315767816293477,7,2,0.0,0.0,dirichlet,0,uniform,0.5,fixed,stage1,,
13,0.4787701414821533,0.45893378257350204,0.4621774387972225,0.4688145198711948,1.1400000000000001,4.6842377702262326,7,2,0.0,0.0,dirichlet,0,uniform,0.5,adaptive,stage1,,
9,0.5212298585178468,0.5342377266939748,0.5378225612027775,0.5311854801288052,1.3,5.315762229773767,7,2,0.0,0.0,dirichlet,0,uniform,0.5,adaptive,stage1,,
13,0.4787701414821533,0.45885949216835853,0.46217665058498636,0.4688140469438531,1.1400000000000001,4.684234194895529,7,2,0.0,0.0,dirichlet,3,uniform,0.5,fixed,stage1,,
9,0.5212298585178468,0.534445251373416,0.5378233494150135,0.5311859530561469,1.3,5.31576580510447,7,2,0.0,0.0,dirichlet,3,uniform,0.5,fixed,stage1,,
13,0.4787701414821533,0.4590739273176348,0.46217571454028555,0.4688134853170326,1.1400000000000001,4.684229948996766,7,2,0.0,0.0,dirichlet,4,uniform,0.5,adaptive,stage1,,
9,0.5212298585178468,0.5341279735133017,0.5378242854597145,0.5311865146829674,1.3,5.315770051003233,7,2,0.0,0.0,dirichlet,4,uniform,0.5,adaptive,stage1,,
13,0.4787701414821533,0.45892220114505394,0.46217753732144223,0.46881457898572665,1.1400000000000001,4.684238217132093,7,2,0.0,0.0,dirichlet,6,uniform,0.5,fixed,stage1,,
9,0.5212298585178468,0.5342509226841485,0.5378224626785578,0.5311854210142735,1.3,5.315761782867907,7,2,0.0,0.0,dirichlet,6,uniform,0.5,fixed,stage1,,
13,0.4787701414821533,0.459106503336609,0.46217556673951865,0.4688133966365725,1.1400000000000001,4.684229278572488,7,2,0.0,0.0,dirichlet,7,uniform,0.5,fixed,stage1,,
9,0.5212298585178468,0.5340723845802073,0.5378244332604813,0.5311866033634276,1.3,5.315770721427512,7,2,0.0,0.0,dirichlet,7,uniform,0.5,fixed,stage1,,
13,0.4787701414821533,0.45900435412453255,0.46217684764112527,0.4688141651775365,1.1400000000000001,4.6842350887421755,7,2,0.0,0.0,dirichlet,7,uniform,0.5,adaptive,stage1,,
9,0.5212298585178468,0.5341835225167246,0.5378231523588747,0.5311858348224635,1.3,5.315764911257824,7,2,0.0,0.0,dirichlet,7,uniform,0.5,adaptive,stage1,,
13,0.4787701414821533,0.4589539892889155,0.46217522186657045,0.4688131897128036,1.1400000000000001,4.684227714228795,7,2,0.0,0.0,dirichlet,9,uniform,0.5,adaptive,stage1,,
9,0.5212298585178468,0.5343117699037068,0.5378247781334295,0.5311868102871964,1.3,5.315772285771204,7,2,0.0,0.0,dirichlet,9,uniform,0.5,adaptive,stage1,,
13,0.4787701414821533,0.45897920559416433,0.4621766998492136,0.4688140765023895,1.1400000000000001,4.684234418358065,7,2,0.0,0.0,reversed,0,uniform,0.5,fixed,stage1,,
9,0.5212298585178468,0.5342214726913157,0.5378233001507864,0.5311859234976106,1.3,5.315765581641936,7,2,0.0,0.0,reversed,0,uniform,0.5,fixed,stage1,,
13,0.4787701414821533,0.45897920559416433,0.4621766998492136,0.4688140765023895,1.1400000000000001,4.684234418358065,7,2,0.0,0.0,reversed,0,uniform,0.5,adaptive,stage1,,
9,0.5212298585178468,0.5342214726913157,0.5378233001507864,0.5311859234976106,1.3,5.315765581641936,7,2,0.0,0.0,reversed,0,uniform,0.5,adaptive,stage1,,
1,0.4665876591765998,0.3339612437704521,0.3338964529720455,0.38697293545386724,1.22,3.673408410777518,8,2,0.0,0.0,stage0,0,uniform,0.5,fixed,stage1,,
18,0.2816303085285814,0.5620427843035429,0.5621797020725396,0.4499599446549563,1.1400000000000001,3.992746049112423,8,2,0.0,0.0,stage0,0,uniform,0.5,fixed,stage1,,
9,0.2517820322948189,0.10399597192600493,0.10392384495541485,0.16306711989117645,1.3,2.3338455401100586,8,2,0.0,0.0,stage0,0,uniform,0.5,fixed,stage1,,
1,0.4665876591765998,0.3339612437704521,0.3338964529720455,0.38697293545386724,1.22,3.673408410777518,8,2,0.0,0.0,stage0,0,uniform,0.5,adaptive,stage1,,
18,0.2816303085285814,0.5620427843035429,0.5621797020725396,0.4499599446549563,1.1400000000000001,3.992746049112423,8,2,0.0,0.0,stage0,0,uniform,0.5,adaptive,stage1,,
9,0.2517820322948189,0.10399597192600493,0.10392384495541485,0.16306711989117645,1.3,2.3338455401100586,8,2,0.0,0.0,stage0,0,uniform,0.5,adaptive,stage1,,
1,0.4665876591765998,0.33389614451130883,0.3338964532732386,0.38697293563458307,1.22,3.6734084119232566,8,2,0.0,0.0,uniform,0,uniform,0.5,fixed,stage1,,
18,0.2816303085285814,0.5620543466158239,0.5621798244744586,0.4499600180961077,1.1400000000000001,3.9927465147293226,8,2,0.0,0.0,uniform,0,uniform,0.5,fixed,stage1,,
9,0.2517820322948189,0.10404950887286726,0.1039237222523028,0.16306704626930923,1.3,2.3338450733474208,8,2,0.0,0.0,uniform,0,uniform,0.5,fixed,stage1,,
1,0.4665876591765998,0.33389614451130883,0.3338964532732386,0.38697293563458307,1.22,3.6734084119232566,8,2,0.0,0.0,uniform,0,uniform,0.5,adaptive,stage1,,
18,0.2816303085285814,0.5620543466158239,0.5621798244744586,0.4499600180961077,1.1400000000000001,3.9927465147293226,8,2,0.0,0.0,uniform,0,uniform,0.5,adaptive,stage1,,
9,0.2517820322948189,0.10404950887286726,0.1039237222523028,0.16306704626930923,1.3,2.3338450733474208,8,2,0.0,0.0,uniform,0,uniform,0.5,adaptive,stage1,,
1,0.4665876591765998,0.3339010101461047,0.3338964534238351,0.38697293572494096,1.22,3.6734084124961255,8,2,0.0,0.0,dirichlet,0,uniform,0.5,fixed,stage1,,
18,0.2816303085285814,0.5620054296513142,0.5621798856754673,0.4499600548167129,1.1400000000000001,3.99274674753796,8,2,0.0,0.0,dirichlet,0,uniform,0.5,fixed,stage1,,
9,0.2517820322948189,0.1040935602025812,0.10392366090069757,0.1630670094583461,1.3,2.333844839965914,8,2,0.0,0.0,dirichlet,0,uniform,0.5,fixed,stage1,,
1,0.4665876591765998,0.33374483335295224,0.3338964534238351,0.38697293572494096,1.22,3.6734084124961255,8,2,0.0,0.0,dirichlet,0,uniform,0.5,adaptive,stage1,,
18,0.2816303085285814,0.5622328383677977,0.5621798856754673,0.4499600548167129,1.1400000000000001,3.99274674753796,8,2,0.0,0.0,dirichlet,0,uniform,0.5,adaptive,stage1,,
9,0.2517820322948189,0.10402232827925012,0.10392366090069757,0.1630670094583461,1.3,2.333844839965914,8,2,0.0,0.0,dirichlet,0,uniform,0.5,adaptive,stage1,,
1,0.4665876591765998,0.3338246135152742,0.3338964534238351,0.38697293572494096,1.22,3.6734084124961255,8,2,0.0,0.0,dirichlet,1,uniform,0.5,fixed,stage1,,
18,0.2816303085285814,0.5621232668300774,0.5621798856754673,0.4499600548167129,1.1400000000000001,3.99274674753796,8,2,0.0,0.0,dirichlet,1,uniform,0.5,fixed,stage1,,
9,0.2517820322948189,0.10405211965464845,0.10392366090069757,0.1630670094583461,1.3,2.333844839965914,8,2,0.0,0.0,dirichlet,1,uniform,0.5,fixed,stage1,,
1,0.4665876591765998,0.3337503143100322,0.3338964529720455,0.38697293545386724,1.22,3.673408410777518,8,2,0.0,0.0,dirichlet,1,uniform,0.5,adaptive,stage1,,
18,0.2816303085285814,0.5621297461693233,0.5621797020725396,0.4499599446549563,1.1400000000000001,3.992746049112423,8,2,0.0,0.0,dirichlet,1,uniform,0.5,adaptive,stage1,,
9,0.2517820322948189,0.10411993952064444,0.10392384495541485,0.16306711989117645,1.3,2.3338455401100586,8,2,0.0,0.0,dirichlet,1,uniform,0.5,adaptive,stage1,,
1,0.4665876591765998,0.33384786883575285,0.3338964529720455,0.38697293545386724,1.22,3.673408410777518,8,2,0.0,0.0,dirichlet,2,uniform,0.5,fixed,stage1,,
18,0.2816303085285814,0.5620360926787987,0.5621797020725396,0.4499599446549563,1.1400000000000001,3.992746049112423,8,2,0.0,0.0,dirichlet,2,uniform,0.5,fixed,stage1,,
9,0.2517820322948189,0.10411603848544847,0.10392384495541485,0.16306711989117645,1.3,2.3338455401100586,8,2,0.0,0.0,dirichlet,2,uniform,0.5,fixed,stage1,,
1,0.4665876591765998,0.333745217412973,0.33389645319794026,0.38697293558940404,1.22,3.6734084116368217,8,2,0.0,0.0,dirichlet,2,uniform,0.5,adaptive,stage1,,
18,0.2816303085285814,0.562212892564607,0.5621797938739667,0.4499599997358125,1.1400000000000001,3.9927463983250515,8,2,0.0,0.0,dirichlet,2,uniform,0.5,adaptive,stage1,,
9,0.2517820322948189,0.10404189002241993,0.10392375292809314,0.16306706467478344,1.3,2.3338451900381267,8,2,0.0,0.0,dirichlet,2,uniform,0.5,adaptive,stage1,,
1,0.4665876591765998,0.33373610319493013,0.3338964529720455,0.38697293545386724,1.22,3.673408410777518,8,2,0.0,0.0,dirichlet,3,uniform,0.5,fixed,stage1,,
18,0.2816303085285814,0.5623718652700456,0.5621797020725396,0.4499599446549563,1.1400000000000001,3.992746049112423,8,2,0.0,0.0,dirichlet,3,uniform,0.5,fixed,stage1,,
9,0.2517820322948189,0.10389203153502424,0.10392384495541485,0.16306711989117645,1.3,2.3338455401100586,8,2,0.0,0.0,dirichlet,3,uniform,0.5,fixed,stage1,,
1,0.4665876591765998,0.33375985241481965,0.3338964534238351,0.38697293572494096,1.22,3.6734084124961255,8,2,0.0,0.0,dirichlet,3,uniform,0.5,adaptive,stage1,,
18,0.2816303085285814,0.562342376600971,0.5621798856754673,0.4499600548167129,1.1400000000000001,3.99274674753796,8,2,0.0,0.0,dirichlet,3,uniform,0.5,adaptive,stage1,,
9,0.2517820322948189,0.10389777098420946,0.10392366090069757,0.1630670094583461,1.3,2.333844839965914,8,2,0.0,0.0,dirichlet,3,uniform,0.5,adaptive,stage1,,
1,0.4665876591765998,0.334069130074181,0.3338964534238351,0.38697293572494096,1.22,3.6734084124961255,8,2,0.0,0.0,dirichlet,4,uniform,0.5,fixed,stage1,,
18,0.2816303085285814,0.5620092735474135,0.5621798856754673,0.4499600548167129,1.1400000000000001,3.99274674753796,8,2,0.0,0.0,dirichlet,4,uniform,0.5,fixed,stage1,,
9,0.2517820322948189,0.10392159637840562,0.10392366090069757,0.1630670094583461,1.3,2.333844839965914,8,2,0.0,0.0,dirichlet,4,uniform,0.5,fixed,stage1,,
1,0.4665876591765998,0.3338931481361801,0.33389645319794026,0.38697293558940404,1.22,3.6734084116368217,8,2,0.0,0.0,dirichlet,4,uniform,0.5,adaptive,stage1,,
18,0.2816303085285814,0.562046482568582,0.5621797938739667,0.4499599997358125,1.1400000000000001,3.9927463983250515,8,2,0.0,0.0,dirichlet,4,uniform,0.5,adaptive,stage1,,
9,0.2517820322948189,0.10406036929523789,0.10392375292809314,0.16306706467478344,1.3,2.3338451900381267,8,2,0.0,0.0,dirichlet,4,uniform,0.5,adaptive,stage1,,
1,0.4665876591765998,0.33405109440648484,0.33389645319794026,0.38697293558940404,1.22,3.6734084116368217,8,2,0.0,0.0,dirichlet,5,uniform,0.5,fixed,stage1,,
18,0.2816303085285814,0.562023837953735,0.5621797938739667,0.4499599997358125,1.1400000000000001,3.9927463983250515,8,2,0.0,0.0,dirichlet,5,uniform,0.5,fixed,stage1,,
9,0.2517820322948189,0.10392506763978017,0.10392375292809314,0.16306706467478344,1.3,2.3338451900381267,8,2,0.0,0.0,dirichlet,5,uniform,0.5,fixed,stage1,,
1,0.4665876591765998,0.3340442169472446,0.3338964532732386,0.38697293563458307,1.22,3.6734084119232566,8,2,0.0,0.0,dirichlet,5,uniform,0.5,adaptive,stage1,,
18,0.2816303085285814,0.5619960197523619,0.5621798244744586,0.4499600180961077,1.1400000000000001,3.9927465147293226,8,2,0.0,0.0,dirichlet,5,uniform,0.5,adaptive,stage1,,
9,0.2517820322948189,0.1039597633003935,0.1039237222523028,0.16306704626930923,1.3,2.3338450733474208,8,2,0.0,0.0,dirichlet,5,uniform,0.5,adaptive,stage1,,
1,0.4665876591765998,0.3338619900973323,0.3338964532732386,0.38697293563458307,1.22,3.6734084119232566,8,2,0.0,0.0,dirichlet,6,uniform,0.5,fixed,stage1,,
18,0.2816303085285814,0.56208071624852,0.5621798244744586,0.4499600180961077,1.1400000000000001,3.9927465147293226,8,2,0.0,0.0,dirichlet,6,uniform,0.5,fixed,stage1,,
9,0.2517820322948189,0.10405729365414768,0.1039237222523028,0.16306704626930923,1.3,2.3338450733474208,8,2,0.0,0.0,dirichlet,6,uniform,0.5,fixed,stage1,,
1,0.4665876591765998,0.3339005006395105,0.33389645319794026,0.38697293558940404,1.22,3.6734084116368217,8,2,0.0,0.0,dirichlet,6,uniform,0.5,adaptive,stage1,,
18,0.2816303085285814,0.5620260915872755,0.5621797938739667,0.4499599997358125,1.1400000000000001,3.9927463983250515,8,2,0.0,0.0,dirichlet,6,uniform,0.5,adaptive,stage1,,
9,0.2517820322948189,0.10407340777321411,0.10392375292809314,0.16306706467478344,1.3,2.3338451900381267,8,2,0.0,0.0,dirichlet,6,uniform,0.5,adaptive,stage1,,
1,0.4665876591765998,0.33387150832028767,0.33389645319794026,0.38697293558940404,1.22,3.6734084116368217,8,2,0.0,0.0,dirichlet,7,uniform,0.5,fixed,stage1,,
18,0.2816303085285814,0.5620727209220207,0.5621797938739667,0.4499599997358125,1.1400000000000001,3.9927463983250515,8,2,0.0,0.0,dirichlet,7,uniform,0.5,fixed,stage1,,
9,0.2517820322948189,0.10405577075769176,0.10392375292809314,0.16306706467478344,1.3,2.3338451900381267,8,2,0.0,0.0,dirichlet,7,uniform,0.5,fixed,stage1,,
1,0.4665876591765998,0.3337449641897994,0.3338964532732386,0.38697293563458307,1.22,3.6734084119232566,8,2,0.0,0.0,dirichlet,7,uniform,0.5,adaptive,stage1,,
18,0.2816303085285814,0.562269882386981,0.5621798244744586,0.4499600180961077,1.1400000000000001,3.9927465147293226,8,2,0.0,0.0,dirichlet,7,uniform,0.5,adaptive,stage1,,
9,0.2517820322948189,0.10398515342321965,0.1039237222523028,0.16306704626930923,1.3,2.3338450733474208,8,2,0.0,0.0,dirichlet,7,uniform,0.5,adaptive,stage1,,
1,0.4665876591765998,0.3337371018805292,0.3338964532732386,0.38697293563458307,1.22,3.6734084119232566,8,2,0.0,0.0,dirichlet,8,uniform,0.5,fixed,stage1,,
18,0.2816303085285814,0.562325580657388,0.5621798244744586,0.4499600180961077,1.1400000000000001,3.9927465147293226,8,2,0.0,0.0,dirichlet,8,uniform,0.5,fixed,stage1,,
9,0.2517820322948189,0.10393731746208282,0.1039237222523028,0.16306704626930923,1.3,2.3338450733474208,8,2,0.0,0.0,dirichlet,8,uniform,0.5,fixed,stage1,,
1,0.4665876591765998,0.33405448633225976,0.3338964532732386,0.38697293563458307,1.22,3.6734084119232566,8,2,0.0,0.0,dirichlet,8,uniform,0.5,adaptive,stage1,,
18,0.2816303085285814,0.5620540402988445,0.5621798244744586,0.4499600180961077,1.1400000000000001,3.9927465147293226,8,2,0.0,0.0,dirichlet,8,uniform,0.5,adaptive,stage1,,
9,0.2517820322948189,0.10389147336889573,0.1039237222523028,0.16306704626930923,1.3,2.3338450733474208,8,2,0.0,0.0,dirichlet,8,uniform,0.5,adaptive,stage1,,
1,0.4665876591765998,0.33369601362399065,0.3338964534238351,0.38697293572494096,1.22,3.6734084124961255,8,2,0.0,0.0,dirichlet,9,uniform,0.5,fixed,stage1,,
18,0.2816303085285814,0.5623936850619143,0.5621798856754673,0.4499600548167129,1.1400000000000001,3.99274674753796,8,2,0.0,0.0,dirichlet,9,uniform,0.5,fixed,stage1,,
9,0.2517820322948189,0.10391030131409501,0.10392366090069757,0.1630670094583461,1.3,2.333844839965914,8,2,0.0,0.0,dirichlet,9,uniform,0.5,fixed,stage1,,
1,0.4665876591765998,0.3339009273718341,0.3338964529720455,0.38697293545386724,1.22,3.673408410777518,8,2,0.0,0.0,dirichlet,9,uniform,0.5,adaptive,stage1,,
18,0.2816303085285814,0.5619468566022349,0.5621797020725396,0.4499599446549563,1.1400000000000001,3.992746049112423,8,2,0.0,0.0,dirichlet,9,uniform,0.5,adaptive,stage1,,
9,0.2517820322948189,0.10415221602593103,0.10392384495541485,0.16306711989117645,1.3,2.3338455401100586,8,2,0.0,0.0,dirichlet,9,uniform,0.5,adaptive,stage1,,
1,0.4665876591765998,0.3338563708257873,0.3338964534238351,0.38697293572494096,1.22,3.6734084124961255,8,2,0.0,0.0,reversed,0,uniform,0.5,fixed,stage1,,
18,0.2816303085285814,0.5620479110539597,0.5621798856754673,0.4499600548167129,1.1400000000000001,3.99274674753796,8,2,0.0,0.0,reversed,0,uniform,0.5,fixed,stage1,,
9,0.2517820322948189,0.10409571812025314,0.10392366090069757,0.1630670094583461,1.3,2.333844839965914,8,2,0.0,0.0,reversed,0,uniform,0.5,fixed,stage1,,
1,0.4665876591765998,0.3338563708257873,0.3338964534238351,0.38697293572494096,1.22,3.6734084124961255,8,2,0.0,0.0,reversed,0,uniform,0.5,adaptive,stage1,,
18,0.2816303085285814,0.5620479110539597,0.5621798856754673,0.4499600548167129,1.1400000000000001,3.99274674753796,8,2,0.0,0.0,reversed,0,uniform,0.5,adaptive,stage1,,
9,0.2517820322948189,0.10409571812025314,0.10392366090069757,0.1630670094583461,1.3,2.333844839965914,8,2,0.0,0.0,reversed,0,uniform,0.5,adaptive,stage1,,
16,0.381457437556298,0.41601749834180046,0.4158443739313455,0.4020895993813265,1.22,3.801415228028116,9,2,0.0,0.0,stage0,0,uniform,0.5,fixed,stage1,,
8,0.28159936591932666,0.5389040824902321,0.5391432349961128,0.43612568736539836,1.1400000000000001,3.9399269128858574,9,2,0.0,0.0,stage0,0,uniform,0.5,fixed,stage1,,
1,0.33694319652437527,0.04507841916796734,0.045012391072541694,0.16178471325327512,1.22,2.2586578590860262,9,2,0.0,0.0,stage0,0,uniform,0.5,fixed,stage1,,
16,0.381457437556298,0.41601749834180046,0.4158443739313455,0.4020895993813265,1.22,3.801415228028116,9,2,0.0,0.0,stage0,0,uniform,0.5,adaptive,stage1,,
8,0.28159936591932666,0.5389040824902321,0.5391432349961128,0.43612568736539836,1.1400000000000001,3.9399269128858574,9,2,0.0,0.0,stage0,0,uniform,0.5,adaptive,stage1,,
1,0.33694319652437527,0.04507841916796734,0.045012391072541694,0.16178471325327512,1.22,2.2586578590860262,9,2,0.0,0.0,stage0,0,uniform,0.5,adaptive,stage1,,
16,0.381457437556298,0.41593073045559315,0.41593700554325164,0.4021451783484702,1.22,3.801772044997178,9,2,0.0,0.0,uniform,0,uniform,0.5,fixed,stage1,,
8,0.28159936591932666,0.5393586368094281,0.5393742889593048,0.43626431974331353,1.1400000000000001,3.940816932752073,9,2,0.0,0.0,uniform,0,uniform,0.5,fixed,stage1,,
1,0.33694319652437527,0.04471063273497884,0.04468870549744354,0.16159050190821622,1.22,2.257411022250748,9,2,0.0,0.0,uniform,0,uniform,0.5,fixed,stage1,,
16,0.381457437556298,0.41593073045559315,0.41593700554325164,0.4021451783484702,1.22,3.801772044997178,9,2,0.0,0.0,uniform,0,uniform,0.5,adaptive,stage1,,
8,0.28159936591932666,0.5393586368094281,0.5393742889593048,0.43626431974331353,1.1400000000000001,3.940816932752073,9,2,0.0,0.0,uniform,0,uniform,0.5,adaptive,stage1,,
1,0.33694319652437527,0.04471063273497884,0.04468870549744354,0.16159050190821622,1.22,2.257411022250748,9,2,0.0,0.0,uniform,0,uniform,0.5,adaptive,stage1,,
16,0.381457437556298,0.41586411444881577,0.4159376693088461,0.4021455766078269,1.22,3.801774601822249,9,2,0.0,0.0,dirichlet,0,uniform,0.5,fixed,stage1,,
8,0.28159936591932666,0.5392943650164582,0.5393759446108486,0.43626531313423983,1.1400000000000001,3.9408233103218198,9,2,0.0,0.0,dirichlet,0,uniform,0.5,fixed,stage1,,
1,0.33694319652437527,0.04484152053472608,0.04468638608030519,0.1615891102579332,1.22,2.2574020878559313,9,2,0.0,0.0,dirichlet,0,uniform,0.5,fixed,stage1,,
16,0.381457437556298,0.41606993866239256,0.4159375904861237,0.40214552931419345,1.22,3.801774298197122,9,2,0.0,0.0,dirichlet,0,uniform,0.5,adaptive,stage1,,
8,0.28159936591932666,0.5395567648398675,0.5393757480008355,0.436265195168232,1.1400000000000001,3.9408225529800496,9,2,0.0,0.0,dirichlet,0,uniform,0.5,adaptive,stage1,,
1,0.33694319652437527,0.04437329649773999,0.04468666151304077,0.16158927551757457,1.22,2.2574031488228288,9,2,0.0,0.0,dirichlet,0,uniform,0.5,adaptive,stage1,,
16,0.381457437556298,0.4160260612703587,0.4159385695579788,0.4021461167573065,1.22,3.801778069581908,9,2,0.0,0.0,dirichlet,1,uniform,0.5,fixed,stage1,,
8,0.28159936591932666,0.5393523763026286,0.5393781901307707,0.43626666044619306,1.1400000000000001,3.9408319600645596,9,2,0.0,0.0,dirichlet,1,uniform,0.5,fixed,stage1,,
1,0.33694319652437527,0.04462156242701286,0.04468324031125055,0.16158722279650045,1.22,2.257389970353533,9,2,0.0,0.0,dirichlet,1,uniform,0.5,fixed,stage1,,
16,0.381457437556298,0.4156821793415535,0.4157955478330897,0.402060303722373,1.22,3.8012271498976347,9,2,0.0,0.0,dirichlet,1,uniform,0.5,adaptive,stage1,,
8,0.28159936591932666,0.5392374929053455,0.5390214465129259,0.4360526142754862,1.1400000000000001,3.9394577836486215,9,2,0.0,0.0,dirichlet,1,uniform,0.5,adaptive,stage1,,
1,0.33694319652437527,0.04508032775310094,0.045183005653984434,0.16188708200214078,1.22,2.259315066453744,9,2,0.0,0.0,dirichlet,1,uniform,0.5,adaptive,stage1,,
16,0.381457437556298,0.4155705358857719,0.4157809315207759,0.4020515339349847,1.22,3.8011708478626014,9,2,0.0,0.0,dirichlet,2,uniform,0.5,fixed,stage1,,
8,0.28159936591932666,0.5391592326900321,0.5389849885822274,0.4360307395170671,1.1400000000000001,3.939317347699571,9,2,0.0,0.0,dirichlet,2,uniform,0.5,fixed,stage1,,
1,0.33694319652437527,0.04527023142419594,0.04523407989699664,0.1619177265479481,1.22,2.2595118044378264,9,2,0.0,0.0,dirichlet,2,uniform,0.5,fixed,stage1,,
16,0.381457437556298,0.4159997730083481,0.41595290981157323,0.40215472090946314,1.22,3.801833308238753,9,2,0.0,0.0,dirichlet,2,uniform,0.5,adaptive,stage1,,
8,0.28159936591932666,0.539284014196211,0.5394139594794627,0.4362881220554083,1.1400000000000001,3.9409697435957214,9,2,0.0,0.0,dirichlet,2,uniform,0.5,adaptive,stage1,,
1,0.33694319652437527,0.044716212795440934,0.04463313070896394,0.16155715703512846,1.22,2.2571969481655247,9,2,0.0,0.0,dirichlet,2,uniform,0.5,adaptive,stage1,,
16,0.381457437556298,0.4158322613216717,0.41593512631476637,0.40214405081137905,1.22,3.8017648062090537,9,2,0.0,0.0,dirichlet,3,uniform,0.5,fixed,stage1,,
8,0.28159936591932666,0.5392900732315836,0.5393696015401792,0.43626150729183816,1.1400000000000001,3.940798876813601,9,2,0.0,0.0,dirichlet,3,uniform,0.5,fixed,stage1,,
1,0.33694319652437527,0.04487766544674471,0.04469527214505448,0.1615944418967828,1.22,2.2574363169773455,9,2,0.0,0.0,dirichlet,3,uniform,0.5,fixed,stage1,,
16,0.381457437556298,0.4156042062324751,0.4158081552571292,0.40206786817679674,1.22,3.801275713695035,9,2,0.0,0.0,dirichlet,3,uniform,0.5,adaptive,stage1,,
8,0.28159936591932666,0.5390709882401319,0.539052893609981,0.43607148253371925,1.1400000000000001,3.9395789178664775,9,2,0.0,0.0,dirichlet,3,uniform,0.5,adaptive,stage1,,
1,0.33694319652437527,0.0453248055273929,0.04513895113288984,0.16186064928948402,1.22,2.259145368438487,9,2,0.0,0.0,dirichlet,3,uniform,0.5,adaptive,stage1,,
16,0.381457437556298,0.41607238647940614,0.4158475571009448,0.40209150928308607,1.22,3.8014274895974127,9,2,0.0,0.0,dirichlet,4,uniform,0.5,fixed,stage1,,
8,0.28159936591932666,0.5389401997182006,0.5391511748768543,0.4361304512938432,1.1400000000000001,3.9399574973064735,9,2,0.0,0.0,dirichlet,4,uniform,0.5,fixed,stage1,,
1,0.33694319652437527,0.04498741380239321,0.045001268022200835,0.16177803942307062,1.22,2.2586150130961133,9,2,0.0,0.0,dirichlet,4,uniform,0.5,fixed,stage1,,
16,0.381457437556298,0.4163602368851293,0.4159745374888312,0.40216769751581793,1.22,3.8019166180515507,9,2,0.0,0.0,dirichlet,4,uniform,0.5,adaptive,stage1,,
8,0.28159936591932666,0.5398048046111575,0.5394679060797889,0.43632049001560397,1.1400000000000001,3.9411775459001777,9,2,0.0,0.0,dirichlet,4,uniform,0.5,adaptive,stage1,,
1,0.33694319652437527,0.043834958503713196,0.04455755643137994,0.16151181246857807,1.22,2.256905836048271,9,2,0.0,0.0,dirichlet,4,uniform,0.5,adaptive,stage1,,
16,0.381457437556298,0.41592501255273806,0.41593629200713483,0.4021447502268001,1.22,3.8017692964560563,9,2,0.0,0.0,dirichlet,5,uniform,0.5,fixed,stage1,,
8,0.28159936591932666,0.5393875896429363,0.5393725091635712,0.43626325186587334,1.1400000000000001,3.9408100769789067,9,2,0.0,0.0,dirichlet,5,uniform,0.5,fixed,stage1,,
1,0.33694319652437527,0.044687397804325665,0.04469119882929406,0.16159199790732653,1.22,2.257420626565036,9,2,0.0,0.0,dirichlet,5,uniform,0.5,fixed,stage1,,
16,0.381457437556298,0.41576303380496654,0.41577371208183367,0.4020472022716194,1.22,3.8011430385837963,9,2,0.0,0.0,dirichlet,5,uniform,0.5,adaptive,stage1,,
8,0.28159936591932666,0.5389066414723452,0.5389669809070367,0.4360199349119526,1.1400000000000001,3.939247982134736,9,2,0.0,0.0,dirichlet,5,uniform,0.5,adaptive,stage1,,
1,0.33694319652437527,0.04533032472268832,0.04525930701112973,0.16193286281642794,1.22,2.2596089792814675,9,2,0.0,0.0,dirichlet,5,uniform,0.5,adaptive,stage1,,
16,0.381457437556298,0.41565443317523404,0.4157948615441238,0.4020598919489935,1.22,3.801224506312538,9,2,0.0,0.0,dirichlet,6,uniform,0.5,fixed,stage1,,
8,0.28159936591932666,0.5392138812001576,0.5390197346806236,0.4360515871761048,1.1400000000000001,3.939451189670593,9,2,0.0,0.0,dirichlet,6,uniform,0.5,fixed,stage1,,
1,0.33694319652437527,0.04513168562460845,0.04518540377525268,0.16188852087490171,1.22,2.259324304016869,9,2,0.0,0.0,dirichlet,6,uniform,0.5,fixed,stage1,,
16,0.381457437556298,0.41543458054485066,0.4158010096121035,0.4020635807897813,1.22,3.801248188670396,9,2,0.0,0.0,dirichlet,6,uniform,0.5,adaptive,stage1,,
8,0.28159936591932666,0.5390452048686596,0.5390350700012929,0.4360607883685064,1.1400000000000001,3.9395102613258115,9,2,0.0,0.0,dirichlet,6,uniform,0.5,adaptive,stage1,,
1,0.33694319652437527,0.045520214586489645,0.04516392038660368,0.16187563084171233,1.22,2.259241550003793,9,2,0.0,0.0,dirichlet,6,uniform,0.5,adaptive,stage1,,
16,0.381457437556298,0.41596308115943087,0.41595964182107414,0.4021587601151637,1.22,3.8018592399393514,9,2,0.0,0.0,dirichlet,7,uniform,0.5,fixed,stage1,,
8,0.28159936591932666,0.5392803018343503,0.5394307513439613,0.43629819717410745,1.1400000000000001,3.94103442585777,9,2,0.0,0.0,dirichlet,7,uniform,0.5,fixed,stage1,,
1,0.33694319652437527,0.04475661700621888,0.04460960683496454,0.16154304271072883,1.22,2.257106334202879,9,2,0.0,0.0,dirichlet,7,uniform,0.5,fixed,stage1,,
16,0.381457437556298,0.4156714554768024,0.41580743980980367,0.4020674389084014,1.22,3.8012729577919373,9,2,0.0,0.0,dirichlet,7,uniform,0.5,adaptive,stage1,,
8,0.28159936591932666,0.5391695910722352,0.5390511090470587,0.43607041179596584,1.1400000000000001,3.939572043730101,9,2,0.0,0.0,dirichlet,7,uniform,0.5,adaptive,stage1,,
1,0.33694319652437527,0.045158953450962415,0.0451414511431376,0.16186214929563267,1.22,2.2591549984779618,9,2,0.0,0.0,dirichlet,7,uniform,0.5,adaptive,stage1,,
16,0.381457437556298,0.4158203284084281,0.4159366404767216,0.40214495930855215,1.22,3.801770638760905,9,2,0.0,0.0,dirichlet,8,uniform,0.5,fixed,stage1,,
8,0.28159936591932666,0.539270528382786,0.5393733783622973,0.436263773385109,1.1400000000000001,3.9408134251324,9,2,0.0,0.0,dirichlet,8,uniform,0.5,fixed,stage1,,
1,0.33694319652437527,0.04490914320878586,0.04468998116098113,0.1615912673063388,1.22,2.257415936106695,9,2,0.0,0.0,dirichlet,8,uniform,0.5,fixed,stage1,,
16,0.381457437556298,0.41575533236286644,0.4159376236746201,0.4021455492272913,1.22,3.80177442603921,9,2,0.0,0.0,dirichlet,8,uniform,0.5,adaptive,stage1,,
8,0.28159936591932666,0.5391949204829928,0.5393758307839532,0.4362652448381026,1.1400000000000001,3.9408228718606186,9,2,0.0,0.0,dirichlet,8,uniform,0.5,adaptive,stage1,,
1,0.33694319652437527,0.04504974715414088,0.0446865455414267,0.16158920593460613,1.22,2.2574027021001712,9,2,0.0,0.0,dirichlet,8,uniform,0.5,adaptive,stage1,,
16,0.381457437556298,0.41578815126485325,0.41593487741674373,0.40214390147256546,1.22,3.80176384745387,9,2,0.0,0.0,dirichlet,9,uniform,0.5,fixed,stage1,,
8,0.28159936591932666,0.5393145557670486,0.539368980705959,0.436261134791306,1.1400000000000001,3.9407964853601847,9,2,0.0,0.0,dirichlet,9,uniform,0.5,fixed,stage1,,
1,0.33694319652437527,0.044897292968098204,0.04469614187729736,0.16159496373612853,1.22,2.2574396671859454,9,2,0.0,0.0,dirichlet,9,uniform,0.5,fixed,stage1,,
16,0.381457437556298,0.41591813030264446,0.41581048364851736,0.4020692652116296,1.22,3.801284682658662,9,2,0.0,0.0,dirichlet,9,uniform,0.5,adaptive,stage1,,
8,0.28159936591932666,0.5389710636986982,0.5390587013903599,0.4360749672019466,1.1400000000000001,3.939601289436497,9,2,0.0,0.0,dirichlet,9,uniform,0.5,adaptive,stage1,,
1,0.33694319652437527,0.04511080599865745,0.04513081496112259,0.16185576758642367,1.22,2.2591140279048396,9,2,0.0,0.0,dirichlet,9,uniform,0.5,adaptive,stage1,,
16,0.381457437556298,0.4159749371458896,0.4159363127492898,0.4021447626720931,1.22,3.8017693763548372,9,2,0.0,0.0,reversed,0,uniform,0.5,fixed,stage1,,
8,0.28159936591932666,0.539439245650653,0.5393725609013853,0.4362632829085618,1.1400000000000001,3.940810276272967,9,2,0.0,0.0,reversed,0,uniform,0.5,fixed,stage1,,
1,0.33694319652437527,0.044585817203457306,0.04469112634932491,0.16159195441934504,1.22,2.257420347372195,9,2,0.0,0.0,reversed,0,uniform,0.5,fixed,stage1,,
16,0.381457437556298,0.4158658167203573,0.41575577020735055,0.40203643714692955,1.22,3.801073926483288,9,2,0.0,0.0,reversed,0,uniform,0.5,adaptive,stage1,,
8,0.28159936591932666,0.539129991484445,0.5389222279212997,0.4359930831205105,1.1400000000000001,3.9390755936336777,9,2,0.0,0.0,reversed,0,uniform,0.5,adaptive,stage1,,
1,0.33694319652437527,0.04500419179519785,0.04532200187134975,0.16197047973255996,1.22,2.259850479883035,9,2,0.0,0.0,reversed,0,uniform,0.5,adaptive,stage1,,
